{"asof": "2026-07-08", "risk_off": false, "factor": 1.0, "index": 1.1253331530827664, "sma": 0.97636261403126, "brake_enabled": true}