{"asof": "2026-07-09", "risk_off": false, "factor": 1.0, "index": 1.1448921374567997, "sma": 0.9701614660874368, "brake_enabled": true}