{"asof": "2026-07-08", "risk_off": false, "factor": 1.0, "index": 1.1174005539311096, "sma": 0.9692331097628692, "brake_enabled": true}