{"asof": "2026-07-07", "risk_off": false, "factor": 1.0, "index": 1.1423692376195358, "sma": 0.9684732029838272, "brake_enabled": true}