{"asof": "2026-07-10", "risk_off": false, "factor": 1.0, "index": 1.1671235126338462, "sma": 0.9781253288737081, "brake_enabled": true}