{"asof": "2026-07-07", "risk_off": false, "factor": 1.0, "index": 1.1423692421561455, "sma": 0.9684732067351663, "brake_enabled": true}