date,symbol,net,net_pct
2026-07-03,2S.BK,100.0,0.2044947956074518
2026-07-03,88TH.BK,6900.0,1.8148295243831551
2026-07-03,AAI.BK,1104600.0,17.905634098707605
2026-07-03,AAV.BK,3024600.0,8.964589870013446
2026-07-03,ACC.BK,300.0,0.0325909831613253
2026-07-03,ACE.BK,-147500.0,-21.41165984638767
2026-07-03,ADB.BK,77500.0,20.01963215540401
2026-07-03,ADD.BK,-400.0,-0.1526024439281395
2026-07-03,ADVANC.BK,1127114.0,14.262310121356569
2026-07-03,ADVICE.BK,-186400.0,-4.610055807891258
2026-07-03,AE.BK,-3400.0,-0.2817237516323406
2026-07-03,AEONTS.BK,182400.0,23.367808537705574
2026-07-03,AGE.BK,107900.0,10.48773304588456
2026-07-03,AH.BK,-972400.0,-41.35931092767947
2026-07-03,AI.BK,-3700.0,-1.1145551870494712
2026-07-03,AIE.BK,-264898.0,-17.199292544709408
2026-07-03,AIT.BK,91000.0,12.22226251539535
2026-07-03,AJ.BK,87700.0,1.932270929501635
2026-07-03,AJA.BK,0.0,0.0
2026-07-03,AKP.BK,-1400.0,-0.2377305561876169
2026-07-03,AKR.BK,-2000.0,-0.1020177061930868
2026-07-03,AKS.BK,-894256.0,-1.9052015968859088
2026-07-03,ALLA.BK,500.0,0.2028389337162932
2026-07-03,ALPHAX.BK,-1300.0,-0.0658660729937954
2026-07-03,ALT.BK,340000.0,6.869167016522772
2026-07-03,AMARC.BK,1222900.0,15.730559657526848
2026-07-03,AMARIN.BK,-100.0,-1.4925373134328357
2026-07-03,AMATA.BK,2006200.0,30.5242419110835
2026-07-03,AMATAV.BK,100.0,0.0226295541977823
2026-07-03,ANAN.BK,4300.0,0.091813561247332
2026-07-03,ANI.BK,-400.0,-0.2009030592513347
2026-07-03,AOT.BK,11556700.0,38.84628153922126
2026-07-03,AP.BK,-555600.0,-6.409329103822134
2026-07-03,APO.BK,16700.0,8.048347919959904
2026-07-03,AQUA.BK,-5900.0,-0.0609019621889651
2026-07-03,ARIN.BK,3000.0,0.6065495217357021
2026-07-03,AS.BK,20800.0,4.582486968552684
2026-07-03,ASAP.BK,-100.0,-0.7751337105650725
2026-07-03,ASEFA.BK,330400.0,33.050873737459625
2026-07-03,ASIAN.BK,47500.0,6.846560648275604
2026-07-03,ASK.BK,471100.0,22.84094633565476
2026-07-03,ASP.BK,56400.0,3.208895696097095
2026-07-03,ASTR.BK,-17300.0,-6.92551270811566
2026-07-03,ATLAS.BK,825400.0,16.53208393988362
2026-07-03,AU.BK,46000.0,6.162717168794144
2026-07-03,AUCT.BK,46401.0,4.5109514597085445
2026-07-03,AURA.BK,127900.0,3.8367897439220338
2026-07-03,AWC.BK,11517602.0,18.9727891019749
2026-07-03,AYUD.BK,2400.0,11.87883587408434
2026-07-03,BA.BK,-412900.0,-8.754866700846481
2026-07-03,BAFS.BK,23101.0,5.416704769542085
2026-07-03,BAM.BK,4105501.0,15.814595741589375
2026-07-03,BANPU.BK,9579300.0,17.55275496786136
2026-07-03,BAY.BK,1082990.0,21.974305043504653
2026-07-03,BBGI.BK,-181400.0,-9.686119534404146
2026-07-03,BBIK.BK,381700.0,12.710648106523022
2026-07-03,BBL.BK,533876.0,3.9863670422611985
2026-07-03,BCH.BK,507900.0,4.619824550360726
2026-07-03,BCP.BK,339500.0,5.438645589819112
2026-07-03,BCPG.BK,674701.0,11.50194716237991
2026-07-03,BDMS.BK,-3655297.0,-3.5980957687823745
2026-07-03,BE8.BK,-9300.0,-2.0588430630271635
2026-07-03,BEAUTY.BK,-300.0,-0.0080299807360762
2026-07-03,BEC.BK,-13600.0,-0.3771372729758404
2026-07-03,BEM.BK,19379589.0,13.30111927929411
2026-07-03,BGRIM.BK,-2101900.0,-5.201991016956699
2026-07-03,BH.BK,516100.0,10.734030036565583
2026-07-03,BIG.BK,-76900.0,-2.928621236350397
2026-07-03,BIOTEC.BK,11900.0,0.5376827500077942
2026-07-03,BIS.BK,100.0,0.0471918490238366
2026-07-03,BIZ.BK,23800.0,2.4587183259227428
2026-07-03,BJC.BK,1554158.0,15.301507005832
2026-07-03,BKA.BK,-1000.0,-0.0420097286129521
2026-07-03,BKGI.BK,65200.0,5.014944843298357
2026-07-03,BKIH.BK,2800.0,18.917640699952702
2026-07-03,BLA.BK,-261400.0,-8.627353132019627
2026-07-03,BLAND.BK,152500.0,5.406070325707761
2026-07-03,BLC.BK,-19800.0,-4.114610608214259
2026-07-03,BOL.BK,2.0,0.0007748574262335
2026-07-03,BPP.BK,-63900.0,-20.14101865014199
2026-07-03,BRR.BK,200.0,0.1457715322774615
2026-07-03,BTC.BK,109800.0,6.772376598416571
2026-07-03,BTG.BK,-1847800.0,-20.25228441011413
2026-07-03,BTS.BK,18799600.0,25.80498935809794
2026-07-03,BTW.BK,-100.0,-0.0702725873663942
2026-07-03,BWG.BK,65600.0,0.1059759533130692
2026-07-03,BWG-W8.BK,-20000.0,-0.0259337706994605
2026-07-03,BYD.BK,-1300.0,-0.1255857852347826
2026-07-03,CAZ.BK,-2800.0,-0.0873497039157
2026-07-03,CBG.BK,482500.0,3.589094567769618
2026-07-03,CCET.BK,1034446.0,2.8687606467913436
2026-07-03,CCP.BK,-12100.0,-1.7298168967370793
2026-07-03,CEN.BK,-800.0,-0.0683875247477355
2026-07-03,CENTEL.BK,346100.0,9.606102609051884
2026-07-03,CFARM.BK,54100.0,4.936122379338724
2026-07-03,CFRESH.BK,900.0,0.2341311134235171
2026-07-03,CGH.BK,-84700.0,-0.7829121429303634
2026-07-03,CHAYO.BK,781500.0,8.246768643791198
2026-07-03,CHG.BK,166100.0,0.564318862376661
2026-07-03,CHO.BK,200000.0,2.825103758998309
2026-07-03,CHOW.BK,-300.0,-0.6802258349772125
2026-07-03,CI.BK,-7000.0,-2.263906856403622
2026-07-03,CIVIL.BK,-36000.0,-1.2204217235066783
2026-07-03,CK.BK,195300.0,4.760694071656124
2026-07-03,CKP.BK,1037100.0,5.953981937119498
2026-07-03,CMAN.BK,-100.0,-0.11001100110011
2026-07-03,CMO.BK,-3600.0,-0.2840456303524848
2026-07-03,CMR.BK,10000.0,3.918909916017761
2026-07-03,CNT.BK,135300.0,2.9725079266878045
2026-07-03,COCOCO.BK,468900.0,27.92595720402148
2026-07-03,COM7.BK,810200.0,5.272414709321209
2026-07-03,COMAN.BK,0.0,0.0
2026-07-03,CPALL.BK,613900.0,1.3925296579442228
2026-07-03,CPAXT.BK,1977500.0,7.749374377625309
2026-07-03,CPF.BK,-2426098.0,-4.146515177649293
2026-07-03,CPH.BK,-800.0,-2.711864406779661
2026-07-03,CPI.BK,12000.0,5.224819634872188
2026-07-03,CPN.BK,1637500.0,21.28748254426431
2026-07-03,CPW.BK,-800.0,-0.3581020590868397
2026-07-03,CRC.BK,1837400.0,14.027450102885016
2026-07-03,CREDIT.BK,-78200.0,-8.689352321012676
2026-07-03,CSS.BK,-93000.0,-5.852907006747835
2026-07-03,CTW.BK,2400.0,2.600216684723727
2026-07-03,CWT.BK,10000.0,0.2953775190533269
2026-07-03,DCC.BK,50912.0,5.064172511307154
2026-07-03,DELTA.BK,1179019.0,10.609630905977689
2026-07-03,DEMCO.BK,-23700.0,-8.442395788063806
2026-07-03,DEMCO-W8.BK,0.0,0.0
2026-07-03,DITTO.BK,328800.0,5.377652517290919
2026-07-03,DMT.BK,-41800.0,-10.258147005627256
2026-07-03,DOHOME.BK,36100.0,0.0902479558837992
2026-07-03,DRT.BK,100.0,0.0358008470480411
2026-07-03,DUSIT.BK,-5000.0,-2.8223393806658463
2026-07-03,EA.BK,328400.0,0.5396128051367458
2026-07-03,EASTW.BK,1278600.0,30.443176071368367
2026-07-03,ECF.BK,-14770.0,-0.051949575779131
2026-07-03,ECF-W6.BK,-48000.0,-0.2710952944577786
2026-07-03,EGCO.BK,551300.0,21.788851680484452
2026-07-03,EKH.BK,55500.0,10.810558116976082
2026-07-03,EMPIRE.BK,252400.0,1.525382171993125
2026-07-03,EMPIRE-W2.BK,-600.0,-0.0821018062397372
2026-07-03,EPG.BK,8487405.0,12.396650215999898
2026-07-03,ERW.BK,1253700.0,6.0216207742026215
2026-07-03,ESTAR.BK,98800.0,1.986368845372846
2026-07-03,ETC.BK,292200.0,5.349297012302285
2026-07-03,ETL.BK,-50000.0,-7.526946468356717
2026-07-03,EVER.BK,2500.0,2.2083049934192513
2026-07-03,FM.BK,-74700.0,-3.4666339958456085
2026-07-03,FORTH.BK,-931100.0,-17.332354932973246
2026-07-03,FSMART.BK,155000.0,11.75085459037658
2026-07-03,FSX.BK,-1600.0,-1.7640573318632855
2026-07-03,GABLE.BK,70100.0,9.236737178591852
2026-07-03,GBX.BK,30000.0,1.522222932592924
2026-07-03,GFC.BK,5700.0,18.75
2026-07-03,GFPT.BK,-26500.0,-0.5829954526354695
2026-07-03,GJS.BK,-100.0,-0.006414487504899
2026-07-03,GLOBAL.BK,4122228.0,12.277995617575828
2026-07-03,GLORY.BK,-1500.0,-4.2492917847025495
2026-07-03,GPI.BK,15000.0,3.573130061934254
2026-07-03,GPSC.BK,3081500.0,16.921379695113146
2026-07-03,GREEN.BK,-2700.0,-1.469707691470252
2026-07-03,GULF.BK,4063701.0,5.231768901738335
2026-07-03,GUNKUL.BK,21914201.0,16.055888721593348
2026-07-03,HANA.BK,-1988190.0,-12.95410365745795
2026-07-03,HARN.BK,121400.0,34.444602071215776
2026-07-03,HFT.BK,1000.0,0.2721829069134458
2026-07-03,HMPRO.BK,8597000.0,25.071121115970225
2026-07-03,HPT.BK,-117200.0,-1.3784070883055566
2026-07-03,HTC.BK,4600.0,1.4413014325282931
2026-07-03,HTECH.BK,99200.0,27.022609643149003
2026-07-03,HUMAN.BK,60500.0,5.8697118020015235
2026-07-03,ICHI.BK,1619700.0,14.035445891653325
2026-07-03,ICN.BK,-7800.0,-0.5452238738156234
2026-07-03,ILINK.BK,21800.0,5.756535516239768
2026-07-03,ILM.BK,12400.0,2.005657896226613
2026-07-03,INET.BK,328400.0,13.849451736305426
2026-07-03,INGRS.BK,-2731000.0,-7.987738835511691
2026-07-03,INSET.BK,19605200.0,43.24453856606985
2026-07-03,IROYAL.BK,5200.0,1.2903225806451613
2026-07-03,IRPC.BK,-4514500.0,-2.7911176515473635
2026-07-03,IT.BK,-600.0,-0.2847650688182249
2026-07-03,ITC.BK,2346100.0,32.64710539945635
2026-07-03,ITD.BK,-3345700.0,-3.2221127403928733
2026-07-03,ITEL.BK,1146600.0,12.663898413135996
2026-07-03,IVL.BK,8425992.0,31.10451859085544
2026-07-03,JAK.BK,-50000.0,-1.0671554523213085
2026-07-03,JAS.BK,781600.0,4.571305047934953
2026-07-03,JAS-W4.BK,5000.0,0.0399648373375169
2026-07-03,JCK.BK,-906500.0,-76.96918855031313
2026-07-03,JMART.BK,2073880.0,6.815085067961569
2026-07-03,JMT.BK,1459302.0,9.17489380796426
2026-07-03,JPARK.BK,35100.0,4.547798528638174
2026-07-03,JTS.BK,-60700.0,-9.426153772092064
2026-07-03,JUBILE.BK,-70.0,-0.1345377666730732
2026-07-03,KAMART.BK,216200.0,14.758082131935344
2026-07-03,KBANK.BK,-1154190.0,-6.5204650710314285
2026-07-03,KBS.BK,-7700.0,-4.396482813749001
2026-07-03,KCC.BK,-16100.0,-3.930587293216929
2026-07-03,KCE.BK,-623493.0,-3.638482399088753
2026-07-03,KCG.BK,-15700.0,-5.868917539839483
2026-07-03,KCM.BK,-100.0,-0.0486144871171609
2026-07-03,KGEN.BK,-4250500.0,-5.713094611776908
2026-07-03,KGI.BK,5173400.0,38.410217619787105
2026-07-03,KIAT.BK,-100.0,-0.0305888974537801
2026-07-03,KISS.BK,-18500.0,-6.816456768925801
2026-07-03,KKP.BK,4419665.0,22.94871725639648
2026-07-03,KLINIQ.BK,128500.0,43.4029243775818
2026-07-03,KSL.BK,76400.0,9.133217056163309
2026-07-03,KTB.BK,-4701475.0,-5.179246791513084
2026-07-03,KTC.BK,10713647.0,17.745044043742826
2026-07-03,KUMWEL.BK,-76200.0,-4.705155912318617
2026-07-03,KYE.BK,500.0,8.942944017170452
2026-07-03,LANNA.BK,21951.0,11.401162398134346
2026-07-03,LH.BK,8816003.0,28.419374928053003
2026-07-03,LHFG.BK,6324800.0,24.226920380276233
2026-07-03,LOXLEY.BK,18500.0,1.647373107747106
2026-07-03,LPN.BK,-2500.0,-0.2787683345933662
2026-07-03,LST.BK,78200.0,57.839808877153274
2026-07-03,LTS.BK,10700.0,2.4015585441617437
2026-07-03,M.BK,1808275.0,17.97515789490426
2026-07-03,MAGURO.BK,5500.0,0.3917546333888912
2026-07-03,MAJOR.BK,43900.0,5.019500588276322
2026-07-03,MALEE.BK,-19400.0,-3.3071827235502096
2026-07-03,MASTEC.BK,241000.0,5.619782754588984
2026-07-03,MASTER.BK,143700.0,2.177170466235677
2026-07-03,MBK.BK,296100.0,10.3186479330295
2026-07-03,MC.BK,266800.0,21.67609511808516
2026-07-03,MCOT.BK,900.0,4.285714285714286
2026-07-03,MCS.BK,17000.0,4.361725601276703
2026-07-03,MEB.BK,-85500.0,-12.519933051305369
2026-07-03,MEDEZE.BK,34800.0,18.780356179168916
2026-07-03,MEGA.BK,153900.0,20.958936010557096
2026-07-03,MENA.BK,-3600.0,-0.4380276103403717
2026-07-03,META.BK,-500200.0,-2.4237101847335234
2026-07-03,METCO.BK,300.0,2.959455460195324
2026-07-03,MFC.BK,8500.0,8.610821269741574
2026-07-03,MGC.BK,-2900.0,-0.1833458725050736
2026-07-03,MGI.BK,68500.0,0.912294412456428
2026-07-03,MICRO.BK,-4100.0,-0.2044479904258501
2026-07-03,MIDA.BK,146400.0,3.501889680907047
2026-07-03,MILL.BK,1197200.0,3.4989786413540753
2026-07-03,MINT.BK,7087601.0,16.985215296728022
2026-07-03,ML.BK,44800.0,1.344632246082108
2026-07-03,MMM.BK,100.0,0.0431659645003107
2026-07-03,MODERN.BK,7000.0,8.674101610904584
2026-07-03,MONO.BK,300800.0,9.494317139862211
2026-07-03,MORE.BK,-100.0,-0.0056097834623583
2026-07-03,MOSHI.BK,130300.0,17.563629403375774
2026-07-03,MOTHER.BK,5200.0,1.0738964681197312
2026-07-03,MRDIYT.BK,-722700.0,-4.171778206173469
2026-07-03,MSC.BK,100.0,0.8547008547008548
2026-07-03,MST.BK,1500.0,0.3899142188718482
2026-07-03,MTC.BK,-1181700.0,-4.715766615165829
2026-07-03,MTI.BK,-8700.0,-5.1950533537950765
2026-07-03,MTW.BK,-49000.0,-59.38458182347024
2026-07-03,MVP.BK,-700.0,-0.0040321098798327
2026-07-03,NCAP.BK,1468200.0,25.068275279781385
2026-07-03,NCP.BK,15000.0,89.74512384827091
2026-07-03,NEO.BK,15900.0,3.5330035863319424
2026-07-03,NER.BK,2055200.0,28.963004102763424
2026-07-03,NETBAY.BK,-588200.0,-18.437900449129952
2026-07-03,NEX.BK,672700.0,7.413060187723325
2026-07-03,NNCL.BK,100.0,0.1506024096385542
2026-07-03,NOBLE.BK,-5100.0,-0.4860647152280263
2026-07-03,NSL.BK,-25900.0,-5.292421620053169
2026-07-03,NTF.BK,-10500.0,-0.9468749070033572
2026-07-03,NTSC.BK,-5000.0,-9.208103130755063
2026-07-03,NVD.BK,-1400.0,-0.0389169306995095
2026-07-03,NYT.BK,148700.0,10.351750678050111
2026-07-03,OKJ.BK,57800.0,2.299920815875024
2026-07-03,ONEE.BK,13500.0,1.4645465818025205
2026-07-03,OR.BK,9520201.0,21.5703211154847
2026-07-03,ORI.BK,-1880500.0,-10.174106253052772
2026-07-03,ORI-W2.BK,-10000.0,-0.0725525766757396
2026-07-03,OSP.BK,1447001.0,13.574346135830986
2026-07-03,PACO.BK,24300.0,6.651993955719073
2026-07-03,PCE.BK,260300.0,10.430357429075173
2026-07-03,PCSGH.BK,-100.0,-0.1310615989515072
2026-07-03,PHOL.BK,10000.0,3.679893430286259
2026-07-03,PIN.BK,106800.0,17.802789103626235
2026-07-03,PK.BK,-3100.0,-2.919020715630885
2026-07-03,PLANB.BK,3201100.0,5.0318066738723575
2026-07-03,PLAT.BK,-981200.0,-11.383047194865425
2026-07-03,PLE.BK,-100.0,-0.0027470203070729
2026-07-03,PLUS.BK,20000.0,1.6680942773523673
2026-07-03,PM.BK,18500.0,4.158976307323621
2026-07-03,PMC.BK,0.0,0.0
2026-07-03,PPPM.BK,-100.0,-0.035663338088445
2026-07-03,PQS.BK,-2900.0,-1.3022002694207453
2026-07-03,PR9.BK,-650700.0,-17.224629605609717
2026-07-03,PRG.BK,-5.0,-0.0475963826749167
2026-07-03,PRM.BK,471300.0,14.154215781965611
2026-07-03,PRTR.BK,-2180600.0,-89.8631735720014
2026-07-03,PSGC.BK,70000.0,38.20022374416765
2026-07-03,PSH.BK,76400.0,7.374083186221661
2026-07-03,PSL.BK,2599200.0,23.324144680408875
2026-07-03,PSP.BK,300900.0,6.417966381288631
2026-07-03,PT.BK,137500.0,31.521514866692645
2026-07-03,PTG.BK,952200.0,17.124066759042872
2026-07-03,PTL.BK,-137992.0,-1.4939636579850435
2026-07-03,PTT.BK,29862510.0,29.950224323469417
2026-07-03,PTTEP.BK,-917016.0,-5.413162290621414
2026-07-03,PTTGC.BK,291400.0,1.4236146700120798
2026-07-03,PYLON.BK,-76200.0,-17.031700867901503
2026-07-03,QDC.BK,-17.0,-0.0050388435557636
2026-07-03,QH.BK,2278800.0,8.662572282186371
2026-07-03,QTC.BK,-5400.0,-16.77018633540373
2026-07-03,RABBIT.BK,-211510.0,-2.6051109490777233
2026-07-03,RABBIT-P.BK,-300.0,-0.0517955801104972
2026-07-03,RAM.BK,-4000.0,-3.1741749129085757
2026-07-03,RATCH.BK,2729800.0,14.07731570373609
2026-07-03,RBF.BK,-198700.0,-10.788722391567095
2026-07-03,RCL.BK,637600.0,17.710938921427154
2026-07-03,READY.BK,15500.0,14.220183486238533
2026-07-03,RJH.BK,3000.0,0.7442451245742298
2026-07-03,RML.BK,-100.0,-0.0067281168001076
2026-07-03,ROJNA.BK,954700.0,19.571650033395013
2026-07-03,RSP.BK,-1000.0,-0.99304865938431
2026-07-03,RWI.BK,-200.0,-0.0309885342423303
2026-07-03,S.BK,-3500.0,-0.1147843562696527
2026-07-03,S&J.BK,-1.0,-0.0005041415226082
2026-07-03,S11.BK,100.0,0.0665220919867488
2026-07-03,SABINA.BK,6700.0,1.6725121381944357
2026-07-03,SAK.BK,1666500.0,24.404144941144494
2026-07-03,SALEE.BK,-700.0,-0.0783522740628228
2026-07-03,SAMART.BK,24100.0,1.6172304157422954
2026-07-03,SAMTEL.BK,40000.0,12.452912424893372
2026-07-03,SANKO.BK,-4700.0,-0.0368639016125996
2026-07-03,SAPPE.BK,134200.0,17.15024741340531
2026-07-03,SAT.BK,126700.0,13.56615293026762
2026-07-03,SAUCE.BK,-43.0,-0.1249890997878092
2026-07-03,SAV.BK,242300.0,29.139442393980175
2026-07-03,SAWAD.BK,3698601.0,14.707495058500117
2026-07-03,SC.BK,1308700.0,12.161335113315914
2026-07-03,SCAP.BK,3230300.0,24.135576443384505
2026-07-03,SCB.BK,672852.0,3.44840504885794
2026-07-03,SCC.BK,342140.0,9.874820045878922
2026-07-03,SCCC.BK,1700.0,2.3794860310173003
2026-07-03,SCG.BK,600.0,0.9896907216494844
2026-07-03,SCGD.BK,-38400.0,-3.3523152363600492
2026-07-03,SCGP.BK,593400.0,9.6291261105584
2026-07-03,SCM.BK,-4700.0,-11.928934010152284
2026-07-03,SCN.BK,-100.0,-0.099403578528827
2026-07-03,SCP.BK,-700.0,-0.1130125928317726
2026-07-03,SEAFCO.BK,104440.0,14.476201036786517
2026-07-03,SEAOIL.BK,-6300.0,-2.335833540345036
2026-07-03,SECURE.BK,-99.0,-0.069137457836626
2026-07-03,SFLEX.BK,48600.0,7.376657281413404
2026-07-03,SGC.BK,15439300.0,26.2316469538682
2026-07-03,SGF.BK,-1800.0,-1.3270910900578758
2026-07-03,SGP.BK,-3900.0,-2.3550155793338323
2026-07-03,SHR.BK,381200.0,8.164454210947907
2026-07-03,SICT.BK,-23900.0,-2.3514248749268254
2026-07-03,SIMAT.BK,-24600.0,-9.724934574119024
2026-07-03,SINGER.BK,2543371.0,20.353735209882583
2026-07-03,SIRI.BK,-6602290.0,-12.04855533363488
2026-07-03,SIS.BK,60300.0,2.2685410910666883
2026-07-03,SISB.BK,830400.0,7.039790244091841
2026-07-03,SITHAI.BK,-300.0,-0.016790731516203
2026-07-03,SJWD.BK,933200.0,17.00948718182398
2026-07-03,SKE.BK,-2200.0,-0.5064083677077195
2026-07-03,SKR.BK,-58300.0,-5.101951518333771
2026-07-03,SKY.BK,-93500.0,-3.706906223994665
2026-07-03,SLP.BK,2300.0,1.1698880976602235
2026-07-03,SMD100.BK,1600.0,0.2437411834243808
2026-07-03,SMIT.BK,-2600.0,-1.5568862275449102
2026-07-03,SMO.BK,-180900.0,-20.31899359766371
2026-07-03,SMPC.BK,6000.0,0.7659900421294523
2026-07-03,SMT.BK,-4500.0,-0.4916055619160818
2026-07-03,SNC.BK,-6800.0,-0.66176055556745
2026-07-03,SNNP.BK,114400.0,14.8533812865573
2026-07-03,SO.BK,100.0,0.3382263410674423
2026-07-03,SOLAR.BK,-600.0,-0.0892923580623558
2026-07-03,SPA.BK,-25200.0,-1.649703740703232
2026-07-03,SPACK.BK,2500.0,0.6927126627874758
2026-07-03,SPALI.BK,-64700.0,-2.414142171705582
2026-07-03,SPCG.BK,52300.0,3.4016813281516773
2026-07-03,SPG.BK,-100.0,-4.761904761904762
2026-07-03,SPRC.BK,-115100.0,-0.6852818428473098
2026-07-03,SPVI.BK,74000.0,12.346111558796688
2026-07-03,SQ.BK,1800.0,2.1869077124945324
2026-07-03,SRICHA.BK,5700.0,1.809816827486355
2026-07-03,SSF.BK,2000.0,6.64451827242525
2026-07-03,SSP.BK,64320.0,11.536785161455802
2026-07-03,STA.BK,310100.0,5.766509725615669
2026-07-03,STANLY.BK,-10500.0,-11.762333646995565
2026-07-03,STARM.BK,-1000.0,-2.4154589371980677
2026-07-03,STECH.BK,-500.0,-0.727802037845706
2026-07-03,STECON.BK,3264700.0,18.69717455436358
2026-07-03,STELLA.BK,-4200.0,-0.1602380679867231
2026-07-03,STGT.BK,75400.0,1.9795455708980547
2026-07-03,STPI.BK,-618800.0,-16.70115034975793
2026-07-03,STX.BK,1300.0,0.6109022556390977
2026-07-03,SUC.BK,9600.0,14.62745695566052
2026-07-03,SUN.BK,-200.0,-0.0341712114377878
2026-07-03,SUPER.BK,-27500.0,-0.1939951106177756
2026-07-03,SUSCO.BK,47600.0,3.5661628088177117
2026-07-03,SVOA.BK,10400.0,2.4216852600866683
2026-07-03,SVT.BK,200.0,0.0302617184722068
2026-07-03,SWC.BK,30.0,0.37359900373599
2026-07-03,SYNEX.BK,875900.0,27.5129822074967
2026-07-03,SYNTEC.BK,-25500.0,-2.7345815178750477
2026-07-03,TACC.BK,535200.0,25.86419365283409
2026-07-03,TAE.BK,321500.0,25.87410617638656
2026-07-03,TAKUNI.BK,29100.0,1.272630742035562
2026-07-03,TASCO.BK,452800.0,8.064711472835743
2026-07-03,TC.BK,200.0,0.2754441536978377
2026-07-03,TCAP.BK,695341.0,14.474838726330931
2026-07-03,TCC.BK,-70100.0,-7.662190315253771
2026-07-03,TEAM.BK,-31800.0,-2.6029303429647213
2026-07-03,TEAMG.BK,236600.0,7.054286701596219
2026-07-03,TEGH.BK,2500.0,0.4866710531950928
2026-07-03,TFG.BK,5896000.0,25.531139502908367
2026-07-03,TFM.BK,57700.0,27.428517101228817
2026-07-03,TFMAMA.BK,0.0,0.0
2026-07-03,TGE.BK,-13400.0,-3.3668341708542715
2026-07-03,THAI.BK,11577300.0,20.397069578896435
2026-07-03,THANI.BK,7174100.0,27.081753366202943
2026-07-03,THCOM.BK,42600.0,0.4636051964265834
2026-07-03,THG.BK,113400.0,4.382507072299773
2026-07-03,THRE.BK,150000.0,11.66679629773664
2026-07-03,THREL.BK,-4900.0,-1.969619622234996
2026-07-03,TIDLOR.BK,2862200.0,19.009906776936788
2026-07-03,TIGER.BK,-100.0,-0.0036670333700036
2026-07-03,TIPH.BK,-201099.0,-27.6165090142052
2026-07-03,TISCO.BK,1512698.0,26.02974384406155
2026-07-03,TITLE.BK,-248300.0,-26.045463652260025
2026-07-03,TKN.BK,350000.0,32.56731897455748
2026-07-03,TKS.BK,-15998.0,-9.141557573298744
2026-07-03,TL.BK,-200.0,-0.0026918259072361
2026-07-03,TL-W2.BK,-2533.0,-0.0389031672062119
2026-07-03,TLI.BK,10800502.0,26.445478800930555
2026-07-03,TMAN.BK,1500.0,0.9183579759390208
2026-07-03,TMW.BK,-200.0,-0.2827814382263948
2026-07-03,TNDT.BK,-100.0,-0.2358490566037736
2026-07-03,TNP.BK,-200.0,-0.0401769392404147
2026-07-03,TNR.BK,-100.0,-0.2053388090349076
2026-07-03,TOA.BK,22100.0,0.4760906623110475
2026-07-03,TOG.BK,-30114.0,-24.6682394573872
2026-07-03,TOP.BK,2739595.0,20.53272921211017
2026-07-03,TPAC.BK,-200.0,-0.0899280575539568
2026-07-03,TPBI.BK,100.0,0.2695417789757413
2026-07-03,TPCS.BK,-1800.0,-0.1757623692767378
2026-07-03,TPIPL.BK,2152600.0,9.367346412137916
2026-07-03,TPIPP.BK,154500.0,3.6042198065525417
2026-07-03,TPOLY.BK,-300.0,-0.0311106824750414
2026-07-03,TQM.BK,14800.0,3.122408980723344
2026-07-03,TQR.BK,200.0,0.2393804833091958
2026-07-03,TRITN.BK,-7000.0,-0.6342590495175101
2026-07-03,TRP.BK,12000.0,7.12145040206522
2026-07-03,TRT.BK,424600.0,9.645464439562398
2026-07-03,TRUBB.BK,26500.0,1.5236715309161577
2026-07-03,TRUE.BK,-2134798.0,-1.1192757345957765
2026-07-03,TSC.BK,-54700.0,-49.77840872896703
2026-07-03,TSE.BK,459200.0,5.551406239384084
2026-07-03,TSI.BK,-500000.0,-92.85051067780871
2026-07-03,TSTH.BK,-1671800.0,-13.75931632378524
2026-07-03,TTA.BK,1054800.0,22.533444476678483
2026-07-03,TTB.BK,-13154094.0,-5.606202521080262
2026-07-03,TTW.BK,-77100.0,-3.2875282435346342
2026-07-03,TU.BK,-863097.0,-3.8254049165953785
2026-07-03,TURBO.BK,3637200.0,8.527145649588471
2026-07-03,TVDH-W6.BK,-256100.0,-99.9219664455716
2026-07-03,TVO.BK,52580.0,8.250573915444955
2026-07-03,TWZ.BK,-700.0,-0.0077817075400855
2026-07-03,UKEM.BK,-5900.0,-0.139171917654571
2026-07-03,UMI.BK,-200.0,-0.0516954825902538
2026-07-03,UMS.BK,-4778900.0,-13.635668207661618
2026-07-03,UNIQ.BK,-2900.0,-0.9687980223157612
2026-07-03,UNIX.BK,372700.0,10.562657788025852
2026-07-03,UTP.BK,188500.0,16.36378473072242
2026-07-03,UV.BK,-400.0,-0.209205020920502
2026-07-03,UVAN.BK,23342.0,4.756441736543419
2026-07-03,VCOM.BK,16200.0,4.317708735897484
2026-07-03,VGI.BK,27343400.0,27.33863186921569
2026-07-03,VIBHA.BK,-7900.0,-0.4360391309243367
2026-07-03,VIBHA-W5.BK,-2000.0,-0.0102246117139797
2026-07-03,VIH.BK,4000.0,2.3282887077997674
2026-07-03,VS.BK,-100.0,-0.0346618047708508
2026-07-03,WASH.BK,28500.0,7.769880670990537
2026-07-03,WHA.BK,11858300.0,11.543643818539987
2026-07-03,WHAUP.BK,1318000.0,21.175435915949265
2026-07-03,WICE.BK,138500.0,2.7918703959335853
2026-07-03,WINNER.BK,10000.0,1.3605053461057577
2026-07-03,WPH.BK,207500.0,31.885060120625408
2026-07-03,XO.BK,87100.0,7.738720880952529
2026-07-03,XPG.BK,560300.0,1.338597256150368
2026-07-03,YGG.BK,4900.0,0.7866961650970206
2026-07-06,2S.BK,100.0,0.0887484690889082
2026-07-06,88TH.BK,-800.0,-0.4268943436499466
2026-07-06,A5.BK,22000.0,1.552867369597963
2026-07-06,AAI.BK,-438600.0,-11.03394005747913
2026-07-06,AAV.BK,7469300.0,15.784927181343248
2026-07-06,ACE.BK,15500.0,1.0860273819032806
2026-07-06,ADD.BK,-800.0,-1.675954246449072
2026-07-06,ADVANC.BK,-1227609.0,-22.2751920486349
2026-07-06,ADVICE.BK,-461100.0,-11.901345050733646
2026-07-06,AEONTS.BK,85550.0,10.791616471879356
2026-07-06,AGE.BK,-73100.0,-8.37433626797876
2026-07-06,AH.BK,-986500.0,-49.70900204076491
2026-07-06,AI.BK,-120000.0,-52.88230602109123
2026-07-06,AIE.BK,-44600.0,-4.556464918795826
2026-07-06,AIT.BK,-70200.0,-7.963553696132572
2026-07-06,AJ.BK,58100.0,4.4370857892590445
2026-07-06,AJA.BK,300.0,0.0129298641071282
2026-07-06,AKP.BK,-1200.0,-0.1610733930915621
2026-07-06,AKR.BK,-21900.0,-0.3943647261461112
2026-07-06,ALPHAX.BK,-1200.0,-0.0528470465547248
2026-07-06,ALT.BK,548700.0,9.023296780786346
2026-07-06,AMANAH.BK,-12800.0,-0.4492706722423029
2026-07-06,AMARC.BK,-1396200.0,-30.93298097827713
2026-07-06,AMATA.BK,1079100.0,18.16880471287783
2026-07-06,AOT.BK,523125.0,2.7195425273287706
2026-07-06,AP.BK,-2172900.0,-21.19593081829228
2026-07-06,APO.BK,30900.0,21.26224815589563
2026-07-06,APURE.BK,700.0,1.2477495944813817
2026-07-06,ARIN.BK,10000.0,5.310674455655868
2026-07-06,AS.BK,65300.0,16.756479343084425
2026-07-06,ASAP.BK,-300.0,-2.608695652173913
2026-07-06,ASEFA.BK,117100.0,30.402870487925824
2026-07-06,ASIAN.BK,5300.0,2.5513519758536196
2026-07-06,ASK.BK,455300.0,12.692531032304483
2026-07-06,ASP.BK,376200.0,24.03906059798601
2026-07-06,ASTR.BK,-12100.0,-9.679922560619517
2026-07-06,ATLAS.BK,281400.0,9.261355857231624
2026-07-06,AU.BK,46700.0,9.49885891651988
2026-07-06,AUCT.BK,127000.0,10.5203427809325
2026-07-06,AURA.BK,86400.0,2.7213421256201764
2026-07-06,AWC.BK,3201500.0,16.784442617311928
2026-07-06,AYUD.BK,86.0,0.1794058744993324
2026-07-06,BA.BK,955980.0,9.525516712798964
2026-07-06,BAFS.BK,32600.0,7.579121612353504
2026-07-06,BAM.BK,-1044800.0,-8.332632832838357
2026-07-06,BANPU.BK,-668300.0,-1.2151885439668326
2026-07-06,BAY.BK,-33000.0,-0.9751254365902524
2026-07-06,BBGI.BK,-142700.0,-19.655863976462552
2026-07-06,BBIK.BK,170200.0,11.29754494126206
2026-07-06,BBL.BK,-995150.0,-7.915842224056158
2026-07-06,BCH.BK,-1192000.0,-10.878698586398908
2026-07-06,BCP.BK,1058400.0,20.97032532535309
2026-07-06,BCPG.BK,3202202.0,28.20433979452647
2026-07-06,BDMS.BK,-7904097.0,-7.938607874926036
2026-07-06,BE8.BK,18600.0,4.807145589314697
2026-07-06,BEAUTY.BK,500000.0,5.798156881890384
2026-07-06,BEC.BK,2100.0,0.6554102556099997
2026-07-06,BEM.BK,2028425.0,8.368232166322299
2026-07-06,BEYOND.BK,-5200.0,-26.936026936026938
2026-07-06,BGC.BK,100.0,0.1256218280488417
2026-07-06,BGRIM.BK,2818000.0,5.354549357572835
2026-07-06,BH.BK,-266600.0,-6.0730741623497195
2026-07-06,BIG.BK,-4000.0,-0.8583690987124464
2026-07-06,BIOTEC.BK,42600.0,1.874800307361628
2026-07-06,BIZ.BK,-41300.0,-10.724487146195791
2026-07-06,BJC.BK,718402.0,9.07894349397062
2026-07-06,BKA.BK,-300.0,-0.0362056480811006
2026-07-06,BKGI.BK,199400.0,3.7841407685183777
2026-07-06,BKIH.BK,-928.0,-20.09527934170637
2026-07-06,BLA.BK,556200.0,14.121288718659349
2026-07-06,BLAND.BK,54800.0,0.4380454285083481
2026-07-06,BLC.BK,20300.0,6.223175965665236
2026-07-06,BM.BK,1000.0,0.065138007897332
2026-07-06,BPP.BK,-18200.0,-10.810553951792055
2026-07-06,BPS.BK,-5000.0,-1.0624463464595038
2026-07-06,BR.BK,200.0,0.1238359421438478
2026-07-06,BRI.BK,1400.0,0.1286186631192414
2026-07-06,BTC.BK,-273600.0,-2.8459513377687595
2026-07-06,BTG.BK,-197100.0,-1.6624144786432875
2026-07-06,BTS.BK,-15352500.0,-16.233111735101247
2026-07-06,BWG.BK,-78300.0,-0.1030963127597158
2026-07-06,BWG-W8.BK,-10000.0,-0.2816695115287331
2026-07-06,BYD.BK,87100.0,2.37468363679391
2026-07-06,CAZ.BK,900.0,0.0825536598789213
2026-07-06,CBG.BK,-986000.0,-14.228357636262858
2026-07-06,CCET.BK,718300.0,2.443313544069665
2026-07-06,CEN.BK,-100.0,-0.0134390538906061
2026-07-06,CENTEL.BK,-627700.0,-14.231585095220344
2026-07-06,CFARM.BK,-16900.0,-0.5398496917905473
2026-07-06,CFRESH.BK,100.0,0.0065655570875188
2026-07-06,CGH.BK,-9300.0,-0.0937253026269085
2026-07-06,CHARAN.BK,-5100.0,-99.98039600078415
2026-07-06,CHASE.BK,-50000.0,-0.3247594247133608
2026-07-06,CHAYO.BK,1477400.0,24.111152183084165
2026-07-06,CHG.BK,-2286600.0,-12.117466613242271
2026-07-06,CHOW.BK,-200.0,-0.4210526315789473
2026-07-06,CITY.BK,100.0,50.0
2026-07-06,CIVIL.BK,-40400.0,-1.187239060870393
2026-07-06,CK.BK,-780000.0,-17.884526491110933
2026-07-06,CKP.BK,-496300.0,-3.691390803446122
2026-07-06,CMAN.BK,-206900.0,-29.756939450596864
2026-07-06,CMO.BK,-5400.0,-0.6012024048096193
2026-07-06,CNT.BK,64000.0,14.828544949026876
2026-07-06,COCOCO.BK,105100.0,15.087503212016026
2026-07-06,COM7.BK,-148900.0,-0.9440413019654637
2026-07-06,CPALL.BK,2637056.0,7.1125281083191565
2026-07-06,CPANEL.BK,-205.0,-1.4133057566356428
2026-07-06,CPAXT.BK,1675800.0,13.1129879771788
2026-07-06,CPF.BK,6551400.0,6.683094316532928
2026-07-06,CPL.BK,900.0,0.1860795924443415
2026-07-06,CPN.BK,-348200.0,-7.710832701282739
2026-07-06,CPW.BK,6400.0,7.207207207207207
2026-07-06,CRC.BK,921200.0,7.082349534861389
2026-07-06,CREDIT.BK,-76500.0,-10.650887573964498
2026-07-06,CSS.BK,22300.0,0.8628354708179757
2026-07-06,CTW.BK,900.0,1.4308426073131957
2026-07-06,CWT.BK,-17800.0,-1.0296754786834037
2026-07-06,DCC.BK,900.0,0.1642087056157552
2026-07-06,DELTA.BK,157316.0,1.9640175642466804
2026-07-06,DEMCO.BK,-17900.0,-3.614628137557803
2026-07-06,DEXON.BK,-700.0,-0.8535440367755545
2026-07-06,DITTO.BK,-49800.0,-0.9930767791927682
2026-07-06,DMT.BK,-46300.0,-9.843607820459397
2026-07-06,DOD.BK,4400.0,1.3045231374967383
2026-07-06,DOHOME.BK,2022400.0,10.368835006220584
2026-07-06,DPAINT.BK,-200.0,-0.0113134842024163
2026-07-06,DRT.BK,-1000.0,-1.4357089530810314
2026-07-06,DTCENT.BK,-5000.0,-1.6958983003707233
2026-07-06,DUSIT.BK,-2700.0,-0.5319316605724372
2026-07-06,EA.BK,-2235100.0,-3.850813446652563
2026-07-06,EASON.BK,150000.0,41.77109440267335
2026-07-06,EAST.BK,-13000.0,-0.7219005754102894
2026-07-06,EASTW.BK,434800.0,22.380357993076913
2026-07-06,EFORL.BK,-300.0,-0.0708933268111472
2026-07-06,EGCO.BK,-83600.0,-3.618424184923983
2026-07-06,EKH.BK,76700.0,9.62675308570697
2026-07-06,EMPIRE.BK,195300.0,1.7544324572699574
2026-07-06,EP.BK,100.0,0.9523809523809524
2026-07-06,EPG.BK,-8640533.0,-23.28059436433133
2026-07-06,ERW.BK,-1082100.0,-7.664426056243756
2026-07-06,ETC.BK,-117600.0,-2.503779088334859
2026-07-06,ETL.BK,-44100.0,-7.08092485549133
2026-07-06,EURO.BK,1.0,0.0077501356273734
2026-07-06,EVER.BK,700.0,0.0401606195291913
2026-07-06,FLOYD.BK,50000.0,6.190148996886355
2026-07-06,FM.BK,-35700.0,-2.5716514684706167
2026-07-06,FMT.BK,100.0,9.9009900990099
2026-07-06,FORTH.BK,606900.0,16.864690384681115
2026-07-06,FSMART.BK,546900.0,9.653261007126892
2026-07-06,FSX.BK,-700.0,-7.509118214975327
2026-07-06,GABLE.BK,13400.0,3.5924932975871315
2026-07-06,GFPT.BK,128000.0,5.029756115770839
2026-07-06,GJS.BK,-100.0,-0.0097723052868171
2026-07-06,GLOBAL.BK,6730200.0,15.867133468733565
2026-07-06,GPI.BK,-46500.0,-2.293917418972917
2026-07-06,GPSC.BK,1835200.0,12.714254271090876
2026-07-06,GREEN.BK,-1400.0,-0.4277408257231111
2026-07-06,GULF.BK,-2005835.0,-4.750406807765039
2026-07-06,GUNKUL.BK,6312620.0,3.7663325659567906
2026-07-06,HANA.BK,-801800.0,-4.061284982869461
2026-07-06,HANN.BK,10000.0,1.7692695570633663
2026-07-06,HARN.BK,121400.0,24.871952468756405
2026-07-06,HENG.BK,1100.0,0.0122565077599293
2026-07-06,HL.BK,700.0,0.9509965084842472
2026-07-06,HMPRO.BK,6000720.0,17.993120256383193
2026-07-06,HTC.BK,-7100.0,-3.6395511561982583
2026-07-06,HTECH.BK,440600.0,17.101899529639542
2026-07-06,HUMAN.BK,-363200.0,-29.365441273968575
2026-07-06,I2.BK,13000.0,5.548442168160478
2026-07-06,ICHI.BK,261200.0,3.1839012590793603
2026-07-06,ICN.BK,-700.0,-0.0216013313826302
2026-07-06,IHL.BK,-11100.0,-44.217822571007446
2026-07-06,ILINK.BK,50500.0,12.71079788572867
2026-07-06,ILM.BK,5800.0,2.257055243372819
2026-07-06,IND.BK,-200.0,-0.0014591509594537
2026-07-06,INET.BK,-179700.0,-7.540531932705054
2026-07-06,INGRS.BK,-496000.0,-3.7201485269299375
2026-07-06,INOX.BK,-16000.0,-27.947598253275107
2026-07-06,INSET.BK,-493500.0,-2.135891983333031
2026-07-06,IP.BK,300.0,0.2265587240212663
2026-07-06,IROYAL.BK,9800.0,5.387575590984057
2026-07-06,IRPC.BK,7766800.0,9.026124638825143
2026-07-06,ITC.BK,4410800.0,30.60031649279913
2026-07-06,ITD.BK,-15270831.0,-12.553460899478292
2026-07-06,ITEL.BK,-1448900.0,-22.090207142383424
2026-07-06,ITEL-W6.BK,20000.0,4.000600090013502
2026-07-06,ITNS.BK,-20000.0,-26.177667831572887
2026-07-06,ITTHI.BK,0.0,0.0
2026-07-06,ITTHI-W1.BK,-10000.0,-0.2184972328417946
2026-07-06,IVF-W1.BK,-500.0,-0.0126256249684359
2026-07-06,IVL.BK,852100.0,4.204062562134624
2026-07-06,JAK.BK,-7000.0,-0.1531552385874185
2026-07-06,JAS.BK,6401800.0,8.635324181708004
2026-07-06,JMART.BK,-1968610.0,-10.0431773827529
2026-07-06,JMT.BK,-215900.0,-2.1055748287550324
2026-07-06,JPARK.BK,76500.0,0.8730375200713039
2026-07-06,JR.BK,100.0,0.1329787234042553
2026-07-06,JTS.BK,-56300.0,-9.643069407833323
2026-07-06,JUBILE.BK,-5.0,-0.0125928724342022
2026-07-06,KAMART.BK,133700.0,21.190671666629683
2026-07-06,KASET.BK,187800.0,28.33861475780896
2026-07-06,KBANK.BK,-1793054.0,-10.079710513585978
2026-07-06,KBS.BK,-8000.0,-10.199008146457755
2026-07-06,KCAR.BK,-200.0,-0.5681656771114457
2026-07-06,KCC.BK,11000.0,5.907626208378089
2026-07-06,KCE.BK,1252012.0,7.777375867717298
2026-07-06,KCG.BK,34700.0,15.772655578838275
2026-07-06,KGEN.BK,411300.0,2.582320166639701
2026-07-06,KGEN-W2.BK,15290100.0,23.84238902356606
2026-07-06,KGI.BK,-610600.0,-12.403532873932694
2026-07-06,KIAT.BK,100.0,0.0275630919173989
2026-07-06,KISS.BK,-13900.0,-3.855745199042443
2026-07-06,KKP.BK,437105.0,6.856860939556467
2026-07-06,KLINIQ.BK,89100.0,18.208310428191616
2026-07-06,KSL.BK,169900.0,11.69990937562838
2026-07-06,KTB.BK,-4005241.0,-3.8484911104051536
2026-07-06,KTC.BK,1172700.0,2.403307206478662
2026-07-06,KUMWEL.BK,170700.0,3.04441366144515
2026-07-06,KUN-W4.BK,-4000.0,-0.063697077084451
2026-07-06,L&E.BK,57.0,0.4134629334107065
2026-07-06,LANNA.BK,2905.0,1.6357258287020615
2026-07-06,LEE.BK,74988.0,46.53044508839097
2026-07-06,LH.BK,1892400.0,8.281493767217556
2026-07-06,LHFG.BK,-5712800.0,-18.205715341556186
2026-07-06,LHK.BK,100.0,0.0376498936390504
2026-07-06,LOXLEY.BK,-4600.0,-1.1710794297352345
2026-07-06,LPN.BK,-55100.0,-4.942391094726172
2026-07-06,LTS.BK,19100.0,3.7814144469829856
2026-07-06,M.BK,-657400.0,-25.078862608346675
2026-07-06,MAGURO.BK,-65900.0,-6.173041885822143
2026-07-06,MAJOR.BK,-11700.0,-1.386228002516537
2026-07-06,MALEE.BK,19600.0,4.236518791986928
2026-07-06,MASTEC.BK,112100.0,2.397896866904959
2026-07-06,MASTER.BK,-188900.0,-19.00423445329878
2026-07-06,MBK.BK,-51500.0,-3.9829021358409378
2026-07-06,MC.BK,87200.0,23.96394415741453
2026-07-06,MCOT.BK,-3400.0,-0.5190015631105901
2026-07-06,MCS.BK,46600.0,4.003360761222726
2026-07-06,MEB.BK,21500.0,2.9111529655170547
2026-07-06,MEDEZE.BK,-34500.0,-9.756483819790674
2026-07-06,MEGA.BK,161900.0,15.835738689771132
2026-07-06,MFC.BK,2800.0,8.305155128433292
2026-07-06,MFEC.BK,-23100.0,-10.23482498892335
2026-07-06,MGC.BK,2555800.0,23.033073070482217
2026-07-06,MGI.BK,-22300.0,-0.9473434238860536
2026-07-06,MICRO.BK,-4600.0,-0.0227856361529187
2026-07-06,MIDA.BK,-6000.0,-0.2731913254469068
2026-07-06,MINT.BK,1402200.0,5.629286775949448
2026-07-06,MK.BK,-1944800.0,-93.69315203650604
2026-07-06,ML.BK,537150.0,17.169449343811554
2026-07-06,MMM.BK,9700.0,8.359618732440492
2026-07-06,MONO.BK,-49800.0,-0.3360432273051721
2026-07-06,MOONG.BK,20600.0,6.7027181799842515
2026-07-06,MORE.BK,-100.0,-0.0046959159618879
2026-07-06,MOSHI.BK,30600.0,5.299490486895018
2026-07-06,MRDIYT.BK,-1017400.0,-10.110876785142676
2026-07-06,MST.BK,1000.0,0.7712716727340039
2026-07-06,MTC.BK,-2616600.0,-11.0246610536089
2026-07-06,NCAP.BK,-1102400.0,-9.829049084081346
2026-07-06,NCP.BK,-240000.0,-96.15384615384616
2026-07-06,NEO.BK,75500.0,15.871280759803405
2026-07-06,NER.BK,3780500.0,37.25775804976505
2026-07-06,NETBAY.BK,572100.0,24.989833274436943
2026-07-06,NEX.BK,-62200.0,-0.8569735881291247
2026-07-06,NNCL.BK,200.0,0.0812347684809098
2026-07-06,NOBLE.BK,100.0,0.012087630485971
2026-07-06,NSL.BK,-222100.0,-42.68699344031028
2026-07-06,NTF.BK,-202800.0,-20.78220190913423
2026-07-06,NUT.BK,15000.0,48.38709677419355
2026-07-06,NV.BK,600.0,0.1226896014428297
2026-07-06,NVD.BK,-494700.0,-11.13152252766342
2026-07-06,NYT.BK,-120600.0,-8.118046902924718
2026-07-06,OKJ.BK,-66400.0,-12.130933698235715
2026-07-06,ONEE.BK,-125400.0,-24.15147248869946
2026-07-06,OR.BK,2472400.0,10.316421728844348
2026-07-06,ORI.BK,-207800.0,-4.968781323886113
2026-07-06,OSP.BK,-818100.0,-10.264898626440878
2026-07-06,PACO.BK,100.0,0.0230409437570562
2026-07-06,PAF.BK,7100.0,0.6915346419895938
2026-07-06,PAP.BK,-300.0,-0.4761904761904762
2026-07-06,PATO.BK,-21.0,-0.0543745630615468
2026-07-06,PCE.BK,-253000.0,-8.999014376725773
2026-07-06,PCSGH.BK,10000.0,4.300520362963919
2026-07-06,PDJ.BK,-9700.0,-20.507399577167018
2026-07-06,PERM.BK,-200.0,-0.0206377050871943
2026-07-06,PHOL.BK,3500.0,1.363879027827029
2026-07-06,PIN.BK,157600.0,21.018714124149117
2026-07-06,PK.BK,-2200.0,-0.3061082510087658
2026-07-06,PLANB.BK,4602700.0,11.125551340478223
2026-07-06,PLAT.BK,-144400.0,-4.251308882026473
2026-07-06,PLE.BK,14900.0,1.1888614058884546
2026-07-06,PLUS.BK,-6800.0,-0.2437372082770288
2026-07-06,PM.BK,-6700.0,-1.838457232545632
2026-07-06,PMC.BK,21000.0,21.94036400108657
2026-07-06,PMTA.BK,-200.0,-86.95652173913044
2026-07-06,PR9.BK,-584500.0,-12.268609717788392
2026-07-06,PRG.BK,-1.0,-0.006249218847644
2026-07-06,PRINC.BK,200.0,0.1196873765723929
2026-07-06,PRM.BK,468200.0,16.250173538803274
2026-07-06,PROEN-W2.BK,-50.0,-0.0259472026320842
2026-07-06,PROUD.BK,5000.0,1.3487995683841385
2026-07-06,PRTR.BK,100.0,0.0540248514316585
2026-07-06,PSGC.BK,30000.0,40.33396523212197
2026-07-06,PSH.BK,40200.0,1.6740325486895695
2026-07-06,PSL.BK,1871600.0,17.62963209964529
2026-07-06,PSP.BK,57000.0,16.730261226885823
2026-07-06,PSTC.BK,-7200.0,-1.9128586609989375
2026-07-06,PT.BK,82300.0,26.94085451283864
2026-07-06,PTG.BK,-2140600.0,-17.775434956738913
2026-07-06,PTL.BK,-20500.0,-1.0359756439599337
2026-07-06,PTT.BK,30035593.0,38.15707300845576
2026-07-06,PTTEP.BK,-467914.0,-3.613196180643902
2026-07-06,PTTGC.BK,-2022300.0,-8.172989818539257
2026-07-06,PYLON.BK,-52000.0,-13.687776552312314
2026-07-06,QH.BK,-823600.0,-5.276656388633559
2026-07-06,QLT.BK,-200.0,-0.2469135802469135
2026-07-06,QTC.BK,-5200.0,-13.333333333333334
2026-07-06,RABBIT.BK,1200.0,0.0254103506946025
2026-07-06,RABBIT-P.BK,-100.0,-47.16981132075472
2026-07-06,RAM.BK,-1000.0,-1.79768817300951
2026-07-06,RATCH.BK,624198.0,2.7835805147669377
2026-07-06,RBF.BK,-169400.0,-5.989544108714115
2026-07-06,RCL.BK,546400.0,12.845181940106754
2026-07-06,RJH.BK,-33000.0,-21.381919966825627
2026-07-06,ROCTEC.BK,110109.0,1.6313715705846117
2026-07-06,ROJNA.BK,-501000.0,-16.98908629235064
2026-07-06,RS.BK,4100.0,0.2505403421892215
2026-07-06,RWI.BK,-200.0,-0.0985221674876847
2026-07-06,SA.BK,100.0,0.6781500067815001
2026-07-06,SABINA.BK,4400.0,1.3355430500160872
2026-07-06,SAF.BK,14500.0,0.1774738011950718
2026-07-06,SAK.BK,-588600.0,-8.303489581702191
2026-07-06,SALEE.BK,-100.0,-0.0025538726669734
2026-07-06,SAMART.BK,-130414.0,-5.613514031202451
2026-07-06,SANKO.BK,5300.0,0.0400519072718242
2026-07-06,SAPPE.BK,72700.0,8.52666900456124
2026-07-06,SAT.BK,98401.0,16.52168364991177
2026-07-06,SAUCE.BK,-7.0,-0.18796992481203
2026-07-06,SAV.BK,-86100.0,-17.199360767079504
2026-07-06,SAWAD.BK,-2221400.0,-5.808211567623072
2026-07-06,SC.BK,-942200.0,-10.724689414269417
2026-07-06,SCAP.BK,587100.0,6.9450145536559456
2026-07-06,SCB.BK,-321573.0,-1.3920446281266492
2026-07-06,SCC.BK,176304.0,6.895928600009622
2026-07-06,SCCC.BK,2300.0,2.683436198387605
2026-07-06,SCG.BK,300.0,0.4563501118057774
2026-07-06,SCGD.BK,-4400.0,-2.7458640422863065
2026-07-06,SCGP.BK,1390300.0,15.334699702173948
2026-07-06,SCL.BK,-2000.0,-0.2818842836827054
2026-07-06,SCM.BK,-15700.0,-9.751552795031056
2026-07-06,SCN.BK,-100.0,-0.0140036409466461
2026-07-06,SE-ED.BK,35.0,0.1242677081484111
2026-07-06,SEAFCO.BK,-8500.0,-1.8766531106077264
2026-07-06,SEAOIL.BK,4300.0,2.3655097673548653
2026-07-06,SECURE.BK,17800.0,13.068056677189634
2026-07-06,SFLEX.BK,59000.0,11.21884156904056
2026-07-06,SGC.BK,-8919100.0,-21.26696417192165
2026-07-06,SGF.BK,-1200.0,-2.474226804123711
2026-07-06,SGP.BK,-1000.0,-1.46177459435755
2026-07-06,SHR.BK,54300.0,6.868097119699676
2026-07-06,SICT.BK,-16700.0,-0.3155442581053778
2026-07-06,SIMAT.BK,-107600.0,-16.576773106188405
2026-07-06,SINGER.BK,-266720.0,-3.3358271993484427
2026-07-06,SIRI.BK,-132800.0,-0.4838121659013776
2026-07-06,SIS.BK,-204600.0,-17.096031063638847
2026-07-06,SISB.BK,-719600.0,-14.193078329974082
2026-07-06,SITHAI.BK,-300.0,-0.1329787234042553
2026-07-06,SJWD.BK,-255400.0,-5.970047379361915
2026-07-06,SKE.BK,-200.0,-0.0793011978445934
2026-07-06,SKR.BK,-3900.0,-0.6226053639846743
2026-07-06,SKY.BK,-159100.0,-13.680902200036977
2026-07-06,SLP.BK,1000.0,7.936507936507936
2026-07-06,SMD100.BK,1000.0,0.7148116113998156
2026-07-06,SMIT.BK,-6100.0,-6.130653266331659
2026-07-06,SMO.BK,-396600.0,-11.137946528869918
2026-07-06,SMPC.BK,100.0,0.0513291688267691
2026-07-06,SMT.BK,-6964600.0,-16.58934492238873
2026-07-06,SNC.BK,400.0,0.0939639883014834
2026-07-06,SNNP.BK,-42700.0,-10.888773852662396
2026-07-06,SO.BK,2000.0,6.207324643078833
2026-07-06,SOLAR.BK,-3000.0,-0.8169712153808448
2026-07-06,SONIC.BK,-5000.0,-1.7924551975823364
2026-07-06,SPA.BK,104600.0,5.754578768685189
2026-07-06,SPACK.BK,7900.0,2.540192926045016
2026-07-06,SPALI.BK,-1270700.0,-31.01337868392176
2026-07-06,SPCG.BK,46600.0,2.764499085816934
2026-07-06,SPRC.BK,5864400.0,24.52901768068526
2026-07-06,SPVI.BK,173000.0,23.772585674062736
2026-07-06,SQ.BK,-1800.0,-0.1380791653881558
2026-07-06,SR.BK,-90000.0,-3.2569741768992952
2026-07-06,SRICHA.BK,-62500.0,-18.058364634498695
2026-07-06,SSP.BK,-2000.0,-0.7405103597399327
2026-07-06,SSSC.BK,100.0,0.1491379824613732
2026-07-06,STA.BK,1128500.0,7.732154071922942
2026-07-06,STANLY.BK,-5405.0,-5.711236501194024
2026-07-06,STARM.BK,-1000.0,-1.937984496124031
2026-07-06,STECON.BK,-3042600.0,-14.382214269183471
2026-07-06,STELLA.BK,-117200.0,-0.7261012328851991
2026-07-06,STGT.BK,-887920.0,-9.375447102878931
2026-07-06,STPI.BK,579800.0,9.51009713814638
2026-07-06,STX.BK,500.0,0.1837559720690922
2026-07-06,SUC.BK,19700.0,6.829866973606205
2026-07-06,SUN.BK,-5000.0,-1.4388323587642158
2026-07-06,SUPER.BK,-2500.0,-0.0252252004999836
2026-07-06,SUSCO.BK,13800.0,2.7799713139191953
2026-07-06,SVOA.BK,99200.0,8.145823376870789
2026-07-06,SVT.BK,400.0,0.0707113562438127
2026-07-06,SYNEX.BK,-59500.0,-3.15910808025515
2026-07-06,SYNTEC.BK,100.0,0.0047569213205213
2026-07-06,TACC.BK,966700.0,44.07614271058931
2026-07-06,TAE.BK,4200.0,0.4239383876209991
2026-07-06,TASCO.BK,231700.0,16.1020747839563
2026-07-06,TATG.BK,-100.0,-0.0181192573278806
2026-07-06,TBN.BK,1000.0,47.61904761904761
2026-07-06,TC.BK,200.0,0.0355659249985773
2026-07-06,TCAP.BK,-376900.0,-12.92219119768724
2026-07-06,TCJ.BK,5600.0,34.5679012345679
2026-07-06,TEAM.BK,-28100.0,-1.1947487179836045
2026-07-06,TEAMG.BK,34800.0,2.3164481128935632
2026-07-06,TEGH.BK,39700.0,2.302008429873691
2026-07-06,TFG.BK,905200.0,5.888398456448587
2026-07-06,TFM.BK,35100.0,10.471985201981026
2026-07-06,TFMAMA.BK,300.0,6.368074718743366
2026-07-06,TH.BK,1300.0,0.0573596893752206
2026-07-06,THAI.BK,-5755600.0,-13.963602006677036
2026-07-06,THANI.BK,13098900.0,42.56909764100922
2026-07-06,THCOM.BK,403300.0,12.358742454287515
2026-07-06,THG.BK,-111100.0,-11.045834745960716
2026-07-06,THRE.BK,100000.0,34.961612149859455
2026-07-06,TIDLOR.BK,239800.0,1.0973302659337345
2026-07-06,TIGER.BK,-100.0,-0.0075329056149525
2026-07-06,TIPH.BK,2900.0,0.4909903274905484
2026-07-06,TISCO.BK,445608.0,11.615885011059136
2026-07-06,TITLE.BK,-101500.0,-18.01872171815169
2026-07-06,TKC.BK,100.0,0.1109877913429522
2026-07-06,TKN.BK,195000.0,16.319207037176827
2026-07-06,TKS.BK,-18600.0,-9.81924148999071
2026-07-06,TKT.BK,-200.0,-2.73972602739726
2026-07-06,TLI.BK,732300.0,5.0295398757415875
2026-07-06,TMAN.BK,8700.0,3.833443489755453
2026-07-06,TMW.BK,3600.0,2.9399274817887826
2026-07-06,TNDT.BK,-100.0,-0.0299311583358275
2026-07-06,TNDT-W2.BK,-133501.0,-0.6651677004756835
2026-07-06,TNP.BK,-100.0,-0.0604609543157029
2026-07-06,TNR.BK,-200.0,-0.0764993880048959
2026-07-06,TOA.BK,843500.0,23.543413524218735
2026-07-06,TOG.BK,45805.0,10.502265306871124
2026-07-06,TOP.BK,1200195.0,6.87012754551965
2026-07-06,TPAC.BK,-1500.0,-2.365930599369085
2026-07-06,TPBI.BK,-15000.0,-6.221484861053505
2026-07-06,TPCS.BK,-5100.0,-100.0
2026-07-06,TPIPL.BK,57400.0,0.7364582772008427
2026-07-06,TPIPP.BK,78500.0,6.229209517279907
2026-07-06,TPOLY.BK,3600.0,1.5719837561678531
2026-07-06,TQM.BK,-71900.0,-22.35348981812529
2026-07-06,TQR.BK,900.0,1.227730335852454
2026-07-06,TRC.BK,100.0,0.0080514584814466
2026-07-06,TRT.BK,142300.0,7.034059082141794
2026-07-06,TRUBB.BK,310900.0,11.157994546974296
2026-07-06,TRUE.BK,5449566.0,5.210274056044488
2026-07-06,TSE.BK,183100.0,4.978492694041579
2026-07-06,TSI.BK,-1000000.0,-66.40106241699867
2026-07-06,TSTH.BK,-518100.0,-22.01304892411807
2026-07-06,TTA.BK,482400.0,12.156651457412156
2026-07-06,TTB.BK,-12264600.0,-4.74539478561414
2026-07-06,TTW.BK,-341800.0,-4.68805313163458
2026-07-06,TU.BK,807800.0,6.758645489800578
2026-07-06,TURBO.BK,-791500.0,-4.452473460107975
2026-07-06,TVO.BK,21300.0,2.103840842958652
2026-07-06,TYCN.BK,900.0,44.97751124437781
2026-07-06,UBA.BK,40000.0,5.581135761127389
2026-07-06,UBE.BK,1481000.0,65.95609844515512
2026-07-06,UBIS.BK,30200.0,26.010938374746996
2026-07-06,UEC.BK,10000.0,5.1359749364423095
2026-07-06,UKEM.BK,916300.0,14.394852226151407
2026-07-06,UMI.BK,-3000.0,-1.271725307333616
2026-07-06,UMS.BK,-2215200.0,-7.728939477295926
2026-07-06,UNIQ.BK,-29500.0,-1.5384599338097171
2026-07-06,UNIX.BK,-19900.0,-0.4818863987927172
2026-07-06,UREKA.BK,442400.0,1.23711840671677
2026-07-06,UTP.BK,-124400.0,-13.147951445587667
2026-07-06,UV.BK,200.0,0.0630811349557801
2026-07-06,UVAN.BK,63600.0,20.021028375715375
2026-07-06,VCOM.BK,31200.0,14.059120403749098
2026-07-06,VGI.BK,3085086.0,4.908373639742227
2026-07-06,VIBHA.BK,-66000.0,-3.2990135949351145
2026-07-06,VIBHA-W5.BK,-1800.0,-2.698124803261733
2026-07-06,VIH.BK,2300.0,1.5570840554592722
2026-07-06,VPO.BK,-100000.0,-4.729695535309306
2026-07-06,VS.BK,-100.0,-0.0095957870656466
2026-07-06,WACOAL.BK,-100.0,-3.7037037037037033
2026-07-06,WARRIX.BK,3100.0,0.33267085331147
2026-07-06,WASH.BK,37200.0,8.05892547660312
2026-07-06,WHA.BK,-11028700.0,-28.01348554924321
2026-07-06,WHAUP.BK,1378900.0,12.640790250612902
2026-07-06,WICE.BK,-299000.0,-4.376445123403311
2026-07-06,WIIK.BK,3800.0,0.0540238145504614
2026-07-06,WINNER.BK,1000.0,0.3128421711246676
2026-07-06,WORK.BK,-2061.0,-1.3449139933700502
2026-07-06,WPH.BK,69500.0,25.38553134291287
2026-07-06,XO.BK,-95700.0,-15.8768079155095
2026-07-06,XPG.BK,234400.0,1.6935314900042626
2026-07-06,XYZ.BK,200.0,0.0131926034349581
2026-07-07,88TH.BK,-49100.0,-0.8984208104268048
2026-07-07,A5.BK,-22000.0,-9.86989681471512
2026-07-07,AAI.BK,454700.0,29.579582216861866
2026-07-07,AAV.BK,-17918300.0,-35.960224058267514
2026-07-07,ACC.BK,-100000.0,-8.227635640801175
2026-07-07,ACE.BK,-16100.0,-2.2706406168244597
2026-07-07,ADD.BK,-300.0,-0.0563720101695106
2026-07-07,ADVANC.BK,894458.0,10.637022882743585
2026-07-07,ADVICE.BK,-476400.0,-23.15829795260035
2026-07-07,AE.BK,-35000.0,-5.938685616164084
2026-07-07,AEONTS.BK,266856.0,35.43654961868554
2026-07-07,AGE.BK,-3500.0,-0.720312821568224
2026-07-07,AH.BK,-838500.0,-53.96273771599576
2026-07-07,AIE.BK,-78700.0,-11.94694161330771
2026-07-07,AIT.BK,14400.0,2.979811775222865
2026-07-07,AJ.BK,-106700.0,-2.750418942679155
2026-07-07,AJA.BK,-627400.0,-24.571054170284377
2026-07-07,AKP.BK,-16100.0,-3.284909818003754
2026-07-07,AKR.BK,-10000.0,-0.5260201108008762
2026-07-07,ALPHAX.BK,-1700.0,-0.1290518484779473
2026-07-07,ALT.BK,-1319000.0,-32.498082514577945
2026-07-07,ALUCON.BK,-300.0,-22.988505747126435
2026-07-07,AMANAH.BK,-4200.0,-0.0342278705814875
2026-07-07,AMARC.BK,32300.0,1.583900121121774
2026-07-07,AMARIN.BK,-300.0,-1.344688480502017
2026-07-07,AMATA.BK,3535900.0,16.499281635677534
2026-07-07,ANAN.BK,5200.0,0.4591120948666853
2026-07-07,AOT.BK,435048.0,1.7173681769286189
2026-07-07,AP.BK,423200.0,6.549408727056178
2026-07-07,APO.BK,-74400.0,-25.07549611734254
2026-07-07,AQUA.BK,-26900.0,-0.155950617570243
2026-07-07,ARROW.BK,-25000.0,-38.52080123266564
2026-07-07,AS.BK,61400.0,12.483455355382016
2026-07-07,ASAP.BK,-200.0,-0.3139224611520954
2026-07-07,ASEFA.BK,109100.0,20.79338880778218
2026-07-07,ASIA.BK,100.0,1.8867924528301887
2026-07-07,ASIAN.BK,112300.0,15.87692064084511
2026-07-07,ASK.BK,660100.0,21.893370232445836
2026-07-07,ASP.BK,-93800.0,-4.05972206052102
2026-07-07,ASTR.BK,700.0,10.9375
2026-07-07,ATLAS.BK,-672600.0,-21.74798719565428
2026-07-07,AU.BK,-21300.0,-1.2348864107417723
2026-07-07,AUCT.BK,-234600.0,-19.428925413133825
2026-07-07,AURA.BK,69500.0,2.463618207946392
2026-07-07,AWC.BK,-6966400.0,-14.45452209881553
2026-07-07,AYUD.BK,1595.0,10.69249849165382
2026-07-07,BA.BK,4009300.0,41.13488493302616
2026-07-07,BAFS.BK,176700.0,23.253396219711036
2026-07-07,BAM.BK,-2426500.0,-14.962968426009184
2026-07-07,BANPU.BK,-6279356.0,-12.101156619209853
2026-07-07,BAY.BK,-242600.0,-11.04521618301732
2026-07-07,BBGI.BK,-311100.0,-25.265055691134492
2026-07-07,BBIK.BK,-332900.0,-15.775030718424944
2026-07-07,BBL.BK,-1218411.0,-6.908822175531264
2026-07-07,BCH.BK,1347800.0,12.858408581609156
2026-07-07,BCP.BK,193900.0,3.051245022843424
2026-07-07,BCPG.BK,-991600.0,-14.857494066966304
2026-07-07,BDMS.BK,7571253.0,8.96496501939232
2026-07-07,BE8.BK,-23200.0,-10.829987862944636
2026-07-07,BEAUTY.BK,-5000.0,-0.3510102073768305
2026-07-07,BEC.BK,-200.0,-0.0526570760578806
2026-07-07,BEM.BK,-138918.0,-0.4381356046065077
2026-07-07,BEYOND.BK,-900.0,-90.0
2026-07-07,BGC.BK,100.0,0.0284900284900284
2026-07-07,BGRIM.BK,571200.0,1.9640956979495896
2026-07-07,BH.BK,-35421.0,-0.8734650678087643
2026-07-07,BIG.BK,-2500.0,-0.8077544426494345
2026-07-07,BIOTEC.BK,-8900.0,-0.4169506850406059
2026-07-07,BIZ.BK,-3000.0,-3.3689695445153176
2026-07-07,BJC.BK,-1417964.0,-24.777365005364487
2026-07-07,BKA.BK,-228900.0,-26.173909563367957
2026-07-07,BKGI.BK,-137700.0,-7.217904176425077
2026-07-07,BKIH.BK,-1798.0,-27.135526712948987
2026-07-07,BLA.BK,226400.0,10.703489696945628
2026-07-07,BLAND.BK,494500.0,5.401533270823375
2026-07-07,BLC.BK,-37800.0,-11.39553041973537
2026-07-07,BM.BK,1400.0,0.0143567450141588
2026-07-07,BOL.BK,5100.0,1.3106193575909273
2026-07-07,BPP.BK,-27900.0,-19.69421032569565
2026-07-07,BR.BK,400.0,0.2022244691607684
2026-07-07,BSM.BK,5300.0,0.1779765742531699
2026-07-07,BTC.BK,200.0,0.0108753989232267
2026-07-07,BTG.BK,-1067080.0,-12.438141785351483
2026-07-07,BTS.BK,-16108400.0,-35.70273982688901
2026-07-07,BWG.BK,-10200.0,-0.0082073116718882
2026-07-07,BYD.BK,-11000.0,-0.705892922460871
2026-07-07,CAZ.BK,-700.0,-0.0784050179211469
2026-07-07,CBG.BK,-212400.0,-4.0451325571274985
2026-07-07,CCET.BK,-2729980.0,-9.857266814083834
2026-07-07,CENTEL.BK,-1182400.0,-40.59274191887219
2026-07-07,CFARM.BK,-11531.0,-0.2366531405027201
2026-07-07,CGD.BK,7500000.0,87.03276748882848
2026-07-07,CGH.BK,10400.0,0.4021647289931767
2026-07-07,CHAYO.BK,-651400.0,-8.323046649053769
2026-07-07,CHG.BK,-2936900.0,-18.391619698702826
2026-07-07,CHOW.BK,-200.0,-0.1371742112482853
2026-07-07,CIVIL.BK,-2400.0,-0.3597122302158274
2026-07-07,CK.BK,-1391200.0,-21.830035473807648
2026-07-07,CKP.BK,-1428200.0,-8.855720276306906
2026-07-07,CMAN.BK,-100.0,-0.0148831671379669
2026-07-07,CMC.BK,-100.0,-0.0145815106445027
2026-07-07,CNT.BK,-16400.0,-4.073036498380719
2026-07-07,COCOCO.BK,600.0,0.1970605139995073
2026-07-07,COM7.BK,2166000.0,17.834723003532034
2026-07-07,COMAN.BK,-100.0,-0.0209073803052477
2026-07-07,CPALL.BK,4504043.0,13.221903071048292
2026-07-07,CPAXT.BK,-3016500.0,-11.372073354604431
2026-07-07,CPF.BK,16510651.0,21.196657284145623
2026-07-07,CPL.BK,500.0,0.1189060642092746
2026-07-07,CPN.BK,1167778.0,22.903863741606287
2026-07-07,CPW.BK,-600.0,-0.922636896249481
2026-07-07,CRC.BK,2019800.0,15.19825223861572
2026-07-07,CREDIT.BK,168900.0,21.78033966497737
2026-07-07,CSS.BK,-55600.0,-4.132861077145502
2026-07-07,CTW.BK,4803.0,3.197651194375649
2026-07-07,CWT.BK,39500.0,0.5757421607967689
2026-07-07,CWT-W8.BK,0.0,0.0
2026-07-07,DCC.BK,64300.0,3.2874118201627245
2026-07-07,DELTA.BK,-516359.0,-5.015456486488954
2026-07-07,DEMCO.BK,-41500.0,-10.474375638873816
2026-07-07,DIMET.BK,-800.0,-0.0088531810586191
2026-07-07,DITTO.BK,-668400.0,-10.5332696252274
2026-07-07,DMT.BK,19200.0,9.390360208348616
2026-07-07,DOHOME.BK,-114400.0,-0.6643607618313128
2026-07-07,DPAINT.BK,-200.0,-0.0113371679414367
2026-07-07,DRT.BK,-14900.0,-12.304185900559055
2026-07-07,DUSIT.BK,3200.0,1.6053860702657414
2026-07-07,EA.BK,-12214161.0,-23.974334884382085
2026-07-07,EAST.BK,-16000.0,-0.995805170718349
2026-07-07,EASTW.BK,-87800.0,-8.699917261606908
2026-07-07,EGCO.BK,98700.0,6.487590757253679
2026-07-07,EKH.BK,59700.0,10.992248347480253
2026-07-07,EMC-W7.BK,1000000.0,100.0
2026-07-07,EMPIRE.BK,977600.0,2.172867139531988
2026-07-07,EPG.BK,-6072980.0,-25.70799775353776
2026-07-07,ERW.BK,-1114000.0,-3.260687708893294
2026-07-07,ESTAR.BK,-1200.0,-0.7100591715976331
2026-07-07,ETC.BK,-500.0,-0.0112410071942446
2026-07-07,ETL.BK,-52600.0,-8.143662883321127
2026-07-07,EVER.BK,-100.0,-0.1558700667123885
2026-07-07,FM.BK,-209400.0,-8.009727956130867
2026-07-07,FNS.BK,11700.0,11.25
2026-07-07,FORTH.BK,-684900.0,-18.06440518284111
2026-07-07,FSMART.BK,-371800.0,-17.777922287814903
2026-07-07,GABLE.BK,48100.0,7.775609803411246
2026-07-07,GBX.BK,40000.0,2.183285746801077
2026-07-07,GENCO.BK,9000.0,14.539345083278135
2026-07-07,GFPT.BK,132200.0,2.611766105084271
2026-07-07,GJS.BK,-9000.0,-2.3846555365077515
2026-07-07,GLOBAL.BK,2433800.0,14.727995027168545
2026-07-07,GLORY.BK,111900.0,21.40397857689365
2026-07-07,GPSC.BK,1075076.0,8.21688474138362
2026-07-07,GRAND.BK,-15000000.0,-97.48869131180784
2026-07-07,GREEN.BK,-1400.0,-0.6263982102908278
2026-07-07,GULF.BK,-4551518.0,-4.8469451214888934
2026-07-07,GUNKUL.BK,-36087900.0,-17.3437436133138
2026-07-07,HANA.BK,-417189.0,-2.8563091418611837
2026-07-07,HARN.BK,252200.0,30.247061645478535
2026-07-07,HENG.BK,13500.0,0.1752290503286388
2026-07-07,HL.BK,200.0,1.2870841109466504
2026-07-07,HMPRO.BK,-1389997.0,-5.092081890817909
2026-07-07,HTC.BK,1500.0,0.931237428294718
2026-07-07,HTECH.BK,-181400.0,-8.634657821933745
2026-07-07,HUMAN.BK,-109600.0,-21.060317826329243
2026-07-07,ICHI.BK,222900.0,2.976023981225815
2026-07-07,IHL.BK,-9100.0,-18.21384252031544
2026-07-07,III.BK,-1200.0,-0.7879082349542356
2026-07-07,ILINK.BK,33300.0,6.186451856214226
2026-07-07,ILM.BK,-5700.0,-3.084599191510317
2026-07-07,IND.BK,25000.0,1.403455194412227
2026-07-07,INET.BK,-249100.0,-14.9881827415077
2026-07-07,INGRS.BK,-250000.0,-9.570843382718886
2026-07-07,INOX.BK,100.0,0.6013229104028863
2026-07-07,INSET.BK,-5310400.0,-40.94549678181843
2026-07-07,IP.BK,-1000.0,-0.4248268830451591
2026-07-07,IROYAL.BK,-7100.0,-4.132712456344587
2026-07-07,IRPC.BK,-1088300.0,-0.6529715831962926
2026-07-07,IT.BK,-8900.0,-5.207388640871565
2026-07-07,ITC.BK,409400.0,5.6946887360197405
2026-07-07,ITD.BK,-2000.0,-0.0092695540431454
2026-07-07,ITEL.BK,-1795600.0,-24.45743743916628
2026-07-07,ITEL-W6.BK,40000.0,1.8315982755502236
2026-07-07,ITTHI.BK,1600.0,0.1873097635214235
2026-07-07,IVL.BK,351602.0,1.8365940004310437
2026-07-07,J.BK,-100.0,-0.0312009559972917
2026-07-07,JAK.BK,-18100.0,-0.9319722076619442
2026-07-07,JAS.BK,-1517400.0,-17.049407551626874
2026-07-07,JCK.BK,-12200.0,-12.854147569828577
2026-07-07,JDF.BK,-50000.0,-31.659996960640292
2026-07-07,JMART.BK,-504000.0,-4.220329326365101
2026-07-07,JMT.BK,-2056400.0,-15.475568183785091
2026-07-07,JPARK.BK,23100.0,1.6086339772743892
2026-07-07,JTS.BK,70400.0,12.117665283921715
2026-07-07,KAMART.BK,-49000.0,-8.213910340977858
2026-07-07,KASET.BK,62200.0,38.02513816207757
2026-07-07,KBANK.BK,2142692.0,10.255092734823332
2026-07-07,KBS.BK,-6300.0,-6.583072100313479
2026-07-07,KCC.BK,38000.0,6.362856989765847
2026-07-07,KCE.BK,-682798.0,-4.7511745935830705
2026-07-07,KCG.BK,-101500.0,-31.163360484858902
2026-07-07,KGEN.BK,-895900.0,-7.879440254555437
2026-07-07,KGEN-W2.BK,18000000.0,35.22118010794627
2026-07-07,KGI.BK,-826200.0,-15.010751164368816
2026-07-07,KISS.BK,-55700.0,-30.05838990642505
2026-07-07,KJL.BK,-100.0,-0.0149320591309541
2026-07-07,KKP.BK,882704.0,14.296797382889723
2026-07-07,KLINIQ.BK,128500.0,39.33826005498173
2026-07-07,KOOL.BK,-3000.0,-1.1494252873563218
2026-07-07,KSL.BK,64200.0,6.912375413046731
2026-07-07,KTB.BK,11103451.0,6.687430204702157
2026-07-07,KTC.BK,13433904.0,19.12273669071716
2026-07-07,KTIS.BK,-200.0,-0.3262642740619902
2026-07-07,KUMWEL.BK,-13200.0,-1.000985819367559
2026-07-07,LANNA.BK,4500.0,6.344104212485196
2026-07-07,LEE.BK,18586.0,28.630404978665062
2026-07-07,LH.BK,-2643080.0,-9.65414726398863
2026-07-07,LHFG.BK,-1006400.0,-3.658126555040011
2026-07-07,LOXLEY.BK,-11100.0,-2.7973719824294796
2026-07-07,LPN.BK,-28800.0,-9.624703405407212
2026-07-07,LTS.BK,-29000.0,-6.922381012624991
2026-07-07,M.BK,-921700.0,-32.501650295360555
2026-07-07,MAGURO.BK,1960.0,0.0923095761765938
2026-07-07,MAJOR.BK,-43800.0,-6.265637271100393
2026-07-07,MALEE.BK,11800.0,1.7904315091668577
2026-07-07,MASTEC.BK,-203100.0,-7.289228773755044
2026-07-07,MASTER.BK,-77400.0,-5.189246593802672
2026-07-07,MATI.BK,0.0,0.0
2026-07-07,MBK.BK,160400.0,10.665801344795302
2026-07-07,MC.BK,-168500.0,-9.301683687551751
2026-07-07,MCOT.BK,21900.0,0.2738118472509978
2026-07-07,MCS.BK,-5800.0,-0.734078718551688
2026-07-07,MDX.BK,1200.0,1.310043668122271
2026-07-07,MEB.BK,-145500.0,-16.733466357682154
2026-07-07,MEDEZE.BK,-10900.0,-3.01302233782891
2026-07-07,MEGA.BK,22400.0,4.13671854801179
2026-07-07,METCO.BK,1700.0,17.791732077446362
2026-07-07,MFC.BK,100.0,1.4705882352941175
2026-07-07,MFEC.BK,-200.0,-0.3418686540631089
2026-07-07,MGC.BK,47000.0,1.9545057595542064
2026-07-07,MGI.BK,14400.0,0.6022400821723135
2026-07-07,MICRO.BK,-6300.0,-0.0883585505831664
2026-07-07,MIDA.BK,-13000.0,-0.2682220796289457
2026-07-07,MINT.BK,1211514.0,4.8934326490092594
2026-07-07,MJD.BK,2700.0,1.010857356795208
2026-07-07,MK.BK,-4600.0,-2.628571428571429
2026-07-07,ML.BK,71300.0,3.71447415444919
2026-07-07,MMM.BK,6700.0,1.7000459266138384
2026-07-07,MONO.BK,-368700.0,-3.980058041703495
2026-07-07,MORE.BK,-100.0,-0.0153999442522018
2026-07-07,MOSHI.BK,-34100.0,-7.621372025765154
2026-07-07,MRDIYT.BK,7278000.0,29.95521041621444
2026-07-07,MST.BK,2600.0,2.1757322175732217
2026-07-07,MTC.BK,844800.0,4.932385507264146
2026-07-07,MTI.BK,-4500.0,-3.3993563885237728
2026-07-07,NCAP.BK,-650200.0,-1.161754208116027
2026-07-07,NCL.BK,-100.0,-0.0092559339792741
2026-07-07,NCP.BK,-63300.0,-60.171102661596954
2026-07-07,NDR.BK,-100.0,-0.392156862745098
2026-07-07,NEO.BK,-166100.0,-20.381243366279534
2026-07-07,NER.BK,676900.0,11.82748127242661
2026-07-07,NETBAY.BK,-524900.0,-23.015691360850436
2026-07-07,NEX.BK,1166100.0,29.77553825011452
2026-07-07,NNCL.BK,-347.0,-0.1993565437205561
2026-07-07,NOBLE.BK,-1000.0,-0.2553808750370302
2026-07-07,NSL.BK,-67300.0,-23.90424096043191
2026-07-07,NTF.BK,145900.0,19.479097686540065
2026-07-07,NTSC.BK,17900.0,6.280701754385964
2026-07-07,NUT.BK,3300.0,9.065934065934066
2026-07-07,NV.BK,3000.0,0.9633911368015412
2026-07-07,NVD.BK,-1000.0,-0.0220442224738202
2026-07-07,NYT.BK,-115400.0,-12.154738030637525
2026-07-07,OGC.BK,1000.0,45.45454545454545
2026-07-07,OHTL.BK,200.0,12.886597938144329
2026-07-07,OKJ.BK,252300.0,16.26734409655955
2026-07-07,ONEE.BK,89200.0,12.22024944652682
2026-07-07,OR.BK,1390200.0,6.391204026155113
2026-07-07,ORI.BK,-101900.0,-3.0463742466277623
2026-07-07,OSP.BK,2131000.0,20.031898754215185
2026-07-07,PACO.BK,1300.0,1.5292138664408137
2026-07-07,PAF.BK,3800.0,0.0498988563313441
2026-07-07,PAP.BK,-300.0,-0.8715356458079135
2026-07-07,PCC.BK,9300.0,1.6361717100633355
2026-07-07,PCE.BK,-6100.0,-0.4118516037906551
2026-07-07,PCSGH.BK,11500.0,41.07142857142857
2026-07-07,PERM.BK,-100.0,-0.2550890260700985
2026-07-07,PF.BK,17100.0,4.979615608619685
2026-07-07,PHG.BK,-100.0,-0.2122691572914455
2026-07-07,PHOL.BK,15000.0,12.090533917977815
2026-07-07,PIMO.BK,-3000.0,-0.5508559383188244
2026-07-07,PIN.BK,69900.0,14.635892904627998
2026-07-07,PK.BK,-6400.0,-8.387942332896461
2026-07-07,PLANB.BK,-970900.0,-2.103000862449123
2026-07-07,PLAT.BK,632700.0,10.184469770137143
2026-07-07,PLUS.BK,6700.0,1.3757191725973168
2026-07-07,PM.BK,4800.0,2.0310067023221174
2026-07-07,PMC.BK,28700.0,2.894671283347974
2026-07-07,PPPM.BK,-1600.0,-0.227467237609433
2026-07-07,PR9.BK,-31500.0,-1.0479753116978
2026-07-07,PREB.BK,1500.0,1.3134736123151285
2026-07-07,PRG.BK,-7000.0,-69.93006993006993
2026-07-07,PRINC.BK,200.0,0.0774290459580102
2026-07-07,PRM.BK,-354600.0,-16.640036039333552
2026-07-07,PROEN.BK,200000.0,64.0
2026-07-07,PRTR.BK,100.0,0.0183250870441634
2026-07-07,PSGC.BK,40200.0,66.63241119822314
2026-07-07,PSH.BK,50800.0,2.74890733638996
2026-07-07,PSL.BK,691900.0,14.865078838199237
2026-07-07,PSP.BK,1985800.0,23.20646013252153
2026-07-07,PSTC.BK,-8700.0,-4.488469277201672
2026-07-07,PT.BK,18500.0,11.100177602841644
2026-07-07,PTG.BK,-3591499.0,-22.96127301961762
2026-07-07,PTL.BK,-15800.0,-1.3283640188224135
2026-07-07,PTT.BK,-2625919.0,-1.318279145243405
2026-07-07,PTTEP.BK,-1437026.0,-9.228864900981916
2026-07-07,PTTGC.BK,248000.0,0.9802272743891316
2026-07-07,PYLON.BK,-38900.0,-10.677133368100348
2026-07-07,QDC.BK,-83.0,-0.033724209106349
2026-07-07,QH.BK,-1382200.0,-12.466348210485569
2026-07-07,QLT.BK,-100.0,-0.0999000999000999
2026-07-07,RABBIT.BK,-100.0,-0.0024684348888587
2026-07-07,RABBIT-P.BK,-100.0,-0.0309885342423303
2026-07-07,RAM.BK,-500.0,-0.9253946808313748
2026-07-07,RATCH.BK,-1136300.0,-8.238611296257721
2026-07-07,RBF.BK,-783800.0,-31.304617331207485
2026-07-07,RCL.BK,-676100.0,-20.009446850221256
2026-07-07,RJH.BK,-17800.0,-10.989621598928204
2026-07-07,ROCTEC.BK,-21300.0,-0.2231485272406731
2026-07-07,ROJNA.BK,-667100.0,-14.07089783549473
2026-07-07,RPC.BK,-1900.0,-2.5568908207619536
2026-07-07,RSP.BK,20000.0,11.627906976744184
2026-07-07,RWI.BK,2900.0,5.5876685934489405
2026-07-07,SABINA.BK,10300.0,3.1240805952131807
2026-07-07,SAFE.BK,2000.0,2.389200812328276
2026-07-07,SAK.BK,-12600.0,-0.2794206678153961
2026-07-07,SAMART.BK,60090.0,1.3310971904744922
2026-07-07,SAMTEL.BK,40500.0,33.19672131147541
2026-07-07,SANKO.BK,1300.0,0.0166069667502976
2026-07-07,SAPPE.BK,-51500.0,-7.116818077547061
2026-07-07,SAT.BK,-4100.0,-0.2965897245404849
2026-07-07,SAUCE.BK,-1400.0,-6.032922520037921
2026-07-07,SAV.BK,-523600.0,-21.664258607363863
2026-07-07,SAWAD.BK,-4532400.0,-15.55586155049834
2026-07-07,SC.BK,1612900.0,15.167096662806168
2026-07-07,SCAP.BK,1163500.0,10.68609408061108
2026-07-07,SCB.BK,4404956.0,17.858283516805887
2026-07-07,SCC.BK,-1020701.0,-33.06928473283951
2026-07-07,SCCC.BK,4300.0,10.192230202185405
2026-07-07,SCG.BK,-900.0,-4.148995021205974
2026-07-07,SCGD.BK,-17900.0,-11.973884890161344
2026-07-07,SCGP.BK,524000.0,5.4514106097142685
2026-07-07,SCM.BK,-300.0,-0.0826881361818477
2026-07-07,SCN.BK,100.0,0.0742726847347351
2026-07-07,SCP.BK,-7000.0,-4.771415133565542
2026-07-07,SE.BK,-20000.0,-2.150519135319266
2026-07-07,SE-ED.BK,95.0,2.3543990086741013
2026-07-07,SEAFCO.BK,-90900.0,-12.939907014881603
2026-07-07,SEAOIL.BK,4400.0,3.3460076045627374
2026-07-07,SECURE.BK,31600.0,27.24255355834303
2026-07-07,SENA.BK,-200.0,-0.0771253827347118
2026-07-07,SFLEX.BK,15200.0,2.735781137508999
2026-07-07,SGC.BK,-7993700.0,-21.83959155097929
2026-07-07,SGF.BK,-1100.0,-1.7027863777089782
2026-07-07,SGP.BK,-4200.0,-12.142237640936688
2026-07-07,SHR.BK,-161700.0,-13.50313152400835
2026-07-07,SICT.BK,-8000.0,-0.5034172592831716
2026-07-07,SIMAT.BK,-201400.0,-33.119116998954134
2026-07-07,SINGER.BK,-403700.0,-8.078055183702219
2026-07-07,SIRI.BK,-5812100.0,-10.821007675410506
2026-07-07,SIS.BK,41900.0,3.932699220781171
2026-07-07,SISB.BK,-375300.0,-12.654284147853827
2026-07-07,SITHAI.BK,-300.0,-0.0378787878787878
2026-07-07,SJWD.BK,-67600.0,-1.7457762415865077
2026-07-07,SKR.BK,-14300.0,-22.01558025679712
2026-07-07,SKY.BK,17200.0,1.7698914706666216
2026-07-07,SMD100.BK,400.0,0.1457725947521866
2026-07-07,SMIT.BK,-23400.0,-10.688738454792118
2026-07-07,SMO.BK,-99500.0,-15.051583819925574
2026-07-07,SMPC.BK,200.0,0.0388125682858623
2026-07-07,SMT.BK,-2518000.0,-8.825257620941166
2026-07-07,SNC.BK,-300.0,-0.211337555388051
2026-07-07,SNNP.BK,2400.0,0.942644037972844
2026-07-07,SO.BK,9600.0,84.20314007543197
2026-07-07,SOLAR.BK,-300.0,-0.0617106183403957
2026-07-07,SPA.BK,-131400.0,-9.03136233358306
2026-07-07,SPACK.BK,15800.0,6.499382969971205
2026-07-07,SPALI.BK,-1284800.0,-27.39461983994787
2026-07-07,SPC.BK,1000.0,31.25
2026-07-07,SPCG.BK,-18300.0,-2.3757255374916753
2026-07-07,SPRC.BK,2433600.0,3.9526300289567184
2026-07-07,SPVI.BK,-297100.0,-33.78474421503063
2026-07-07,SQ.BK,90000.0,11.219147344801796
2026-07-07,SR.BK,-95000.0,-3.766052800060256
2026-07-07,SRICHA.BK,-269200.0,-34.20054324488453
2026-07-07,SSP.BK,-60600.0,-11.541538109930292
2026-07-07,STA.BK,-2101900.0,-19.499823361417384
2026-07-07,STANLY.BK,2000.0,1.6274187511188505
2026-07-07,STARM.BK,-4000.0,-37.735849056603776
2026-07-07,STECH.BK,-1500.0,-0.5181329252748695
2026-07-07,STECON.BK,490400.0,5.34690557652595
2026-07-07,STELLA.BK,-28500.0,-0.0076234966330893
2026-07-07,STGT.BK,-1198815.0,-22.176909885694517
2026-07-07,STOWER.BK,1200.0,0.2304147465437788
2026-07-07,STPI.BK,-77500.0,-1.5005886179869266
2026-07-07,SUC.BK,6400.0,9.398634260958955
2026-07-07,SUPER.BK,-900000.0,-9.797793145072005
2026-07-07,SUSCO.BK,14900.0,2.423071544033227
2026-07-07,SVOA.BK,15200.0,4.2016226003068295
2026-07-07,SVT.BK,300.0,0.0196598582393155
2026-07-07,SYNEX.BK,-136200.0,-8.229393435699253
2026-07-07,TACC.BK,-636200.0,-29.50929320094196
2026-07-07,TAE.BK,-35400.0,-4.596161037018572
2026-07-07,TAKUNI.BK,25800.0,0.7996528638730473
2026-07-07,TASCO.BK,-424300.0,-24.609727309373213
2026-07-07,TC.BK,200.0,0.1976186947285213
2026-07-07,TCAP.BK,-20400.0,-0.6425316249971259
2026-07-07,TCJ.BK,900.0,2.535211267605634
2026-07-07,TEAM.BK,-119900.0,-10.794984428752652
2026-07-07,TEAMG.BK,-156700.0,-8.064619889812692
2026-07-07,TEGH.BK,6300.0,0.4158152354702276
2026-07-07,TFG.BK,-2666300.0,-12.056827482096429
2026-07-07,TFI.BK,-100.0,-0.0399335505718484
2026-07-07,TFM.BK,106700.0,12.101525790313564
2026-07-07,TFMAMA.BK,2000.0,19.025875190258752
2026-07-07,TGE.BK,-25000.0,-0.7978782820723134
2026-07-07,TGPRO.BK,-69600.0,-20.513787859138656
2026-07-07,TH.BK,9800.0,0.1367109112465789
2026-07-07,THAI.BK,7447820.0,14.288754309752072
2026-07-07,THANI.BK,12503210.0,18.726591031061627
2026-07-07,THCOM.BK,-336300.0,-7.190800394029348
2026-07-07,THG.BK,-152200.0,-30.102074115974077
2026-07-07,THRE.BK,0.0,0.0
2026-07-07,TIDLOR.BK,49800.0,0.174483119161144
2026-07-07,TIGER.BK,-6700.0,-0.0297907254890914
2026-07-07,TIPH.BK,-56100.0,-10.77994123875168
2026-07-07,TISCO.BK,1083400.0,18.590227895877565
2026-07-07,TITLE.BK,-19600.0,-4.349292574248637
2026-07-07,TKN.BK,-680200.0,-41.033226537554576
2026-07-07,TKS.BK,1100.0,0.9598603839441536
2026-07-07,TLI.BK,891900.0,4.748712499400354
2026-07-07,TMAN.BK,4200.0,1.3604252300576236
2026-07-07,TMD.BK,-5000.0,-22.624434389140273
2026-07-07,TMW.BK,-2800.0,-2.8100600148531742
2026-07-07,TNDT.BK,-200.0,-0.0478697941598851
2026-07-07,TNDT-W2.BK,-15400.0,-0.5479089446490999
2026-07-07,TNP.BK,-200.0,-0.0369202596232656
2026-07-07,TNR.BK,-100.0,-0.1378758841291069
2026-07-07,TOA.BK,640400.0,10.470788152443818
2026-07-07,TOG.BK,-29101.0,-13.97521046135819
2026-07-07,TOP.BK,1345500.0,8.124814542276752
2026-07-07,TPAC.BK,1000.0,2.564102564102564
2026-07-07,TPCH.BK,900.0,0.3477091760451558
2026-07-07,TPCS.BK,-500.0,-45.45454545454545
2026-07-07,TPIPL.BK,-3185900.0,-14.186736712575218
2026-07-07,TPIPP.BK,-24200.0,-1.9496789474956293
2026-07-07,TPOLY.BK,14400.0,1.842843815147408
2026-07-07,TPP.BK,-3000.0,-15.873015873015872
2026-07-07,TQM.BK,-59000.0,-12.134724233249967
2026-07-07,TQR.BK,-100.0,-0.2890173410404624
2026-07-07,TRC.BK,300.0,0.0117205813408345
2026-07-07,TRT.BK,669300.0,23.618196138656067
2026-07-07,TRUBB.BK,-176600.0,-6.568745492356487
2026-07-07,TRUE.BK,-4870680.0,-4.736721490048171
2026-07-07,TSC.BK,-200.0,-4.150238638721727
2026-07-07,TSE.BK,-147700.0,-3.9816751287372343
2026-07-07,TSTH.BK,-527400.0,-21.295221051985536
2026-07-07,TTA.BK,-555400.0,-16.747231686220683
2026-07-07,TTB.BK,53711895.0,13.85773877933315
2026-07-07,TTW.BK,72000.0,2.5853367598620727
2026-07-07,TU.BK,-1657900.0,-13.459795932964225
2026-07-07,TURBO.BK,-601200.0,-2.437498950926724
2026-07-07,TVO.BK,-111500.0,-9.036828113855927
2026-07-07,UBE.BK,-75800.0,-7.913994301506477
2026-07-07,UBIS.BK,-15900.0,-4.599230568973995
2026-07-07,UKEM.BK,942300.0,11.904040021223375
2026-07-07,UMI.BK,-2100.0,-0.6517690875232774
2026-07-07,UMS.BK,795400.0,2.1396771218076975
2026-07-07,UNIQ.BK,-6100.0,-1.5826561640565813
2026-07-07,UNIX.BK,-299600.0,-2.775379016170751
2026-07-07,UREKA.BK,-415400.0,-1.4000106905005063
2026-07-07,UTP.BK,42300.0,2.339306768836673
2026-07-07,UV.BK,-800.0,-0.4011915388704452
2026-07-07,UVAN.BK,-88100.0,-16.155385097803343
2026-07-07,VCOM.BK,22200.0,19.131663765318255
2026-07-07,VGI.BK,-23095000.0,-21.98622332488968
2026-07-07,VIBHA.BK,-93000.0,-3.6233295671484784
2026-07-07,VIBHA-W5.BK,500000.0,6.558666418486729
2026-07-07,VIH.BK,3500.0,1.5479739232735668
2026-07-07,WASH.BK,2300.0,0.8662867559820866
2026-07-07,WAVE.BK,-100.0,-0.006328228773064
2026-07-07,WGE.BK,10000.0,1.4442518775274409
2026-07-07,WHA.BK,385195.0,0.4786421318052903
2026-07-07,WHAUP.BK,-1795494.0,-17.93459678686466
2026-07-07,WICE.BK,-47300.0,-1.3247622429877226
2026-07-07,WIIK.BK,-11200.0,-0.6631531392307779
2026-07-07,WORK.BK,-700.0,-2.1536473556287112
2026-07-07,WPH.BK,12300.0,3.416847000258347
2026-07-07,XO.BK,101200.0,11.742972782295496
2026-07-07,XPG.BK,317700.0,1.915570896201381
2026-07-07,XYZ.BK,-100.0,-0.0798122815138793
2026-07-07,YGG.BK,-100.0,-0.0244546610583977
2026-07-07,ZAA.BK,-3700.0,-10.586552217453503
2026-07-08,88TH.BK,-700.0,-0.0786895270984248
2026-07-08,AAI.BK,109500.0,2.8741002360174366
2026-07-08,AAV.BK,-19643800.0,-14.73846218532324
2026-07-08,ACE.BK,-40800.0,-4.993250544912942
2026-07-08,ADB.BK,269900.0,18.81359346605781
2026-07-08,ADD.BK,-400.0,-5.633009435290804
2026-07-08,ADVANC.BK,1978719.0,23.775061981341075
2026-07-08,ADVICE.BK,-177000.0,-7.488712986401428
2026-07-08,AE.BK,1800.0,0.1470942751725293
2026-07-08,AEONTS.BK,8634.0,1.9148667200422271
2026-07-08,AGE.BK,-94400.0,-13.820870392738186
2026-07-08,AH.BK,-410800.0,-69.50424926781977
2026-07-08,AI.BK,26.0,0.0175223409847555
2026-07-08,AIE.BK,-239700.0,-8.80963363023428
2026-07-08,AIT.BK,-2900.0,-0.5098282581981263
2026-07-08,AJ.BK,180000.0,1.114036419459716
2026-07-08,AJA.BK,0.0,0.0
2026-07-08,AKP.BK,-1700.0,-0.1419861354714774
2026-07-08,AKR.BK,-100.0,-0.0057631672523005
2026-07-08,ALLA.BK,100.0,0.0297791873259778
2026-07-08,ALPHAX.BK,97700.0,0.7433213301267299
2026-07-08,ALT.BK,122400.0,2.290329588532185
2026-07-08,AMA.BK,-100.0,-0.0532597638462071
2026-07-08,AMANAH.BK,700.0,0.0041387835831246
2026-07-08,AMARC.BK,-436000.0,-12.781231055342731
2026-07-08,AMATA.BK,427720.0,4.38011025236837
2026-07-08,ANAN.BK,90000.0,1.8848945181612728
2026-07-08,AOT.BK,-1755601.0,-3.8568467426711384
2026-07-08,AP.BK,-406900.0,-3.406993840784789
2026-07-08,APCS.BK,-100.0,-0.1798561151079137
2026-07-08,APO.BK,-23600.0,-1.236953676608944
2026-07-08,AS.BK,-199900.0,-21.45701619741743
2026-07-08,ASAP.BK,-200.0,-0.6430661393524324
2026-07-08,ASEFA.BK,103900.0,13.08791704351638
2026-07-08,ASIAN.BK,-176800.0,-32.69134049288483
2026-07-08,ASIMAR.BK,300.0,0.014409651007859
2026-07-08,ASK.BK,464300.0,12.403620158033288
2026-07-08,ASP.BK,-94700.0,-8.761703859960772
2026-07-08,ASTR.BK,-1100.0,-1.2557077625570776
2026-07-08,ASW.BK,200.0,0.1189718453128067
2026-07-08,ATLAS.BK,-244800.0,-10.307785072575564
2026-07-08,AU.BK,-42400.0,-3.257661843944168
2026-07-08,AUCT.BK,-95900.0,-16.594164529670504
2026-07-08,AURA.BK,-272200.0,-15.412909699148155
2026-07-08,AWC.BK,-5030400.0,-6.8128834464674135
2026-07-08,AYUD.BK,-400.0,-1.8467220683287169
2026-07-08,BA.BK,7323180.0,22.83906808663151
2026-07-08,BAFS.BK,18800.0,1.4472559872518302
2026-07-08,BAM.BK,3719130.0,19.537675637905927
2026-07-08,BANPU.BK,7267996.0,14.709721161781216
2026-07-08,BAY.BK,1809700.0,43.81387202824308
2026-07-08,BBGI.BK,-281687.0,-19.465096303810483
2026-07-08,BBIK.BK,-33200.0,-0.4855521188280585
2026-07-08,BBL.BK,720543.0,5.597241707177247
2026-07-08,BCH.BK,-4925800.0,-23.769168168384805
2026-07-08,BCP.BK,1139083.0,13.23398537234166
2026-07-08,BCPG.BK,-609000.0,-4.977329856231175
2026-07-08,BDMS.BK,-599002.0,-0.4845523370188579
2026-07-08,BE8.BK,-11600.0,-1.8957036165449168
2026-07-08,BEAUTY.BK,1499000.0,27.59111187027061
2026-07-08,BEC.BK,-14000.0,-1.1960322484466532
2026-07-08,BEM.BK,-6149491.0,-15.036046464886924
2026-07-08,BGC.BK,1800.0,0.8928084281115615
2026-07-08,BGRIM.BK,8025591.0,10.899091594680016
2026-07-08,BH.BK,-1667562.0,-30.2189875466157
2026-07-08,BIG.BK,-2700.0,-0.2427730072382322
2026-07-08,BIOTEC.BK,-100.0,-0.0044052863436123
2026-07-08,BIZ.BK,-800.0,-0.266137939293936
2026-07-08,BJC.BK,-373205.0,-3.6738749253323473
2026-07-08,BJCHI.BK,-200.0,-0.7068886296963913
2026-07-08,BKD.BK,-400.0,-0.7218783274079154
2026-07-08,BKGI.BK,-20300.0,-0.9783085382721048
2026-07-08,BKIH.BK,-800.0,-19.474196689386563
2026-07-08,BLA.BK,717100.0,21.88216525718791
2026-07-08,BLAND.BK,96300.0,2.4743653946510027
2026-07-08,BLC.BK,1900.0,0.852683259583711
2026-07-08,BM.BK,12400.0,0.3150228023158241
2026-07-08,BOL.BK,-100.0,-0.0214277296249075
2026-07-08,BPP.BK,-32400.0,-15.885935063788894
2026-07-08,BR.BK,2800.0,1.3182674199623352
2026-07-08,BRI.BK,1300.0,0.2497972798997736
2026-07-08,BRR.BK,-100.0,-0.2487314695055218
2026-07-08,BSM.BK,-1500.0,-0.1932665919369177
2026-07-08,BTC.BK,-12600.0,-1.839160992271145
2026-07-08,BTG.BK,-588320.0,-6.063255652508008
2026-07-08,BTS.BK,-19519900.0,-32.77468550916272
2026-07-08,BWG.BK,49900.0,0.2151205149097054
2026-07-08,BWG-W7.BK,-100.0,-0.02154949487984
2026-07-08,BWG-W8.BK,-100.0,-0.0030537726612834
2026-07-08,BYD.BK,-1007500.0,-12.036563915229616
2026-07-08,CAZ.BK,-1100.0,-0.0228010983496357
2026-07-08,CBG.BK,977700.0,14.345983388768666
2026-07-08,CCET.BK,1400104.0,2.21946729291154
2026-07-08,CENTEL.BK,367500.0,6.034848416923784
2026-07-08,CFARM.BK,-43900.0,-2.265678988898173
2026-07-08,CFRESH.BK,-700.0,-0.0167487755448735
2026-07-08,CGD.BK,-7800.0,-0.5536626916524702
2026-07-08,CGH.BK,-1700.0,-0.05288980564552
2026-07-08,CHAYO.BK,-355125.0,-10.280024837061063
2026-07-08,CHG.BK,-999300.0,-3.036691086711494
2026-07-08,CHOW.BK,-200.0,-0.1437700828834527
2026-07-08,CIVIL.BK,0.0,0.0
2026-07-08,CK.BK,-1425700.0,-14.450348553718465
2026-07-08,CKP.BK,1711100.0,8.093908065294864
2026-07-08,CMAN.BK,-100.0,-0.0199481348493915
2026-07-08,CNT.BK,45200.0,4.413597003441043
2026-07-08,COCOCO.BK,-417200.0,-27.709625441846313
2026-07-08,COM7.BK,3325100.0,15.64174012771273
2026-07-08,COMAN.BK,100.0,0.0626959247648902
2026-07-08,CPALL.BK,37199.0,0.0796484906280218
2026-07-08,CPANEL.BK,-10.0,-0.3831417624521072
2026-07-08,CPAXT.BK,-9601400.0,-29.35089296088772
2026-07-08,CPF.BK,5868500.0,10.007181263091637
2026-07-08,CPL.BK,0.0,0.0
2026-07-08,CPN.BK,61818.0,1.24481077136464
2026-07-08,CPW.BK,-1600.0,-0.5488493031329004
2026-07-08,CRC.BK,3101800.0,8.906797818101584
2026-07-08,CREDIT.BK,-18000.0,-2.2193206659441547
2026-07-08,CSS.BK,-7200.0,-0.438326275468583
2026-07-08,CTW.BK,15400.0,4.421475739305197
2026-07-08,CWT.BK,11800.0,0.4428260860591217
2026-07-08,CWT-W8.BK,200000.0,1.804661132913924
2026-07-08,DCC.BK,-1600.0,-0.1546309056925435
2026-07-08,DELTA.BK,-1588919.0,-8.458621630080243
2026-07-08,DEMCO.BK,-51100.0,-5.045732505082761
2026-07-08,DEMCO-W8.BK,0.0,0.0
2026-07-08,DIMET.BK,-8700.0,-63.47584999270393
2026-07-08,DITTO.BK,-30800.0,-0.1505820804097553
2026-07-08,DMT.BK,28200.0,6.9163925862157765
2026-07-08,DOHOME.BK,-4607000.0,-16.125385283652072
2026-07-08,DPAINT.BK,20000.0,1.0653598252809886
2026-07-08,DRT.BK,-100.0,-0.0514231352685573
2026-07-08,DTCENT.BK,-436.0,-0.026672098965722
2026-07-08,DUSIT.BK,21000.0,5.0895395420868565
2026-07-08,EA.BK,-12813100.0,-17.224245682260246
2026-07-08,EA-W1.BK,50000.0,0.5461418301933637
2026-07-08,EAST.BK,-100.0,-0.0061674372879557
2026-07-08,EASTW.BK,-164200.0,-7.724525179270611
2026-07-08,EFORL.BK,-100.0,-0.0020151096955189
2026-07-08,EGCO.BK,134600.0,5.231719299991293
2026-07-08,EKH.BK,-800.0,-0.355138859293984
2026-07-08,EMPIRE.BK,-1962400.0,-15.011388965787663
2026-07-08,EPG.BK,-1120873.0,-4.524502086915804
2026-07-08,ERW.BK,11900.0,0.0321423494442223
2026-07-08,ETC.BK,-527100.0,-10.737110476739112
2026-07-08,ETL.BK,-3900.0,-0.240711023330453
2026-07-08,EVER.BK,-6900.0,-0.3399852180339985
2026-07-08,FM.BK,-414700.0,-13.789558109005007
2026-07-08,FMT.BK,-1.0,-0.0904159132007233
2026-07-08,FNS.BK,100000.0,48.970637205931325
2026-07-08,FORTH.BK,-280500.0,-4.7401598168963295
2026-07-08,FPT.BK,700.0,0.271520943961956
2026-07-08,FSMART.BK,-350800.0,-6.378977450642026
2026-07-08,FSX.BK,-1000.0,-3.861003861003861
2026-07-08,FTE.BK,-89.0,-0.0287989541773044
2026-07-08,FTI.BK,-100.0,-0.3846153846153846
2026-07-08,GABLE.BK,280500.0,27.62697574735648
2026-07-08,GC.BK,1900.0,1.1356233077718472
2026-07-08,GFC.BK,-900.0,-11.683759574191871
2026-07-08,GFPT.BK,-265700.0,-12.158825284499123
2026-07-08,GGC.BK,-10400.0,-12.191976741459754
2026-07-08,GJS.BK,-406000.0,-27.443558199269972
2026-07-08,GLOBAL.BK,42997.0,0.1475345344969244
2026-07-08,GLORY.BK,-400.0,-1.020408163265306
2026-07-08,GPSC.BK,1367300.0,7.990025120106036
2026-07-08,GRAND.BK,-10046500.0,-50.862065561311354
2026-07-08,GREEN.BK,-400.0,-0.3940886699507389
2026-07-08,GULF.BK,9057004.0,14.041563847824614
2026-07-08,GUNKUL.BK,80508238.0,16.631427486066727
2026-07-08,HANA.BK,-486987.0,-1.70223167481208
2026-07-08,HARN.BK,141400.0,26.906836505764797
2026-07-08,HFT.BK,300.0,0.5274354331123965
2026-07-08,HMPRO.BK,-5792294.0,-12.13815715370471
2026-07-08,HTC.BK,700.0,0.2545547110804029
2026-07-08,HTECH.BK,389300.0,29.023669984545062
2026-07-08,HUMAN.BK,-147500.0,-17.170189756788627
2026-07-08,ICHI.BK,936900.0,7.317913876690847
2026-07-08,ICN.BK,-300.0,-0.0419516465322069
2026-07-08,IHL.BK,-10000.0,-28.08121086181236
2026-07-08,ILINK.BK,215400.0,30.806151505053553
2026-07-08,ILM.BK,1800.0,0.3933368733651936
2026-07-08,IND.BK,3000.0,0.1932491625869621
2026-07-08,INET.BK,216100.0,6.007882809309355
2026-07-08,INGRS.BK,-1307900.0,-19.691651531692507
2026-07-08,INOX.BK,0.0,0.0
2026-07-08,INSET.BK,3888900.0,19.80130365074348
2026-07-08,IP.BK,-100.0,-0.0032327391127812
2026-07-08,IRCP.BK,99000.0,7.569033021626792
2026-07-08,IROYAL.BK,-11400.0,-3.228547153780799
2026-07-08,IRPC.BK,-19186800.0,-6.1177046528251395
2026-07-08,ITC.BK,-2448400.0,-22.0661262790945
2026-07-08,ITD.BK,-16900.0,-0.1548768710546491
2026-07-08,ITEL.BK,416000.0,7.3613374417618225
2026-07-08,ITNS.BK,-100.0,-0.0697350069735007
2026-07-08,ITTHI.BK,-800.0,-0.1629991850040749
2026-07-08,IVF-W1.BK,-63.0,-0.0020898496004904
2026-07-08,IVL.BK,-1307100.0,-4.493668022616926
2026-07-08,JAS.BK,-13149300.0,-9.416131260094952
2026-07-08,JAS-W4.BK,10000.0,0.024048506992933
2026-07-08,JMART.BK,1815300.0,4.961722062222121
2026-07-08,JMT.BK,-310900.0,-1.0092708130372727
2026-07-08,JPARK.BK,33700.0,1.2760781914071848
2026-07-08,JSP.BK,10000.0,44.63289444320464
2026-07-08,JTS.BK,124700.0,5.466219900722575
2026-07-08,JUBILE.BK,0.0,0.0
2026-07-08,KAMART.BK,-254400.0,-21.426568102207423
2026-07-08,KBANK.BK,-366465.0,-2.4755705738751765
2026-07-08,KBS.BK,-6200.0,-9.959199408873326
2026-07-08,KCC.BK,-22700.0,-7.819497071994489
2026-07-08,KCE.BK,1068733.0,4.185962711340624
2026-07-08,KCG.BK,-238800.0,-22.078116592425765
2026-07-08,KGEN.BK,-1096500.0,-8.810600297173956
2026-07-08,KGI.BK,-501400.0,-10.642070903699446
2026-07-08,KISS.BK,-55900.0,-6.12424213872997
2026-07-08,KKP.BK,583391.0,5.91987727379459
2026-07-08,KLINIQ.BK,-44500.0,-7.543651466350229
2026-07-08,KSL.BK,-103700.0,-4.41056818070655
2026-07-08,KTB.BK,14561398.0,13.374631749578406
2026-07-08,KTC.BK,3404698.0,7.050398940950643
2026-07-08,KUMWEL.BK,-48700.0,-4.2435723385307655
2026-07-08,LALIN.BK,-51500.0,-83.86119750533292
2026-07-08,LANNA.BK,9700.0,3.4605285689822476
2026-07-08,LEE.BK,-2.0,-0.0020261371694863
2026-07-08,LEO.BK,100.0,0.0301466332240015
2026-07-08,LH.BK,-6698000.0,-22.662171810863505
2026-07-08,LHFG.BK,218800.0,0.8492306951873111
2026-07-08,LOXLEY.BK,-73700.0,-4.428820383390422
2026-07-08,LPH.BK,-12500.0,-15.096253713678417
2026-07-08,LPN.BK,12900.0,2.9839560317548437
2026-07-08,LST.BK,100.0,0.0209595271530674
2026-07-08,LTS.BK,9800.0,1.8417071497702564
2026-07-08,M.BK,-677000.0,-29.728578517259702
2026-07-08,M-CHAI.BK,400.0,0.1936108422071636
2026-07-08,MAGURO.BK,-43022.0,-1.8246600975736371
2026-07-08,MAJOR.BK,-49000.0,-4.059652029826015
2026-07-08,MALEE.BK,-40200.0,-4.070853096886304
2026-07-08,MASTEC.BK,-1900.0,-0.0166552621950268
2026-07-08,MASTER.BK,-51200.0,-5.5873176619258125
2026-07-08,MBK.BK,596100.0,17.373710524428994
2026-07-08,MC.BK,-270700.0,-38.17418257610158
2026-07-08,MCOT.BK,-27500.0,-0.7089064949755286
2026-07-08,MCS.BK,-579100.0,-57.49500108218876
2026-07-08,MEB.BK,-138900.0,-24.322847716909372
2026-07-08,MEDEZE.BK,-21100.0,-3.213029978635635
2026-07-08,MEGA.BK,695800.0,52.1312136203472
2026-07-08,METCO.BK,200.0,3.5075412136092594
2026-07-08,MFC.BK,2400.0,10.69042316258352
2026-07-08,MFEC.BK,700.0,1.1705489874751258
2026-07-08,MGC.BK,-955500.0,-35.19197026416629
2026-07-08,MGI.BK,-32300.0,-0.4238202183500771
2026-07-08,MICRO.BK,-500.0,-0.0066166106835236
2026-07-08,MIDA.BK,-10300.0,-0.2569091090491868
2026-07-08,MINT.BK,11368705.0,18.95355489989866
2026-07-08,MJD.BK,7200.0,3.0547305897327113
2026-07-08,MK.BK,-4000.0,-11.518746760352473
2026-07-08,ML.BK,299500.0,3.7716308380626686
2026-07-08,MMM.BK,-20600.0,-2.746351751665809
2026-07-08,MONO.BK,81300.0,0.2272053888087847
2026-07-08,MORE.BK,-600.0,-0.0128246232766912
2026-07-08,MOSHI.BK,-63500.0,-10.689731797154344
2026-07-08,MPJ.BK,-300.0,-0.1172777488927026
2026-07-08,MRDIYT.BK,1459900.0,8.794106821983641
2026-07-08,MST.BK,15700.0,15.858425672467954
2026-07-08,MTC.BK,733800.0,2.469553282109678
2026-07-08,NATION.BK,20000.0,0.1041281338338078
2026-07-08,NCAP.BK,633000.0,1.859766824022135
2026-07-08,NCL.BK,-1200.0,-0.1475107559926244
2026-07-08,NCP.BK,-12000.0,-43.63636363636363
2026-07-08,NDR.BK,-1393.0,-2.8303228559237663
2026-07-08,NEO.BK,-51500.0,-5.462956382271169
2026-07-08,NER.BK,-826300.0,-10.58994843055247
2026-07-08,NETBAY.BK,130800.0,3.667049819170708
2026-07-08,NEX.BK,-855600.0,-7.554483267075618
2026-07-08,NL.BK,-100.0,-0.0411184210526315
2026-07-08,NNCL.BK,21000.0,8.363101994002461
2026-07-08,NOBLE.BK,-2000.0,-0.2013891825814468
2026-07-08,NSL.BK,-160400.0,-30.18777018901233
2026-07-08,NTF.BK,-2900.0,-0.1719650685577289
2026-07-08,NV.BK,100.0,0.0081207721230134
2026-07-08,NVD.BK,-400.0,-0.0153660520117811
2026-07-08,NYT.BK,-22100.0,-0.7002306325237168
2026-07-08,OKJ.BK,-108700.0,-10.317752609337804
2026-07-08,ONEE.BK,-252300.0,-33.05873920808399
2026-07-08,OR.BK,-248700.0,-1.3699406595908985
2026-07-08,ORI.BK,-185800.0,-5.304231052076244
2026-07-08,OSP.BK,-621400.0,-5.311882015013803
2026-07-08,PACO.BK,2100.0,0.2598688281153322
2026-07-08,PAF.BK,-2400.0,-0.1109211073623884
2026-07-08,PCC.BK,289000.0,23.186722111548193
2026-07-08,PCE.BK,-40000.0,-5.110371242918942
2026-07-08,PCSGH.BK,-200.0,-0.0616692002429766
2026-07-08,PDJ.BK,300.0,0.7237635705669482
2026-07-08,PEER.BK,-1700.0,-0.4065993465709325
2026-07-08,PIN.BK,52600.0,8.365139949109416
2026-07-08,PK.BK,-2500.0,-0.1967868640832487
2026-07-08,PLANB.BK,-186900.0,-0.3186720327695106
2026-07-08,PLANET.BK,-100.0,-0.0517057734666652
2026-07-08,PLAT.BK,-612500.0,-13.243523862775902
2026-07-08,PLE.BK,2400.0,0.0400356317122238
2026-07-08,PLUS.BK,-1200.0,-0.1102120663844013
2026-07-08,PM.BK,-14400.0,-3.5560648191592867
2026-07-08,PMC.BK,-195500.0,-33.80797072627476
2026-07-08,PORT.BK,10000.0,6.249218847644045
2026-07-08,PPPM.BK,-100.0,-0.0477554918815663
2026-07-08,PR9.BK,15900.0,0.2431079284528779
2026-07-08,PREB.BK,-100.0,-0.3246753246753247
2026-07-08,PRINC.BK,400.0,0.2408187838651415
2026-07-08,PRM.BK,400000.0,10.90293174383126
2026-07-08,PRTR.BK,-79700.0,-40.59078176725235
2026-07-08,PSGC.BK,9993.0,23.08225348208717
2026-07-08,PSH.BK,12300.0,1.744915981586171
2026-07-08,PSL.BK,2237700.0,26.10353550848409
2026-07-08,PSP.BK,276700.0,6.85128235602898
2026-07-08,PSTC.BK,-2600.0,-0.0707276295308527
2026-07-08,PT.BK,3100.0,2.325563949257695
2026-07-08,PTG.BK,-1716100.0,-13.0603881418586
2026-07-08,PTL.BK,-64600.0,-4.313556854816094
2026-07-08,PTT.BK,10609960.0,9.50623506094232
2026-07-08,PTTEP.BK,-4909150.0,-7.019956802773783
2026-07-08,PTTGC.BK,-5491400.0,-13.563448095556188
2026-07-08,PYLON.BK,-113400.0,-9.358713548264635
2026-07-08,QH.BK,-3071800.0,-19.265924257283817
2026-07-08,QTC.BK,-700.0,-0.4840404934447088
2026-07-08,QTCG.BK,-100.0,-0.04516711833785
2026-07-08,RABBIT.BK,296900.0,3.521527695409797
2026-07-08,RABBIT-P.BK,61300.0,9.944824878609866
2026-07-08,RAM.BK,-300.0,-0.3070530075842093
2026-07-08,RATCH.BK,2474700.0,15.61311524393229
2026-07-08,RBF.BK,-55400.0,-3.231485164916571
2026-07-08,RCL.BK,1294200.0,19.82597506051043
2026-07-08,READY.BK,-200.0,-0.0865048161556394
2026-07-08,RJH.BK,-600.0,-0.0810517272123069
2026-07-08,ROCTEC.BK,-87960.0,-1.4221331188384942
2026-07-08,ROJNA.BK,-1729500.0,-29.794036128046653
2026-07-08,RPC.BK,-1200.0,-0.5031404348810492
2026-07-08,RPH.BK,-100.0,-0.0299814115248545
2026-07-08,RS.BK,-2200.0,-0.0456825428730664
2026-07-08,RT.BK,-400.0,-0.0999250562078441
2026-07-08,RWI.BK,-100.0,-0.1044921160698425
2026-07-08,S.BK,-5400.0,-0.7273158274699106
2026-07-08,SAAM.BK,-124.0,-0.2986224833831037
2026-07-08,SABINA.BK,-102800.0,-21.9740287500668
2026-07-08,SAF.BK,49800.0,0.841713424298103
2026-07-08,SAK.BK,-1245200.0,-15.023393518199576
2026-07-08,SALEE.BK,-900.0,-0.0403757456615139
2026-07-08,SAMART.BK,-264300.0,-11.53542987479934
2026-07-08,SAMTEL.BK,800.0,0.5200039000292502
2026-07-08,SANKO.BK,600.0,0.0086674415359399
2026-07-08,SAPPE.BK,15350.0,1.2676605345480854
2026-07-08,SAT.BK,-70800.0,-8.375348085617825
2026-07-08,SAV.BK,-247200.0,-15.0045341371361
2026-07-08,SAWAD.BK,-2540600.0,-7.390069516277395
2026-07-08,SC.BK,-3640500.0,-34.211016708564706
2026-07-08,SCAP.BK,-1497303.0,-8.709612908419706
2026-07-08,SCB.BK,3039800.0,15.183491581698451
2026-07-08,SCC.BK,-628700.0,-23.274280753646902
2026-07-08,SCCC.BK,2015.0,2.5770229310278676
2026-07-08,SCG.BK,200.0,0.6032818532818532
2026-07-08,SCGD.BK,-8600.0,-1.6863538676329868
2026-07-08,SCGP.BK,-181467.0,-0.5623094714070342
2026-07-08,SCL.BK,-2000.0,-0.5526388505111909
2026-07-08,SCM.BK,-1600.0,-1.0847016392553523
2026-07-08,SE.BK,-200.0,-0.0023897495040672
2026-07-08,SEAFCO.BK,-199500.0,-10.190389160490712
2026-07-08,SEAOIL.BK,10100.0,0.4701549369992384
2026-07-08,SECURE.BK,19300.0,20.488322717622083
2026-07-08,SENA.BK,-600.0,-0.2845651843982395
2026-07-08,SFLEX.BK,-10500.0,-1.3736245766292825
2026-07-08,SGC.BK,1818200.0,1.5608400193406122
2026-07-08,SGF.BK,-1400.0,-0.0603604380443218
2026-07-08,SGP.BK,0.0,0.0
2026-07-08,SHANG.BK,200.0,2.096655833944858
2026-07-08,SHR.BK,-1242600.0,-37.045837441338875
2026-07-08,SIAM.BK,-40000.0,-14.388489208633093
2026-07-08,SICT.BK,-2500.0,-0.2319826068720671
2026-07-08,SIMAT.BK,-420100.0,-28.63667348329925
2026-07-08,SINGER.BK,464500.0,2.5784207664065693
2026-07-08,SIRI.BK,-6840300.0,-20.00676865985887
2026-07-08,SIS.BK,314300.0,21.845928858590185
2026-07-08,SISB.BK,-567900.0,-11.453968218112276
2026-07-08,SITHAI.BK,-333000.0,-11.112371773908285
2026-07-08,SJWD.BK,201800.0,3.1877877085035102
2026-07-08,SKE.BK,-100.0,-0.035218212041811
2026-07-08,SKR.BK,-41400.0,-20.07564736688973
2026-07-08,SKY.BK,-73300.0,-2.8154818468639067
2026-07-08,SLP.BK,1000.0,2.4630541871921183
2026-07-08,SMART.BK,-1000.0,-0.088035453637889
2026-07-08,SMD100.BK,600.0,0.4457089372070392
2026-07-08,SMIT.BK,-19500.0,-20.771639787809708
2026-07-08,SMO.BK,-174300.0,-7.875307184421803
2026-07-08,SMPC.BK,600.0,0.0869541273501164
2026-07-08,SMT.BK,395400.0,2.6146603622977613
2026-07-08,SNC.BK,4900.0,0.3936628318015296
2026-07-08,SNNP.BK,55000.0,4.329512079732294
2026-07-08,SO.BK,-3600.0,-11.219846662095618
2026-07-08,SPA.BK,-333400.0,-10.547915821683908
2026-07-08,SPACK.BK,6500.0,0.9107340516456264
2026-07-08,SPALI.BK,-509669.0,-10.976401347657578
2026-07-08,SPCG.BK,42800.0,6.156882545957244
2026-07-08,SPRC.BK,8821146.0,16.347918724408267
2026-07-08,SPVI.BK,-211200.0,-26.02568557718612
2026-07-08,SQ.BK,-225000.0,-29.88841657810839
2026-07-08,SR.BK,-160000.0,-7.844663888021346
2026-07-08,SRICHA.BK,-81800.0,-10.49289677067633
2026-07-08,SSP.BK,-178500.0,-11.530918364973914
2026-07-08,SSSC.BK,-100.0,-0.0710227272727272
2026-07-08,SST.BK,100.0,0.148787382829936
2026-07-08,STA.BK,237300.0,2.86863570562938
2026-07-08,STANLY.BK,-3000.0,-2.049852410626434
2026-07-08,STARM.BK,-4000.0,-7.889390741799965
2026-07-08,STECON.BK,-1057700.0,-4.115552191968312
2026-07-08,STELLA.BK,-12300.0,-0.2194263695193581
2026-07-08,STGT.BK,-522105.0,-10.678199256848629
2026-07-08,STI.BK,-1100.0,-18.333333333333332
2026-07-08,STPI.BK,1582600.0,14.94343194336566
2026-07-08,SUC.BK,3400.0,3.9154718719410377
2026-07-08,SUN.BK,-4800.0,-2.468894501051852
2026-07-08,SUPER.BK,-1145500.0,-6.723938618511487
2026-07-08,SUSCO.BK,43600.0,2.1029124855605636
2026-07-08,SVOA.BK,-79900.0,-9.202365664464931
2026-07-08,SVR.BK,-200.0,-0.0042598490905861
2026-07-08,SVT.BK,100.0,0.007679754247864
2026-07-08,SYNEX.BK,-370200.0,-18.57975770028572
2026-07-08,TACC.BK,-1563900.0,-46.08548874369526
2026-07-08,TAE.BK,-3179700.0,-20.184086076110074
2026-07-08,TAKUNI.BK,-25900.0,-0.8458523840627041
2026-07-08,TASCO.BK,284901.0,9.606735548977994
2026-07-08,TC.BK,-500.0,-0.3298131278817422
2026-07-08,TCAP.BK,-463200.0,-14.203286687147774
2026-07-08,TCC.BK,79000.0,21.914008321775313
2026-07-08,TEAM.BK,79300.0,4.86412946803721
2026-07-08,TEAMG.BK,-735400.0,-7.962430838968877
2026-07-08,TEGH.BK,-23200.0,-4.15539753900163
2026-07-08,TERA.BK,-20000.0,-16.76235175795164
2026-07-08,TFG.BK,2442700.0,7.661097173115675
2026-07-08,TFM.BK,-133500.0,-10.814410140757449
2026-07-08,TFMAMA.BK,200.0,17.88908765652952
2026-07-08,TGE.BK,-200.0,-0.0501882057716436
2026-07-08,TH.BK,300.0,0.0075327372762023
2026-07-08,THAI.BK,-25574081.0,-13.397652092743668
2026-07-08,THANI.BK,3249600.0,2.5678421266385523
2026-07-08,THCOM.BK,-72400.0,-1.5195386647032996
2026-07-08,THG.BK,-157100.0,-23.06759348175296
2026-07-08,THRE.BK,-100.0,-0.0062331859808167
2026-07-08,TIDLOR.BK,1455100.0,4.546343584972039
2026-07-08,TIPCO.BK,100.0,0.0369547784376258
2026-07-08,TIPH.BK,-39700.0,-5.54254848333815
2026-07-08,TISCO.BK,704488.0,21.35063152879793
2026-07-08,TITLE.BK,254500.0,24.93875551200392
2026-07-08,TKN.BK,-1042900.0,-39.34787193624052
2026-07-08,TKS.BK,3300.0,1.4283982893848364
2026-07-08,TKT.BK,-100.0,-0.390625
2026-07-08,TLI.BK,3909700.0,18.856570405732413
2026-07-08,TMAN.BK,1000.0,0.4166302115231584
2026-07-08,TMW.BK,7200.0,8.37530680377354
2026-07-08,TNDT.BK,-100.0,-0.077760497667185
2026-07-08,TNDT-W2.BK,-15467.0,-1.1074071051045118
2026-07-08,TNP.BK,-100.0,-0.0365327497835434
2026-07-08,TNR.BK,-100.0,-0.0209249672524262
2026-07-08,TOA.BK,3684579.0,40.61508516308571
2026-07-08,TOG.BK,100.0,0.0616313827000708
2026-07-08,TOP.BK,4301300.0,19.09518148657495
2026-07-08,TPAC.BK,400.0,0.5763688760806917
2026-07-08,TPCS.BK,-700.0,-100.0
2026-07-08,TPIPL.BK,2031300.0,4.975320446225476
2026-07-08,TPIPP.BK,-53800.0,-3.2273022572519823
2026-07-08,TPS.BK,-300.0,-0.7614019948732266
2026-07-08,TQM.BK,26800.0,3.9370946298323064
2026-07-08,TQR.BK,100.0,0.1189060642092746
2026-07-08,TRC.BK,300.0,0.0331234777001707
2026-07-08,TRT.BK,972300.0,11.563762500798331
2026-07-08,TRUBB.BK,-348100.0,-13.368917209878942
2026-07-08,TRUE.BK,-4037802.0,-3.06002592009973
2026-07-08,TSC.BK,-100.0,-1.921598770176787
2026-07-08,TSE.BK,345300.0,2.567000535330752
2026-07-08,TSI.BK,-500100.0,-31.258184100141197
2026-07-08,TSTH.BK,-1872200.0,-48.17274465254746
2026-07-08,TTA.BK,-651100.0,-20.038371743033657
2026-07-08,TTB.BK,68843710.0,15.960682879270076
2026-07-08,TTW.BK,52001.0,1.5008634127996363
2026-07-08,TU.BK,-4335500.0,-23.642562196080195
2026-07-08,TURBO.BK,2009700.0,6.732412288948825
2026-07-08,TVO.BK,20800.0,3.8405081287678065
2026-07-08,UAC.BK,-100.0,-0.0230149597238204
2026-07-08,UBA.BK,-1100.0,-0.2478320329661664
2026-07-08,UBE.BK,-1477500.0,-4.891995338118825
2026-07-08,UBIS.BK,-800.0,-0.3251702062798496
2026-07-08,UKEM.BK,-1688700.0,-17.231583419965737
2026-07-08,UMI.BK,-3000.0,-0.4944783253667381
2026-07-08,UMS.BK,-1392100.0,-5.257532413172632
2026-07-08,UNIQ.BK,-14100.0,-1.552854885160324
2026-07-08,UNIX.BK,-190100.0,-2.3380011774867584
2026-07-08,UREKA.BK,-200.0,-0.0005630646482675
2026-07-08,UTP.BK,-203300.0,-27.246422650582385
2026-07-08,UV.BK,-800.0,-0.3906135562434694
2026-07-08,UVAN.BK,-69279.0,-17.23907114703189
2026-07-08,VCOM.BK,13200.0,5.405073398439899
2026-07-08,VGI.BK,-22046000.0,-23.567839501110125
2026-07-08,VIBE.BK,-7.0,-0.0088264592028446
2026-07-08,VIBE-W3.BK,-2.0,-0.0002200348315138
2026-07-08,VIBHA.BK,-32599.0,-2.717217350715167
2026-07-08,VIH.BK,9300.0,5.621611165849619
2026-07-08,VL.BK,-400.0,-0.3843308319801685
2026-07-08,VPO.BK,-100000.0,-0.9225761203718276
2026-07-08,WARRIX.BK,500.0,0.0605613553146828
2026-07-08,WASH.BK,-232600.0,-24.739417145288236
2026-07-08,WAVE.BK,-3900.0,-0.2807066032989503
2026-07-08,WHA.BK,-14091554.0,-12.302434669686416
2026-07-08,WHAUP.BK,5541519.0,23.38920907517616
2026-07-08,WICE.BK,-90500.0,-1.316763549424174
2026-07-08,WIIK.BK,7300.0,0.4056614782748828
2026-07-08,WIN.BK,-3000.0,-2.237069736920599
2026-07-08,WORK.BK,-1400.0,-6.014779171678983
2026-07-08,WPH.BK,-45900.0,-11.044804851051545
2026-07-08,XBIO.BK,-100.0,-0.0032444368452523
2026-07-08,XO.BK,-53900.0,-9.06545121223079
2026-07-08,XPG.BK,41600.0,0.0881751674310775
2026-07-08,YGG.BK,-6200.0,-0.9981566300944223
2026-07-08,ZAA.BK,-650.0,-6.806282722513089
2026-07-08,ZIGA.BK,-200.0,-0.0083758687869899
2026-07-09,88TH.BK,-5300.0,-3.4121123550656995
2026-07-09,AAI.BK,-81400.0,-3.246815408572231
2026-07-09,AAV.BK,-2259100.0,-12.291939967495
2026-07-09,ACC.BK,-100.0,-0.0101578530361822
2026-07-09,ACE.BK,7300.0,3.690596562184024
2026-07-09,ADB.BK,139000.0,16.225049608964632
2026-07-09,ADD.BK,-5100.0,-9.6045197740113
2026-07-09,ADVANC.BK,676525.0,8.551492619569846
2026-07-09,ADVICE.BK,240700.0,8.376969910425238
2026-07-09,AEONTS.BK,481800.0,43.07450781250699
2026-07-09,AGE.BK,-416200.0,-42.56633475425664
2026-07-09,AH.BK,-538000.0,-52.30400096441578
2026-07-09,AI.BK,-6.0,-0.0041125466945405
2026-07-09,AIE.BK,13100.0,0.966208516648658
2026-07-09,AIT.BK,59000.0,8.509926324231078
2026-07-09,AJ.BK,-82700.0,-2.1470921699676584
2026-07-09,AJA.BK,3800.0,0.3098499673842139
2026-07-09,AKP.BK,900.0,0.1196560288025356
2026-07-09,AKR.BK,-2100.0,-0.1817112003322719
2026-07-09,ALPHAX.BK,99800.0,1.4364672692728424
2026-07-09,ALT.BK,3577600.0,28.859425894574848
2026-07-09,AMANAH.BK,-100.0,-0.0028251261065665
2026-07-09,AMARC.BK,282700.0,7.778416119673698
2026-07-09,AMATA.BK,2979300.0,37.86578458482677
2026-07-09,ANI.BK,-600.0,-1.4018364056914558
2026-07-09,AOT.BK,-1878355.0,-8.092260005579934
2026-07-09,AP.BK,657800.0,8.50226490100122
2026-07-09,APO.BK,-700.0,-0.1031971965744427
2026-07-09,AQUA.BK,-16600.0,-0.5000301222965239
2026-07-09,ARROW.BK,-100.0,-0.0938967136150234
2026-07-09,AS.BK,-11700.0,-4.604305222147889
2026-07-09,ASAP.BK,-200.0,-1.020356104280394
2026-07-09,ASEFA.BK,176300.0,26.703988633764563
2026-07-09,ASIA.BK,100.0,14.265335235378032
2026-07-09,ASIAN.BK,136200.0,22.5784152339651
2026-07-09,ASK.BK,293300.0,34.39053246112158
2026-07-09,ASP.BK,107000.0,7.2572828868521775
2026-07-09,ASTR.BK,0.0,0.0
2026-07-09,ASW.BK,200.0,0.0505559894944653
2026-07-09,ATLAS.BK,93600.0,4.391836252074509
2026-07-09,AU.BK,11700.0,3.529230778512112
2026-07-09,AUCT.BK,-1700.0,-0.3688355644268946
2026-07-09,AURA.BK,220900.0,12.046563321077723
2026-07-09,AWC.BK,3802000.0,10.024939740277068
2026-07-09,AYUD.BK,11900.0,34.6908433664694
2026-07-09,BA.BK,-65500.0,-0.5078288996510711
2026-07-09,BAFS.BK,-8000.0,-2.0197429877048148
2026-07-09,BAM.BK,2725400.0,22.97020784102128
2026-07-09,BANPU.BK,4043900.0,7.221375600354192
2026-07-09,BAY.BK,1789600.0,31.831969322064076
2026-07-09,BBGI.BK,-5900.0,-0.2157237770381417
2026-07-09,BBIK.BK,3869780.0,31.566442001971097
2026-07-09,BBL.BK,-1375958.0,-8.821527800617641
2026-07-09,BCH.BK,-37200.0,-0.5561580601206862
2026-07-09,BCP.BK,510000.0,6.7467376546937645
2026-07-09,BCPG.BK,2266904.0,24.547697372873657
2026-07-09,BDMS.BK,2862461.0,6.609482530385908
2026-07-09,BE8.BK,376400.0,19.785534062237172
2026-07-09,BEAUTY.BK,625000.0,16.06147045974353
2026-07-09,BEC.BK,-26900.0,-2.1310306583221106
2026-07-09,BEM.BK,7925420.0,20.2501715424409
2026-07-09,BEYOND.BK,-1700.0,-53.125
2026-07-09,BGC.BK,-200.0,-0.1249929691454855
2026-07-09,BGRIM.BK,-3906500.0,-6.992764149361075
2026-07-09,BH.BK,-547482.0,-17.365297950732316
2026-07-09,BIG.BK,-1800.0,-0.6132879045996593
2026-07-09,BIOTEC.BK,-38600.0,-7.887934117358563
2026-07-09,BIZ.BK,100.0,0.1171948246765422
2026-07-09,BJC.BK,521591.0,10.367351660434752
2026-07-09,BKGI.BK,61800.0,6.261398176291793
2026-07-09,BKIH.BK,-1600.0,-22.516183506895583
2026-07-09,BLA.BK,-49400.0,-1.8897141405702496
2026-07-09,BLAND.BK,41500.0,1.5893605523774728
2026-07-09,BLC.BK,-41100.0,-6.936615201820059
2026-07-09,BM.BK,179100.0,3.0922858259700905
2026-07-09,BPP.BK,-9900.0,-10.586536919210822
2026-07-09,BR.BK,-15300.0,-10.144206862257583
2026-07-09,BRI.BK,-20900.0,-27.10624610915128
2026-07-09,BTC.BK,100100.0,1.4217477697308336
2026-07-09,BTG.BK,-205800.0,-3.9464797515673737
2026-07-09,BTS.BK,12636800.0,10.12174115445984
2026-07-09,BTW.BK,-300.0,-0.0689176709502828
2026-07-09,BWG.BK,-100.0,-0.0002295096640781
2026-07-09,BYD.BK,-504300.0,-14.908575224449
2026-07-09,CAZ.BK,2100.0,0.1655086316692097
2026-07-09,CBG.BK,61000.0,0.8630205322488137
2026-07-09,CCET.BK,9688055.0,16.38640375297934
2026-07-09,CEN.BK,-100.0,-0.1265822784810126
2026-07-09,CENTEL.BK,141500.0,3.246175993209413
2026-07-09,CFARM.BK,-84700.0,-4.326417195337481
2026-07-09,CFRESH.BK,100.0,0.0071699184636872
2026-07-09,CGD.BK,8000000.0,93.48415443582311
2026-07-09,CGH.BK,-8200.0,-0.5935804992880653
2026-07-09,CHASE.BK,3100.0,0.2025865730847399
2026-07-09,CHAYO.BK,1037900.0,36.84238176644649
2026-07-09,CHG.BK,-613400.0,-3.6372744373965418
2026-07-09,CHOW.BK,-100.0,-0.5812263876780006
2026-07-09,CITY.BK,358400.0,99.44506104328524
2026-07-09,CIVIL.BK,0.0,0.0
2026-07-09,CK.BK,6532600.0,55.40989035074326
2026-07-09,CKP.BK,1082900.0,11.66499772495381
2026-07-09,CMAN.BK,-110500.0,-26.70236648212633
2026-07-09,CMR.BK,-100.0,-0.1015321196860626
2026-07-09,CNT.BK,229600.0,32.62652013152921
2026-07-09,COCOCO.BK,22900.0,7.573302290510552
2026-07-09,COM7.BK,2887700.0,26.77187400336723
2026-07-09,COMAN.BK,200.0,100.0
2026-07-09,CPALL.BK,-4231581.0,-12.39890827233816
2026-07-09,CPAXT.BK,-400.0,-0.0053663103839045
2026-07-09,CPF.BK,-4128143.0,-9.12777188701634
2026-07-09,CPL.BK,10700.0,0.4115068071686793
2026-07-09,CPN.BK,1028426.0,18.292637808524823
2026-07-09,CPW.BK,-1100.0,-0.2934679372939054
2026-07-09,CRANE.BK,-900.0,-0.0687269478362466
2026-07-09,CRC.BK,3689200.0,24.93162590126422
2026-07-09,CREDIT.BK,824300.0,37.208617882435576
2026-07-09,CSS.BK,37300.0,0.8568385826373721
2026-07-09,CTW.BK,61800.0,21.845174973488863
2026-07-09,CWT.BK,-300.0,-0.033586726525677
2026-07-09,CWT-W8.BK,89900.0,2.7558089632763165
2026-07-09,DCC.BK,4300.0,0.1937011101776419
2026-07-09,DDD.BK,-100.0,-0.1692047377326565
2026-07-09,DELTA.BK,235804.0,1.3662204875597828
2026-07-09,DEMCO.BK,100400.0,5.514389866265061
2026-07-09,DIMET.BK,-200.0,-0.012133654632508
2026-07-09,DITTO.BK,2408400.0,40.16158685293345
2026-07-09,DMT.BK,-47500.0,-29.55615981482288
2026-07-09,DOD.BK,8900.0,2.278884217318496
2026-07-09,DOHOME.BK,986400.0,9.368387031394258
2026-07-09,DPAINT.BK,-120000.0,-1.1256180346521512
2026-07-09,DRT.BK,5700.0,2.0425641705576916
2026-07-09,DUSIT.BK,36700.0,18.27188768016729
2026-07-09,EA.BK,13878400.0,20.14880650871027
2026-07-09,EA-W1.BK,-7000.0,-0.0991590041546206
2026-07-09,EAST.BK,8000.0,2.8338646829613885
2026-07-09,EASTW.BK,625200.0,10.123538911988362
2026-07-09,EGCO.BK,192100.0,14.177979774421772
2026-07-09,EKH.BK,18600.0,5.57965406144819
2026-07-09,EMPIRE.BK,-122800.0,-1.2418040176404934
2026-07-09,EP.BK,5000.0,4.094769341642985
2026-07-09,EPG.BK,4129610.0,14.78804845251376
2026-07-09,ERW.BK,747800.0,2.93970044617561
2026-07-09,ETC.BK,-171800.0,-4.475599386441695
2026-07-09,EVER.BK,-100.0,-0.0048351223285949
2026-07-09,FM.BK,113300.0,6.29221769851447
2026-07-09,FNS.BK,200000.0,75.9586936623864
2026-07-09,FORTH.BK,2838600.0,27.991327875224904
2026-07-09,FPI.BK,-100.0,-0.1113548545148825
2026-07-09,FSMART.BK,402500.0,21.35566277896332
2026-07-09,FTI.BK,-300.0,-0.45662100456621
2026-07-09,GABLE.BK,47900.0,6.0941320759998066
2026-07-09,GBX.BK,165000.0,13.282885203670908
2026-07-09,GFPT.BK,-24600.0,-1.6869859321831655
2026-07-09,GJS.BK,-184400.0,-8.982353863824788
2026-07-09,GLOBAL.BK,8472200.0,41.02178436772818
2026-07-09,GPI.BK,4000.0,3.6596523330283626
2026-07-09,GPSC.BK,2095900.0,13.896220776928628
2026-07-09,GREEN.BK,-2600.0,-2.6693771111179556
2026-07-09,GULF.BK,1888417.0,3.6360012017719128
2026-07-09,GUNKUL.BK,-5485785.0,-2.8396490402011247
2026-07-09,HANA.BK,-279800.0,-0.8989371080724167
2026-07-09,HARN.BK,121400.0,48.72566726871362
2026-07-09,HENG.BK,-100.0,-0.0028475409490626
2026-07-09,HMPRO.BK,4181410.0,12.977880423646363
2026-07-09,HTC.BK,-137500.0,-35.60276122069569
2026-07-09,HTECH.BK,103700.0,11.226564411466036
2026-07-09,HUMAN.BK,72400.0,3.9963701477773776
2026-07-09,ICHI.BK,1944206.0,29.68321865130021
2026-07-09,IHL.BK,-30000.0,-63.424947145877375
2026-07-09,ILINK.BK,684200.0,19.323769733644344
2026-07-09,ILM.BK,29800.0,11.567200388161089
2026-07-09,INET.BK,254800.0,16.39916124855027
2026-07-09,INGRS.BK,-500.0,-0.0038311149517612
2026-07-09,INOX.BK,-9000.0,-31.64556962025317
2026-07-09,INSET.BK,3153500.0,16.629253702190763
2026-07-09,IP.BK,-200.0,-0.0355463924854926
2026-07-09,IRC.BK,-300.0,-3.9473684210526314
2026-07-09,IROYAL.BK,-9200.0,-5.049146858826951
2026-07-09,IRPC.BK,-39617600.0,-25.900952392956917
2026-07-09,IT.BK,-600.0,-0.3287671232876712
2026-07-09,ITC.BK,2421700.0,23.85634925451002
2026-07-09,ITD.BK,604700.0,2.011275315186
2026-07-09,ITEL.BK,9176500.0,20.59949202211631
2026-07-09,ITEL-W6.BK,-200000.0,-1.0196219099210944
2026-07-09,ITTHI.BK,1400.0,0.2872566782048099
2026-07-09,IVL.BK,-1125600.0,-6.457284882661966
2026-07-09,JAS.BK,-399900.0,-1.8838477602279649
2026-07-09,JAS-W4.BK,5000.0,0.0264211724057064
2026-07-09,JDF.BK,-600.0,-0.1568611047204735
2026-07-09,JMART.BK,16418650.0,27.58090933705329
2026-07-09,JMT.BK,9797100.0,34.93161396100778
2026-07-09,JPARK.BK,50400.0,13.073828219235647
2026-07-09,JR.BK,-100.0,-0.0491642084562438
2026-07-09,JTS.BK,-255000.0,-17.274479970409832
2026-07-09,KAMART.BK,86100.0,11.43439961433802
2026-07-09,KBANK.BK,863613.0,5.1535082026730406
2026-07-09,KBS.BK,-9300.0,-10.92536682212798
2026-07-09,KC.BK,-127900.0,-0.3370188278901498
2026-07-09,KCC.BK,600.0,0.0928829952908321
2026-07-09,KCE.BK,11964998.0,40.37993389974145
2026-07-09,KCG.BK,-203000.0,-19.55804596815218
2026-07-09,KGEN.BK,3093200.0,22.220225189181168
2026-07-09,KGI.BK,428900.0,32.53336205634515
2026-07-09,KIAT.BK,-100.0,-0.0187508203483902
2026-07-09,KISS.BK,30400.0,8.100164934279418
2026-07-09,KKP.BK,-976598.0,-16.89970284426423
2026-07-09,KLINIQ.BK,107700.0,43.93318240225173
2026-07-09,KSL.BK,-55300.0,-4.706326903339024
2026-07-09,KTB.BK,13659669.0,8.840282880892527
2026-07-09,KTC.BK,490400.0,2.4273047231122917
2026-07-09,KTMS.BK,79.0,0.0599365734488566
2026-07-09,KUMWEL.BK,614400.0,9.744644014387308
2026-07-09,KYE.BK,-13.0,-0.1426690079016681
2026-07-09,LANNA.BK,1099.0,0.3761804844821271
2026-07-09,LEE.BK,500.0,1.9896538002387585
2026-07-09,LH.BK,2007700.0,11.761824948754017
2026-07-09,LHFG.BK,3292300.0,27.59069530764593
2026-07-09,LOXLEY.BK,-35600.0,-3.1916400547240755
2026-07-09,LPN.BK,-13700.0,-9.19389042493222
2026-07-09,LTS.BK,9400.0,1.170814338739008
2026-07-09,M.BK,167900.0,12.840278861184274
2026-07-09,MADAME.BK,430000.0,28.3678585565378
2026-07-09,MAGURO.BK,76395.0,9.133711219537858
2026-07-09,MAJOR.BK,-186700.0,-18.860471905776436
2026-07-09,MALEE.BK,-7800.0,-1.633405231084958
2026-07-09,MASTEC.BK,273300.0,7.184472706232878
2026-07-09,MASTER.BK,83300.0,14.407028831353015
2026-07-09,MBK.BK,519000.0,34.22925156653236
2026-07-09,MC.BK,-158100.0,-22.758221605483858
2026-07-09,MCOT.BK,12600.0,0.8282662284305669
2026-07-09,MCS.BK,16700.0,2.483389544186489
2026-07-09,MDX.BK,-39100.0,-0.4977111650998312
2026-07-09,MEB.BK,-19200.0,-1.713621685882435
2026-07-09,MEDEZE.BK,14400.0,1.2300028443815776
2026-07-09,MEGA.BK,96400.0,21.07099219455258
2026-07-09,METCO.BK,800.0,10.29336078229542
2026-07-09,MFC.BK,2200.0,10.320401557442418
2026-07-09,MFEC.BK,-13800.0,-6.428621340227797
2026-07-09,MGC.BK,474000.0,14.627742470261554
2026-07-09,MGI.BK,-16900.0,-0.7826592352631981
2026-07-09,MGT.BK,13000.0,5.303957568339453
2026-07-09,MICRO.BK,3700.0,0.1295971525053756
2026-07-09,MIDA.BK,-14200.0,-0.7750753242216497
2026-07-09,MINT.BK,-1175243.0,-4.434598443162731
2026-07-09,MK.BK,-71401.0,-2.1050331995054123
2026-07-09,ML.BK,291000.0,22.50017976947754
2026-07-09,MMM.BK,-1300.0,-0.7553879498189974
2026-07-09,MMM-W1.BK,-9436.0,-1.784539038209863
2026-07-09,MONO.BK,82800.0,0.4151491536146631
2026-07-09,MOONG.BK,600.0,0.1850292808836998
2026-07-09,MORE.BK,-100.0,-0.5952380952380952
2026-07-09,MOSHI.BK,479500.0,40.27878463072461
2026-07-09,MRDIYT.BK,309600.0,4.788624603693366
2026-07-09,MST.BK,100.0,0.3407038942455112
2026-07-09,MTC.BK,-1893000.0,-10.0631185588466
2026-07-09,MTI.BK,6600.0,2.35119768585149
2026-07-09,NCAP.BK,387300.0,2.1190926803485755
2026-07-09,NDR.BK,-2100.0,-0.6645569620253164
2026-07-09,NEO.BK,111000.0,17.126273091539158
2026-07-09,NER.BK,216800.0,8.31657933874755
2026-07-09,NETBAY.BK,-421800.0,-28.56951271302676
2026-07-09,NEX.BK,45400.0,0.3329705128207949
2026-07-09,NOBLE.BK,1000.0,0.2900147907543284
2026-07-09,NSL.BK,51600.0,18.83940502530176
2026-07-09,NTF.BK,52000.0,12.997757886764532
2026-07-09,NTSC.BK,-17900.0,-17.70436674744078
2026-07-09,NUT.BK,3000.0,8.720169752637851
2026-07-09,NV.BK,-300.0,-0.0603497873675825
2026-07-09,NVD.BK,-400.0,-0.0150954732072332
2026-07-09,NYT.BK,418700.0,36.133265905281995
2026-07-09,OKJ.BK,73100.0,6.1751182437997505
2026-07-09,ONEE.BK,334000.0,9.008423415319877
2026-07-09,OR.BK,427781.0,2.573923254449932
2026-07-09,ORI.BK,543500.0,16.10024036311004
2026-07-09,OSP.BK,916900.0,14.969915677692768
2026-07-09,PACO.BK,-900.0,-1.2345679012345678
2026-07-09,PAF.BK,-2000.0,-0.322424113454597
2026-07-09,PCC.BK,-300.0,-0.0280426247896803
2026-07-09,PCE.BK,-97000.0,-4.873911409374391
2026-07-09,PCSGH.BK,-3100.0,-3.2426778242677825
2026-07-09,PEER.BK,1500.0,1.8313229476974164
2026-07-09,PERM.BK,-100.0,-0.0416840350145894
2026-07-09,PHG.BK,-100.0,-0.3601916219428736
2026-07-09,PIN.BK,36600.0,10.1368755158451
2026-07-09,PK.BK,-600.0,-0.0965872504829362
2026-07-09,PLANB.BK,10283800.0,18.54507621355846
2026-07-09,PLAT.BK,859000.0,11.471007862247484
2026-07-09,PLE.BK,26500.0,0.9978506673173406
2026-07-09,PLUS.BK,4500.0,0.9338095070108342
2026-07-09,PM.BK,-600.0,-0.3392302864799769
2026-07-09,PMC.BK,-60700.0,-14.08679508006498
2026-07-09,POLY.BK,300.0,0.4341534008683068
2026-07-09,PPPM.BK,-100.0,-0.0326261080641951
2026-07-09,PR9.BK,-267000.0,-5.732620284114673
2026-07-09,PREB.BK,-200.0,-0.4344520473552732
2026-07-09,PRG.BK,-1.0,-0.0551267916207276
2026-07-09,PRM.BK,1692300.0,37.27193979930901
2026-07-09,PRTR.BK,100.0,0.0137906116274162
2026-07-09,PSGC.BK,60000.0,64.91047763293125
2026-07-09,PSH.BK,-101200.0,-11.562278637204946
2026-07-09,PSL.BK,1629900.0,36.59122201301335
2026-07-09,PSP.BK,327300.0,8.398837249882472
2026-07-09,PSTC.BK,-4300.0,-0.2928140038637829
2026-07-09,PT.BK,16900.0,8.439239969039475
2026-07-09,PTG.BK,-1021100.0,-14.987127890353696
2026-07-09,PTL.BK,-700.0,-0.2058381582777815
2026-07-09,PTT.BK,38874573.0,28.813297859172543
2026-07-09,PTTEP.BK,-6724618.0,-19.86442329594405
2026-07-09,PTTGC.BK,-3592600.0,-13.148129862797
2026-07-09,PYLON.BK,41800.0,9.322969521919015
2026-07-09,QDC.BK,-100.0,-0.0045875768419121
2026-07-09,QH.BK,2613500.0,17.073570987511566
2026-07-09,RABBIT.BK,-28300.0,-0.3187331405091689
2026-07-09,RABBIT-P.BK,-100.0,-0.043028889596475
2026-07-09,RAM.BK,-600.0,-0.4873413094860986
2026-07-09,RATCH.BK,-445600.0,-5.207054624176509
2026-07-09,RBF.BK,565900.0,34.6692969343495
2026-07-09,RCL.BK,658800.0,24.230119936886936
2026-07-09,READY.BK,3000.0,3.128225983045015
2026-07-09,RJH.BK,33800.0,14.088322947710646
2026-07-09,RML.BK,-1300.0,-0.4024742880849035
2026-07-09,ROCTEC.BK,65300.0,1.4756531912186657
2026-07-09,ROJNA.BK,982000.0,33.33989719632514
2026-07-09,RPC.BK,-500.0,-0.0286730129602018
2026-07-09,RS.BK,50000.0,6.143955330987161
2026-07-09,RT.BK,100000.0,3.1151677517834337
2026-07-09,RWI.BK,-400.0,-0.1669400309673757
2026-07-09,S.BK,-19900.0,-1.1826815014943983
2026-07-09,SA.BK,-100.0,-1.4705882352941175
2026-07-09,SABINA.BK,-6600.0,-2.811286035575547
2026-07-09,SAFE.BK,3000.0,0.6896076132680504
2026-07-09,SAK.BK,1119600.0,37.073964811522465
2026-07-09,SALEE.BK,-10300.0,-0.1064203500506271
2026-07-09,SAMART.BK,764600.0,26.86000059017527
2026-07-09,SAMTEL.BK,400.0,0.1807419456870453
2026-07-09,SANKO.BK,-12900.0,-0.5535794058161885
2026-07-09,SAPPE.BK,45500.0,12.814266362128352
2026-07-09,SAT.BK,56200.0,11.522154519882893
2026-07-09,SAV.BK,141600.0,14.535435770516674
2026-07-09,SAWAD.BK,9033079.0,32.32570903458985
2026-07-09,SC.BK,-108900.0,-1.65831443682256
2026-07-09,SCAP.BK,4186900.0,37.42951849756989
2026-07-09,SCB.BK,2324984.0,10.83680066730914
2026-07-09,SCC.BK,-2243948.0,-37.35516630259518
2026-07-09,SCCC.BK,15500.0,14.586587867723177
2026-07-09,SCG.BK,404.0,1.6213179227867407
2026-07-09,SCGD.BK,-24800.0,-23.0378359297346
2026-07-09,SCGP.BK,1135800.0,12.73169088019499
2026-07-09,SCL.BK,-5800.0,-2.442928144216999
2026-07-09,SCM.BK,600.0,1.1049520266661754
2026-07-09,SCN.BK,-100.0,-0.1092776745710851
2026-07-09,SCP.BK,37000.0,21.549213744903906
2026-07-09,SE.BK,-10007.0,-0.8102571576629096
2026-07-09,SEAFCO.BK,170500.0,20.714447993371376
2026-07-09,SEAOIL.BK,6500.0,0.6562918701592164
2026-07-09,SECURE.BK,-600.0,-0.470953917159206
2026-07-09,SFLEX.BK,95000.0,7.950156701772886
2026-07-09,SGC.BK,47429600.0,19.25833969477024
2026-07-09,SGF.BK,-1700.0,-0.6336190831159151
2026-07-09,SGP.BK,-3000.0,-3.9622791029400113
2026-07-09,SHR.BK,-140700.0,-5.566567362586496
2026-07-09,SICT.BK,48200.0,5.437326910819943
2026-07-09,SIMAT.BK,273200.0,24.34334451891599
2026-07-09,SINGER.BK,7560701.0,35.116013293801444
2026-07-09,SIRI.BK,8329899.0,21.142667679631856
2026-07-09,SIS.BK,357700.0,29.36429623378479
2026-07-09,SISB.BK,1317400.0,17.857939239358064
2026-07-09,SITHAI.BK,-300.0,-0.0190827555499014
2026-07-09,SJWD.BK,1328700.0,33.64531702867816
2026-07-09,SKE.BK,-100.0,-0.0156247558631896
2026-07-09,SKR.BK,3700.0,2.2174942315183843
2026-07-09,SKY.BK,1096300.0,35.79437189578591
2026-07-09,SMD100.BK,1100.0,1.1876869257263785
2026-07-09,SMO.BK,-500.0,-0.0363345687086694
2026-07-09,SMPC.BK,-5900.0,-3.8917949090045583
2026-07-09,SMT.BK,4672600.0,27.450900217511048
2026-07-09,SNC.BK,-4800.0,-1.3292974386099978
2026-07-09,SNNP.BK,-36200.0,-8.908028298984929
2026-07-09,SOLAR.BK,-3400.0,-0.1741177988847242
2026-07-09,SORKON.BK,4000.0,3.578777847365125
2026-07-09,SPA.BK,1135000.0,40.172625488132795
2026-07-09,SPACK.BK,9500.0,3.713838936669273
2026-07-09,SPALI.BK,-193400.0,-4.155356176762922
2026-07-09,SPCG.BK,150600.0,18.323865191834805
2026-07-09,SPRC.BK,4779700.0,11.801059668347188
2026-07-09,SPVI.BK,138100.0,21.07753357753358
2026-07-09,SRICHA.BK,65500.0,8.062084202622946
2026-07-09,SSP.BK,522600.0,20.023356751388533
2026-07-09,SST.BK,-100.0,-0.1199040767386091
2026-07-09,STA.BK,2246300.0,18.33200839830085
2026-07-09,STANLY.BK,-1600.0,-4.067417444136563
2026-07-09,STARM.BK,-4000.0,-7.168330316660993
2026-07-09,STECON.BK,4709400.0,19.225637187560434
2026-07-09,STELLA.BK,13500.0,0.4048704414587332
2026-07-09,STGT.BK,120170.0,7.292771678047526
2026-07-09,STOWER.BK,10100.0,0.7518237308322168
2026-07-09,STPI.BK,257500.0,5.5598138811819195
2026-07-09,SUC.BK,6800.0,17.422941914986293
2026-07-09,SUN.BK,-4200.0,-5.258281793825275
2026-07-09,SUPER.BK,-13900.0,-0.1501744833025421
2026-07-09,SUSCO.BK,227200.0,17.68430556798767
2026-07-09,SVOA.BK,-16000.0,-7.862021522283917
2026-07-09,SVT.BK,-200.0,-0.0636093874734033
2026-07-09,SYMC.BK,-50.0,-0.0089016281077809
2026-07-09,SYNEX.BK,1418900.0,51.22865367458811
2026-07-09,SYNTEC.BK,350000.0,22.066426247698782
2026-07-09,TACC.BK,1387700.0,41.39312612211405
2026-07-09,TAE.BK,-1016700.0,-16.01429961814236
2026-07-09,TAKUNI.BK,201600.0,7.86622117425982
2026-07-09,TASCO.BK,231800.0,9.802636308660404
2026-07-09,TC.BK,-13100.0,-33.91234564705273
2026-07-09,TCAP.BK,214500.0,8.085180486105928
2026-07-09,TCJ.BK,100.0,1.3333333333333337
2026-07-09,TCMC.BK,1000.0,0.037929072634174
2026-07-09,TEAM.BK,523300.0,24.134370285715335
2026-07-09,TEAMG.BK,494700.0,14.865574280843664
2026-07-09,TEGH.BK,3300.0,0.5766095706704921
2026-07-09,TERA.BK,-29400.0,-7.710423758595549
2026-07-09,TFG.BK,150200.0,1.7092258595175658
2026-07-09,TFM.BK,-70000.0,-4.4295358922129395
2026-07-09,TFMAMA.BK,1900.0,27.9576221306651
2026-07-09,TGE.BK,100.0,0.0257267815796243
2026-07-09,THAI.BK,-2912095.0,-3.1440972439280577
2026-07-09,THANI.BK,3195500.0,10.556188056929352
2026-07-09,THCOM.BK,-73300.0,-2.376638518793277
2026-07-09,THE.BK,-200.0,-2.0831163420477035
2026-07-09,THG.BK,32800.0,6.926348420665858
2026-07-09,THMUI.BK,-100.0,-0.0101460936017719
2026-07-09,THRE.BK,190000.0,47.66635558097761
2026-07-09,TIDLOR.BK,3254600.0,14.454932973498208
2026-07-09,TIPCO.BK,-20000.0,-5.025150880155177
2026-07-09,TIPH.BK,43800.0,9.227599370500757
2026-07-09,TISCO.BK,358397.0,8.551633664417627
2026-07-09,TITLE.BK,204400.0,29.270751588124437
2026-07-09,TKN.BK,52200.0,2.783444795544782
2026-07-09,TKS.BK,5200.0,3.8601440130651024
2026-07-09,TL.BK,-13200.0,-0.1979930405446248
2026-07-09,TLI.BK,-314200.0,-2.402108718125615
2026-07-09,TMAN.BK,3800.0,2.1015490628750295
2026-07-09,TMW.BK,4200.0,8.582112425672776
2026-07-09,TNDT.BK,-200.0,-0.1382074493815216
2026-07-09,TNDT-W2.BK,-7500.0,-2.0900214018191545
2026-07-09,TNP.BK,-100.0,-0.0836043507704141
2026-07-09,TOA.BK,1789900.0,34.058580606417415
2026-07-09,TOG.BK,-39700.0,-40.56069801181062
2026-07-09,TOP.BK,2843815.0,9.00961024247693
2026-07-09,TPIPL.BK,230800.0,1.1145428966458004
2026-07-09,TPIPP.BK,272400.0,6.668153374381807
2026-07-09,TQM.BK,-14000.0,-2.067949878803366
2026-07-09,TRT.BK,-88572.0,-2.897889728248405
2026-07-09,TRUBB.BK,144300.0,5.186958770687177
2026-07-09,TRUE.BK,8430800.0,8.058367940006622
2026-07-09,TRV.BK,-200.0,-8.695652173913043
2026-07-09,TSE.BK,-1697700.0,-17.373862453084584
2026-07-09,TSTH.BK,-233400.0,-10.820508897712813
2026-07-09,TTA.BK,1069700.0,30.34256147722918
2026-07-09,TTB.BK,-22212450.0,-5.043342532198905
2026-07-09,TTW.BK,1060900.0,28.898671598154564
2026-07-09,TU.BK,-1442200.0,-16.178612238084735
2026-07-09,TURBO.BK,2337400.0,11.771581164986662
2026-07-09,TVO.BK,212000.0,22.21681938983392
2026-07-09,TYCN.BK,4000.0,37.735849056603776
2026-07-09,UAC.BK,-100.0,-0.0668002672010688
2026-07-09,UBE.BK,-24000.0,-0.1801625832191615
2026-07-09,UBIS.BK,18000.0,8.645533141210375
2026-07-09,UKEM.BK,3617500.0,43.23990803854693
2026-07-09,UMI.BK,-17300.0,-1.9090350324480785
2026-07-09,UMS.BK,6300.0,0.019476123802485
2026-07-09,UNIQ.BK,-1800.0,-1.4217447968089727
2026-07-09,UNIX.BK,594600.0,9.191813010140985
2026-07-09,UREKA.BK,594800.0,0.7680020989647143
2026-07-09,UTP.BK,-62600.0,-32.642079081433124
2026-07-09,UV.BK,49100.0,12.156925857607982
2026-07-09,UVAN.BK,-4163.0,-2.094654429819265
2026-07-09,VCOM.BK,2200.0,1.3989571410403154
2026-07-09,VGI.BK,54677200.0,19.579922547199057
2026-07-09,VIBHA-W5.BK,-200.0,-2.1037130535394972
2026-07-09,VIH.BK,4600.0,0.9205283832920096
2026-07-09,VPO.BK,-400000.0,-13.789289996352732
2026-07-09,WASH.BK,-13400.0,-2.3004291845493565
2026-07-09,WAVE.BK,-100.0,-0.0052422083746375
2026-07-09,WFX.BK,-200.0,-0.2521654709820584
2026-07-09,WHA.BK,3763720.0,5.765893203301645
2026-07-09,WHAUP.BK,15285200.0,26.726866988427005
2026-07-09,WICE.BK,-2600.0,-0.1118315644590685
2026-07-09,WIIK.BK,-5800.0,-0.5240734967900498
2026-07-09,WORK.BK,-700.0,-2.2222222222222223
2026-07-09,WPH.BK,28900.0,10.509511289542491
2026-07-09,XBIO.BK,-1300000.0,-96.03302354064893
2026-07-09,XO.BK,85200.0,19.49839687476399
2026-07-09,XPG.BK,301800.0,1.6841405079876697
2026-07-09,YGG.BK,-100.0,-0.0083931414605241
2026-07-09,ZIGA-W2.BK,-67.0,-0.000809416974537
2026-07-10,88TH.BK,5900.0,0.6986556208028856
2026-07-10,AAI.BK,79400.0,3.94792321339072
2026-07-10,AAV.BK,1836200.0,4.024549003716999
2026-07-10,ACE.BK,-11100.0,-1.1226750007585642
2026-07-10,ADD.BK,-1100.0,-0.6773399014778325
2026-07-10,ADVANC.BK,-425530.0,-5.689472690584566
2026-07-10,ADVICE.BK,43200.0,1.8323073967110932
2026-07-10,AEONTS.BK,792760.0,49.20961448454549
2026-07-10,AGE.BK,-500.0,-0.0957120980091883
2026-07-10,AH.BK,-1009500.0,-66.87609472755362
2026-07-10,AI.BK,1092.0,0.6166599843011469
2026-07-10,AIE.BK,39900.0,3.2865636382506587
2026-07-10,AIT.BK,131000.0,18.791060619100897
2026-07-10,AJ.BK,-24300.0,-0.7988685654095828
2026-07-10,AJA.BK,-1000.0,-0.0357250415035669
2026-07-10,AKP.BK,-400.0,-0.0866907956047766
2026-07-10,AKR.BK,-600.0,-0.0738912616194008
2026-07-10,ALPHAX.BK,400.0,0.0033909791308123
2026-07-10,ALT.BK,-640700.0,-7.18429309673196
2026-07-10,AMANAH.BK,1800.0,0.0541887121902023
2026-07-10,AMARC.BK,713900.0,12.717646513914769
2026-07-10,AMARIN.BK,-200.0,-2.9390154298310067
2026-07-10,AMATA.BK,4887536.0,22.13871001144274
2026-07-10,AMATAV.BK,15000.0,26.917900403768503
2026-07-10,AOT.BK,1354700.0,6.168040516836902
2026-07-10,AP.BK,895200.0,17.321619439841427
2026-07-10,APO.BK,10600.0,4.741456432277688
2026-07-10,APP.BK,-200.0,-0.0387412202709561
2026-07-10,AQUA.BK,-25100.0,-4.414894552618156
2026-07-10,ARIN.BK,-300.0,-0.0602892679074198
2026-07-10,ARROW.BK,0.0,0.0
2026-07-10,ASAP.BK,-300.0,-0.5366726296958855
2026-07-10,ASEFA.BK,193300.0,35.611577723696165
2026-07-10,ASIAN.BK,27200.0,3.8926209073813824
2026-07-10,ASK.BK,825600.0,31.33941850498523
2026-07-10,ASP.BK,171000.0,9.37564251936125
2026-07-10,ASTR.BK,400.0,0.9615384615384616
2026-07-10,ATLAS.BK,266800.0,18.134966839791705
2026-07-10,ATP30.BK,50000.0,12.97016861219196
2026-07-10,AU.BK,-200.0,-0.0507341227562834
2026-07-10,AUCT.BK,-237800.0,-37.955994668922536
2026-07-10,AURA.BK,775400.0,24.306676655998142
2026-07-10,AWC.BK,993400.0,2.070607766525822
2026-07-10,AYUD.BK,9320.0,21.67189861643995
2026-07-10,BA.BK,4153400.0,28.245934537901096
2026-07-10,BAFS.BK,69600.0,16.544877981524884
2026-07-10,BAM.BK,2856700.0,18.230242726361613
2026-07-10,BANPU.BK,6246416.0,8.001696359382237
2026-07-10,BAY.BK,-359800.0,-9.2071252606617
2026-07-10,BBGI.BK,807600.0,35.21989758493377
2026-07-10,BBIK.BK,-149200.0,-5.152648951960873
2026-07-10,BBL.BK,-3461045.0,-17.542089697453317
2026-07-10,BC.BK,-25.0,-0.1122032224765495
2026-07-10,BCH.BK,2564100.0,21.97737772624781
2026-07-10,BCP.BK,3649700.0,34.73978192855524
2026-07-10,BCPG.BK,2093200.0,16.411502509434143
2026-07-10,BDMS.BK,1922175.0,3.62061667200951
2026-07-10,BE8.BK,81700.0,7.452550423299391
2026-07-10,BEM.BK,-9049.0,-0.0309100585272342
2026-07-10,BGC.BK,-2100.0,-2.48517769020485
2026-07-10,BGRIM.BK,3539100.0,9.261926932501147
2026-07-10,BH.BK,-29569.0,-1.7939349963234312
2026-07-10,BIG.BK,-1200.0,-0.0857571030107174
2026-07-10,BIOTEC.BK,-2800.0,-0.6881297616121897
2026-07-10,BIZ.BK,1700.0,0.8940451335019748
2026-07-10,BJC.BK,1199185.0,33.198740912589216
2026-07-10,BKD.BK,-20000.0,-64.91609594598981
2026-07-10,BKGI.BK,7400.0,1.575131651206253
2026-07-10,BKIH.BK,-700.0,-16.932752781809384
2026-07-10,BLA.BK,149400.0,11.1487046160413
2026-07-10,BLAND.BK,-12500.0,-0.4948576373754493
2026-07-10,BLC.BK,29500.0,4.370240881751652
2026-07-10,BM.BK,-55300.0,-2.398062816236403
2026-07-10,BOL.BK,-5100.0,-3.3662921941624533
2026-07-10,BPP.BK,-32042.0,-42.78199102755821
2026-07-10,BR.BK,-1600.0,-0.2762907960628561
2026-07-10,BRI.BK,1200.0,0.3768714020558334
2026-07-10,BSM.BK,-1300.0,-0.2808206009992893
2026-07-10,BTC.BK,40800.0,3.0941790756140013
2026-07-10,BTG.BK,-588500.0,-13.327798390382425
2026-07-10,BTS.BK,23991461.0,29.984729216202037
2026-07-10,BTW.BK,-100.0,-0.0105406621854798
2026-07-10,BWG.BK,-200.0,-0.0004141331381717
2026-07-10,BWG-W8.BK,-17.0,-0.0003342552880661
2026-07-10,BYD.BK,-29300.0,-1.2161158173917013
2026-07-10,CAZ.BK,123500.0,1.1246583110473412
2026-07-10,CBG.BK,-344500.0,-2.8325788834163155
2026-07-10,CCET.BK,-4946022.0,-4.128789476866002
2026-07-10,CCP.BK,-600.0,-0.1082799903991741
2026-07-10,CENTEL.BK,-593300.0,-27.35670926407086
2026-07-10,CFARM.BK,-62900.0,-5.553005155731337
2026-07-10,CFRESH.BK,-400.0,-0.0350363019883977
2026-07-10,CGH.BK,-25100.0,-0.869170755693761
2026-07-10,CHASE.BK,1300.0,0.0308656264950537
2026-07-10,CHAYO.BK,3473500.0,12.903562300765154
2026-07-10,CHG.BK,6056000.0,26.94558251512897
2026-07-10,CHOW.BK,0.0,0.0
2026-07-10,CIVIL.BK,1000.0,0.1223838913426859
2026-07-10,CK.BK,3986000.0,31.848859026211144
2026-07-10,CKP.BK,3731900.0,9.953625849394832
2026-07-10,CMAN.BK,-50200.0,-10.89646190579553
2026-07-10,CNT.BK,75500.0,6.213383215964856
2026-07-10,COCOCO.BK,318000.0,19.67866838535288
2026-07-10,COM7.BK,-2066500.0,-7.096655416530402
2026-07-10,COMAN.BK,100.0,0.2237136465324384
2026-07-10,CPALL.BK,-1572336.0,-3.2937159400009843
2026-07-10,CPANEL.BK,100.0,0.5289885738468049
2026-07-10,CPAXT.BK,-853800.0,-13.79690815457385
2026-07-10,CPF.BK,-3959300.0,-10.852901911591488
2026-07-10,CPI.BK,10000.0,4.942005564698266
2026-07-10,CPL.BK,21300.0,3.875404825151923
2026-07-10,CPN.BK,1578565.0,30.56065900665008
2026-07-10,CPW.BK,-1300.0,-0.6665675361100144
2026-07-10,CRANE.BK,-100.0,-0.0027538347148404
2026-07-10,CRC.BK,440998.0,3.8891589950967274
2026-07-10,CREDIT.BK,98000.0,4.6779896291834
2026-07-10,CSS.BK,1200.0,0.0300879093491408
2026-07-10,CTW.BK,12800.0,12.736318407960198
2026-07-10,CWT.BK,3500.0,0.2416678117117745
2026-07-10,DCC.BK,44059.0,1.3723608475190263
2026-07-10,DCON.BK,-500.0,-0.0871520454585069
2026-07-10,DELTA.BK,-1198321.0,-13.121959926326465
2026-07-10,DEMCO.BK,-118300.0,-9.736465243370478
2026-07-10,DITTO.BK,1945100.0,16.43173728683979
2026-07-10,DMT.BK,-135500.0,-17.42283484309805
2026-07-10,DOHOME.BK,6854800.0,18.483110622204418
2026-07-10,DPAINT.BK,-60000.0,-1.1708228601602348
2026-07-10,DUSIT.BK,5300.0,3.681757240210346
2026-07-10,EA.BK,18949750.0,15.102035920765944
2026-07-10,EA-W1.BK,-50000.0,-0.2872002928523946
2026-07-10,EASON.BK,-100.0,-0.0541708874816496
2026-07-10,EASTW.BK,-434900.0,-16.55269954776
2026-07-10,EFORL.BK,-400000.0,-7.441564187025857
2026-07-10,EGCO.BK,709675.0,19.064580350889823
2026-07-10,EKH.BK,29500.0,12.827815923015711
2026-07-10,EMPIRE.BK,-15100.0,-0.0393323175002608
2026-07-10,EP.BK,24800.0,19.34990559118643
2026-07-10,EPG.BK,3838759.0,15.90549001742504
2026-07-10,ERW.BK,1593700.0,6.494288677142287
2026-07-10,ESTAR.BK,-41600.0,-0.70766087121899
2026-07-10,ETC.BK,-13000.0,-0.3223726627981947
2026-07-10,EVER.BK,-200.0,-0.0067698160979456
2026-07-10,F&D.BK,84000.0,99.99880953798169
2026-07-10,FM.BK,613200.0,24.445793684996097
2026-07-10,FMT.BK,100.0,33.11258278145696
2026-07-10,FNS.BK,15000.0,11.398262904733318
2026-07-10,FORTH.BK,1039200.0,5.5248689279074785
2026-07-10,FPT.BK,-100.0,-0.0447193191930846
2026-07-10,FSMART.BK,427900.0,9.951815444640788
2026-07-10,FSX.BK,700.0,2.430555555555556
2026-07-10,FTE.BK,-200.0,-0.0544917553974083
2026-07-10,GABLE.BK,33900.0,9.452560138079876
2026-07-10,GFC.BK,22000.0,12.97628878140852
2026-07-10,GFPT.BK,-408200.0,-24.172111115914213
2026-07-10,GJS.BK,-410300.0,-32.4990099009901
2026-07-10,GLOBAL.BK,2495597.0,9.38716301281803
2026-07-10,GLORY.BK,-500.0,-23.809523809523807
2026-07-10,GPI.BK,2600.0,12.378005236848368
2026-07-10,GPSC.BK,150600.0,0.9982159375713364
2026-07-10,GRAND.BK,400100.0,9.862555271968404
2026-07-10,GREEN.BK,-400.0,-0.1468968049944913
2026-07-10,GTV.BK,-100000.0,-2.784894730979169
2026-07-10,GULF.BK,-209491.0,-0.5365130348304371
2026-07-10,GUNKUL.BK,-2582700.0,-2.058479746195592
2026-07-10,HANA.BK,1499000.0,5.152010251503681
2026-07-10,HARN.BK,162100.0,13.268331333397724
2026-07-10,HENG.BK,58200.0,2.57169255813152
2026-07-10,HFT.BK,-100.0,-0.1940805434255215
2026-07-10,HMPRO.BK,5323600.0,17.464988252731857
2026-07-10,HTC.BK,64200.0,22.65589159050005
2026-07-10,HTECH.BK,213500.0,15.70587421764884
2026-07-10,HUMAN.BK,642300.0,18.466692389123654
2026-07-10,ICHI.BK,2687200.0,36.85524578301488
2026-07-10,ICN.BK,-300.0,-0.0326973694966239
2026-07-10,IFS.BK,-21100.0,-7.8614008941877795
2026-07-10,IHL.BK,-30000.0,-16.570374379991826
2026-07-10,IIG.BK,20000.0,23.835345433743697
2026-07-10,ILINK.BK,7900.0,0.6135207548635111
2026-07-10,ILM.BK,27700.0,15.085913460229284
2026-07-10,IMH.BK,5600.0,10.108303249097473
2026-07-10,INET.BK,81900.0,7.91579679888657
2026-07-10,INGRS.BK,199900.0,6.527771110677885
2026-07-10,INSET.BK,8332400.0,32.95063344670412
2026-07-10,IRCP.BK,-100.0,-0.0016331391367585
2026-07-10,IROYAL.BK,9100.0,3.676767676767677
2026-07-10,IRPC.BK,19093700.0,20.1418149942377
2026-07-10,IT.BK,-14200.0,-1.6715597064646983
2026-07-10,ITC.BK,-1343800.0,-3.254818447714156
2026-07-10,ITD.BK,346000.0,3.4340928600544633
2026-07-10,ITEL.BK,3076600.0,9.27592910266828
2026-07-10,ITEL-W6.BK,-501800.0,-3.5754487373421773
2026-07-10,ITNS.BK,-15500.0,-2.4344275168839324
2026-07-10,ITTHI.BK,-4900.0,-0.59794161649245
2026-07-10,IVF-W1.BK,-10100.0,-0.1075780881115667
2026-07-10,IVL.BK,-935194.0,-4.719275725806504
2026-07-10,JAS.BK,2267700.0,13.67624480242992
2026-07-10,JAS-W4.BK,-2700.0,-0.036050066332122
2026-07-10,JCK.BK,0.0,0.0
2026-07-10,JMART.BK,15393360.0,19.96303378208928
2026-07-10,JMT.BK,5943400.0,15.256605482033034
2026-07-10,JPARK.BK,113800.0,3.880515583441315
2026-07-10,JR.BK,-100.0,-0.1414427157001414
2026-07-10,JTS.BK,-1200.0,-0.105708524599695
2026-07-10,JUBILE.BK,-374720.0,-65.70346472155983
2026-07-10,KAMART.BK,143500.0,21.1567664794256
2026-07-10,KBANK.BK,80379.0,0.5353468165416632
2026-07-10,KBS.BK,-8500.0,-3.3543804262036305
2026-07-10,KC.BK,-1000.0,-1.3123359580052494
2026-07-10,KCC.BK,12500.0,5.755064456721915
2026-07-10,KCE.BK,5348551.0,19.62238864396041
2026-07-10,KCG.BK,-77600.0,-8.131325091634585
2026-07-10,KGEN.BK,-891100.0,-5.946711697330727
2026-07-10,KGI.BK,793300.0,32.7605367062136
2026-07-10,KIAT.BK,-500.0,-0.0932668775741658
2026-07-10,KISS.BK,-69200.0,-5.257056382689394
2026-07-10,KKP.BK,849730.0,9.855886669076131
2026-07-10,KLINIQ.BK,210900.0,44.52354110985851
2026-07-10,KSL.BK,299900.0,21.927162921964452
2026-07-10,KTB.BK,-7911275.0,-9.72948028807066
2026-07-10,KTC.BK,-1610650.0,-6.702553162359587
2026-07-10,KTMS.BK,11000.0,9.523067466604331
2026-07-10,KUMWEL.BK,608000.0,7.978638245917378
2026-07-10,KWM.BK,-1000.0,-0.143143429716576
2026-07-10,LANNA.BK,17000.0,7.940734097512214
2026-07-10,LEO.BK,-100.0,-0.0108920122339081
2026-07-10,LH.BK,7899900.0,28.394173772458505
2026-07-10,LHFG.BK,491200.0,6.870413401110595
2026-07-10,LOXLEY.BK,62600.0,5.024032693130318
2026-07-10,LPN.BK,-46500.0,-4.4888286088010005
2026-07-10,LST.BK,400.0,0.4531499586500663
2026-07-10,LTS.BK,1000.0,0.1375137513751375
2026-07-10,M.BK,589700.0,26.861846657437887
2026-07-10,MAGURO.BK,56000.0,9.351240959771296
2026-07-10,MAJOR.BK,54000.0,5.991970759182695
2026-07-10,MALEE.BK,112200.0,13.535864612400156
2026-07-10,MASTEC.BK,-55700.0,-2.9485236472125864
2026-07-10,MASTER.BK,338915.0,22.21344676611698
2026-07-10,MBAX.BK,-1000.0,-0.1158857320327863
2026-07-10,MBK.BK,540500.0,21.663248509324013
2026-07-10,MC.BK,49200.0,8.725461855366602
2026-07-10,MCOT.BK,-1100.0,-0.1917341658082205
2026-07-10,MCS.BK,-370200.0,-88.21742186848408
2026-07-10,MDX.BK,-414000.0,-1.889987826013199
2026-07-10,MEB.BK,-115200.0,-11.936277684237794
2026-07-10,MEDEZE.BK,9600.0,0.9768973942279612
2026-07-10,MEGA.BK,136900.0,19.48579700325807
2026-07-10,METCO.BK,800.0,27.519779841761267
2026-07-10,MFC.BK,1800.0,24.63728442376129
2026-07-10,MFEC.BK,-11900.0,-6.326186691617005
2026-07-10,MGC.BK,1185300.0,26.526736434840643
2026-07-10,MGI.BK,186900.0,6.288279776972986
2026-07-10,MICRO.BK,46300.0,1.773927329515239
2026-07-10,MIDA.BK,-9100.0,-0.7044434122929246
2026-07-10,MINT.BK,-1062391.0,-3.02330910245149
2026-07-10,ML.BK,203700.0,24.97214080021184
2026-07-10,MMM.BK,15100.0,5.142228594196433
2026-07-10,MMM-W1.BK,-2000.0,-0.3377876261636783
2026-07-10,MODERN.BK,500.0,0.0969932104752667
2026-07-10,MONO.BK,326100.0,1.847790456822418
2026-07-10,MOONG.BK,-100.0,-0.0127614664966839
2026-07-10,MORE.BK,-310100.0,-41.23121925275895
2026-07-10,MOSHI.BK,-7600.0,-1.9520815353634984
2026-07-10,MRDIYT.BK,409400.0,8.62261606464561
2026-07-10,MSC.BK,-300.0,-5.454545454545454
2026-07-10,MST.BK,-5300.0,-4.369332234130256
2026-07-10,MTC.BK,840210.0,6.287777572478272
2026-07-10,MTI.BK,600.0,0.2062089515305859
2026-07-10,NATION.BK,100.0,0.0007394754161397
2026-07-10,NCAP.BK,410300.0,1.484258056006848
2026-07-10,NDR.BK,-1000.0,-0.8826125330979699
2026-07-10,NEO.BK,-125400.0,-14.161250797558484
2026-07-10,NER.BK,1317600.0,21.50061429160975
2026-07-10,NETBAY.BK,526200.0,11.617053180582255
2026-07-10,NEX.BK,2875700.0,8.608636884301502
2026-07-10,NSL.BK,66700.0,33.339331413947534
2026-07-10,NTF.BK,-2500.0,-0.6675549597998404
2026-07-10,NVD.BK,-400.0,-0.0214442716989224
2026-07-10,NYT.BK,723500.0,33.31267502391974
2026-07-10,OHTL.BK,400.0,18.173557473875512
2026-07-10,OKJ.BK,258400.0,10.314768081381285
2026-07-10,ONEE.BK,-49600.0,-6.65348489685757
2026-07-10,OR.BK,2236470.0,16.365603335773997
2026-07-10,ORI.BK,458200.0,12.590125736393212
2026-07-10,ORN.BK,-6600.0,-1.8905703507008
2026-07-10,OSP.BK,897500.0,9.229902209314645
2026-07-10,PACO.BK,400.0,0.0310655483069276
2026-07-10,PAF.BK,-1700.0,-0.3594840346796363
2026-07-10,PB.BK,0.0,0.0
2026-07-10,PCC.BK,71900.0,4.922634533753252
2026-07-10,PCE.BK,-84700.0,-2.273089571537376
2026-07-10,PEER.BK,-500.0,-1.7731125217206285
2026-07-10,PF.BK,-2633600.0,-18.111077100882536
2026-07-10,PHOL.BK,-2000.0,-0.6705334093271198
2026-07-10,PIN.BK,448800.0,11.293194013701305
2026-07-10,PIS.BK,4700.0,0.1942293228421948
2026-07-10,PK.BK,-3600.0,-0.1946892030235233
2026-07-10,PLANB.BK,26869400.0,20.812382675996172
2026-07-10,PLAT.BK,878900.0,12.128946893042396
2026-07-10,PLUS.BK,37700.0,6.2303648481823695
2026-07-10,PM.BK,5000.0,2.5013882704901222
2026-07-10,PMC.BK,-76000.0,-12.853187844266715
2026-07-10,PMTA.BK,-8800.0,-77.19298245614034
2026-07-10,PPPM.BK,-1600.0,-0.5747002578967407
2026-07-10,PPS.BK,35500.0,23.954116059379217
2026-07-10,PQS.BK,60900.0,31.07380666887772
2026-07-10,PR9.BK,-716800.0,-43.52837299346224
2026-07-10,PREB.BK,-100.0,-0.5952380952380952
2026-07-10,PRIME.BK,-100.0,-0.0290772057968317
2026-07-10,PRINC.BK,200.0,0.0604951528258798
2026-07-10,PRM.BK,780000.0,39.62067772693124
2026-07-10,PRTR.BK,8100.0,4.417033389500548
2026-07-10,PSH.BK,96100.0,9.315906158482855
2026-07-10,PSL.BK,188400.0,4.817736635511629
2026-07-10,PSP.BK,-278700.0,-4.946576266373221
2026-07-10,PSTC.BK,-3200.0,-0.3328825548736087
2026-07-10,PT.BK,32600.0,20.40369269284932
2026-07-10,PTG.BK,-508900.0,-6.098848565194642
2026-07-10,PTL.BK,-10600.0,-1.815052953313756
2026-07-10,PTT.BK,35951600.0,37.94785327253686
2026-07-10,PTTEP.BK,834607.0,4.357674915374308
2026-07-10,PTTGC.BK,1049353.0,7.676304686427855
2026-07-10,PYLON.BK,151700.0,26.877433940334576
2026-07-10,QH.BK,2138900.0,12.269403730153426
2026-07-10,QLT.BK,-100.0,-0.1691789744370569
2026-07-10,QTC.BK,-400.0,-0.3110419906687403
2026-07-10,RABBIT.BK,-290800.0,-1.5567492655628483
2026-07-10,RABBIT-P.BK,-100.0,-0.0104558762024257
2026-07-10,RATCH.BK,1802150.0,7.977831796061094
2026-07-10,RBF.BK,-18700.0,-1.2874522971384823
2026-07-10,RCL.BK,126400.0,2.579621844580642
2026-07-10,RJH.BK,8200.0,9.421172361497277
2026-07-10,ROCTEC.BK,-59260.0,-1.062392142815909
2026-07-10,ROJNA.BK,5048700.0,33.16481923902417
2026-07-10,RPC.BK,-700.0,-0.2759164367363027
2026-07-10,RS.BK,-4500.0,-0.770636357253315
2026-07-10,RT.BK,-100.0,-0.0049548955854853
2026-07-10,RWI.BK,-10300.0,-19.50166616176916
2026-07-10,S.BK,16300.0,2.300177381777233
2026-07-10,S&J.BK,-3.0,-15.0
2026-07-10,S11.BK,100.0,0.1061480978260869
2026-07-10,SABINA.BK,-48700.0,-17.93348775035996
2026-07-10,SAK.BK,791700.0,25.45746750772454
2026-07-10,SALEE.BK,-612300.0,-16.878462937949664
2026-07-10,SAMART.BK,582900.0,31.10785925734989
2026-07-10,SAMTEL.BK,1000.0,0.923292831554456
2026-07-10,SANKO.BK,10800.0,0.4847340201595493
2026-07-10,SAPPE.BK,613550.0,38.8415709581153
2026-07-10,SAT.BK,147599.0,15.918959436577184
2026-07-10,SAV.BK,38600.0,4.501431478533653
2026-07-10,SAWAD.BK,4428900.0,16.16519604712066
2026-07-10,SC.BK,1527400.0,13.839971366826292
2026-07-10,SCAP.BK,2020500.0,10.844793586623627
2026-07-10,SCB.BK,4000070.0,15.3654337491928
2026-07-10,SCC.BK,1923118.0,25.02022767140244
2026-07-10,SCCC.BK,4300.0,9.472617526545358
2026-07-10,SCG.BK,-19500.0,-14.818530001823818
2026-07-10,SCGD.BK,-151300.0,-37.314629159668634
2026-07-10,SCGP.BK,759200.0,10.570362385772004
2026-07-10,SCL.BK,-6200.0,-1.2343221182560224
2026-07-10,SCM.BK,-2200.0,-1.5235562573148014
2026-07-10,SCN.BK,-100.0,-0.018796992481203
2026-07-10,SCP.BK,15000.0,23.23744016359158
2026-07-10,SDC.BK,-31300.0,-2.3577799204531757
2026-07-10,SE-ED.BK,-100.0,-47.61904761904761
2026-07-10,SEAFCO.BK,63300.0,14.205501770638374
2026-07-10,SEAOIL.BK,5700.0,2.129917493722348
2026-07-10,SECURE.BK,6000.0,9.375
2026-07-10,SFLEX.BK,23100.0,1.581750840690301
2026-07-10,SFT.BK,5000.0,3.5739814152966405
2026-07-10,SGC.BK,16243700.0,8.536846915799241
2026-07-10,SGF.BK,-600.0,-1.160541586073501
2026-07-10,SGP.BK,-1100.0,-0.9098127439952358
2026-07-10,SHR.BK,152000.0,8.159702557368883
2026-07-10,SICT.BK,102300.0,2.027017789211153
2026-07-10,SIMAT.BK,5000.0,0.5649717514124294
2026-07-10,SINGER.BK,8183559.0,26.094190372159748
2026-07-10,SIRI.BK,7917700.0,40.6911612961515
2026-07-10,SIS.BK,284900.0,21.382692402952294
2026-07-10,SISB.BK,-641300.0,-9.387257833119936
2026-07-10,SITHAI.BK,-300.0,-0.0779605519607078
2026-07-10,SJWD.BK,848200.0,27.62638779279753
2026-07-10,SKE.BK,-100.0,-0.0459510253971317
2026-07-10,SKR.BK,5000.0,7.01252436852218
2026-07-10,SKY.BK,-396600.0,-18.06387671016997
2026-07-10,SMART.BK,38000.0,4.3130992228476215
2026-07-10,SMD100.BK,-700.0,-1.008471157724889
2026-07-10,SMO.BK,-26800.0,-2.64165635796415
2026-07-10,SMPC.BK,34800.0,9.77272791096708
2026-07-10,SMT.BK,142800.0,0.3971088915406073
2026-07-10,SNC.BK,-9200.0,-2.3720510506639165
2026-07-10,SNNP.BK,38000.0,6.130396765731727
2026-07-10,SOLAR.BK,-400.0,-0.009513317693439
2026-07-10,SPA.BK,579500.0,46.583189376942805
2026-07-10,SPACK.BK,100.0,0.0229463056447911
2026-07-10,SPALI.BK,46300.0,1.1858030434928482
2026-07-10,SPCG.BK,-500.0,-0.4134760101218928
2026-07-10,SPRC.BK,4700300.0,21.63899591707416
2026-07-10,SPREME.BK,-400.0,-0.0172034723488588
2026-07-10,SPVI.BK,123400.0,15.20995031498402
2026-07-10,SQ.BK,5400.0,9.659934527110426
2026-07-10,SRICHA.BK,111700.0,27.757069728144725
2026-07-10,SSP.BK,101100.0,6.856236055256787
2026-07-10,STA.BK,156300.0,3.332012324395169
2026-07-10,STANLY.BK,5700.0,13.742887452984858
2026-07-10,STARM.BK,-3000.0,-3.7200535687713905
2026-07-10,STECON.BK,8113800.0,29.702307019017777
2026-07-10,STELLA.BK,-14700.0,-0.442100476506119
2026-07-10,STGT.BK,87670.0,3.3630072273775715
2026-07-10,STOWER.BK,-6700.0,-4.834089712046985
2026-07-10,STPI.BK,1697200.0,30.295771123053456
2026-07-10,STX.BK,-149300.0,-19.096174114131937
2026-07-10,SUC.BK,15100.0,15.85867921357755
2026-07-10,SUN.BK,-28.0,-0.0095063811583525
2026-07-10,SUPER.BK,-100.0,-0.0007385670012842
2026-07-10,SUSCO.BK,300600.0,32.67082351994974
2026-07-10,SVOA.BK,180500.0,13.839806350055856
2026-07-10,SVT.BK,11700.0,2.5627714730679
2026-07-10,SWC.BK,18.0,0.2217294900221729
2026-07-10,SYNEX.BK,1827100.0,29.517840271827144
2026-07-10,SYNTEC.BK,215600.0,3.805879660415268
2026-07-10,TACC.BK,593800.0,58.560100039349074
2026-07-10,TAE.BK,-101900.0,-2.403698156842366
2026-07-10,TAKUNI.BK,1900.0,0.0807308264287231
2026-07-10,TASCO.BK,88200.0,7.492832112137624
2026-07-10,TBN.BK,20000.0,15.763174072731283
2026-07-10,TC.BK,-9400.0,-34.306569343065696
2026-07-10,TCAP.BK,31800.0,2.3266056871607947
2026-07-10,TCC.BK,300.0,0.2006688963210702
2026-07-10,TCJ.BK,5400.0,43.90243902439025
2026-07-10,TCMC.BK,800.0,0.1394819292443043
2026-07-10,TEAM.BK,387300.0,12.716012983269234
2026-07-10,TEAMG.BK,1486600.0,23.33919037218363
2026-07-10,TEGH.BK,29400.0,4.063855050307485
2026-07-10,TFG.BK,-1958800.0,-10.74038529076051
2026-07-10,TFM.BK,-196400.0,-24.708753742797473
2026-07-10,TFMAMA.BK,400.0,11.641443538998836
2026-07-10,TGE.BK,300.0,0.0732600732600732
2026-07-10,THAI.BK,-9285000.0,-11.382021334210716
2026-07-10,THANA.BK,-60000.0,-94.03062263943956
2026-07-10,THANI.BK,4071000.0,10.264533751519163
2026-07-10,THCOM.BK,-173900.0,-2.303823286817918
2026-07-10,THG.BK,80300.0,12.185128983308042
2026-07-10,THMUI.BK,-1500.0,-0.6963788300835655
2026-07-10,THRE.BK,72900.0,43.9686369119421
2026-07-10,THREL.BK,-20000.0,-2.4785788820122097
2026-07-10,TIDLOR.BK,611600.0,3.3717014136778833
2026-07-10,TIGER.BK,-120100.0,-15.660451167036118
2026-07-10,TIPH.BK,-50600.0,-18.223201809355057
2026-07-10,TISCO.BK,278900.0,4.6304643713243925
2026-07-10,TITLE.BK,125300.0,15.112681747185215
2026-07-10,TKC.BK,-100.0,-0.0660938532716457
2026-07-10,TKN.BK,269900.0,33.98165821426953
2026-07-10,TKS.BK,12900.0,6.953315761388076
2026-07-10,TLI.BK,1448400.0,6.087778758922827
2026-07-10,TMAN.BK,14200.0,3.866933902662193
2026-07-10,TMW.BK,-6900.0,-5.278700062732378
2026-07-10,TNDT.BK,-100.0,-0.1503736785912993
2026-07-10,TNITY.BK,-1175.0,-0.6813292588877228
2026-07-10,TNR.BK,-200.0,-0.2936598831233665
2026-07-10,TOA.BK,-1004400.0,-25.57217226234034
2026-07-10,TOP.BK,3800921.0,26.94244079061156
2026-07-10,TPAC.BK,300.0,1.9867549668874176
2026-07-10,TPCH.BK,-800.0,-0.0594220316095497
2026-07-10,TPCS.BK,-500.0,-83.33333333333334
2026-07-10,TPIPL.BK,2708000.0,25.073621355910703
2026-07-10,TPIPP.BK,152900.0,2.4515109099450534
2026-07-10,TPOLY.BK,200.0,0.6654024021026715
2026-07-10,TQM.BK,82600.0,6.227274406429925
2026-07-10,TRT.BK,3062400.0,22.27251672238796
2026-07-10,TRUBB.BK,152300.0,6.879474142572698
2026-07-10,TRUE.BK,2735234.0,2.2723575033887213
2026-07-10,TSE.BK,29700.0,0.5985851623435516
2026-07-10,TSI.BK,-500000.0,-39.777247414478914
2026-07-10,TSTH.BK,-19600.0,-0.448918461519786
2026-07-10,TTA.BK,1829700.0,47.49858194783905
2026-07-10,TTB.BK,-14552444.0,-6.47182018338316
2026-07-10,TTW.BK,2793099.0,41.078839455819534
2026-07-10,TU.BK,2090100.0,19.74305781340888
2026-07-10,TURBO.BK,2352400.0,11.8865886849721
2026-07-10,TVO.BK,175900.0,43.3973808607435
2026-07-10,TYCN.BK,2600.0,4.081632653061225
2026-07-10,UBA.BK,500.0,0.3142677561282213
2026-07-10,UBE.BK,-37800.0,-0.4924275584347369
2026-07-10,UBIS.BK,-900.0,-0.3735044260274484
2026-07-10,UEC.BK,10000.0,2.5811913746909023
2026-07-10,UKEM.BK,1680300.0,14.876858865861516
2026-07-10,UMI.BK,400.0,0.082815734989648
2026-07-10,UMS.BK,7600.0,0.1729243672048937
2026-07-10,UNIQ.BK,-3900.0,-1.441241685144124
2026-07-10,UNIX.BK,402700.0,11.855488455250756
2026-07-10,UREKA.BK,-163600.0,-0.7297837413460853
2026-07-10,UTP.BK,-38500.0,-12.639900719325258
2026-07-10,UV.BK,-45500.0,-7.005291689568582
2026-07-10,UVAN.BK,2800.0,1.6923337282112032
2026-07-10,VCOM.BK,-6200.0,-1.5901594776069636
2026-07-10,VGI.BK,25837700.0,7.497751315917355
2026-07-10,VIBHA-W5.BK,-1600.0,-4.046535154274153
2026-07-10,VIH.BK,10400.0,3.072450752159578
2026-07-10,VPO.BK,-406400.0,-27.58620689655172
2026-07-10,WARRIX.BK,33000.0,0.8238494941813758
2026-07-10,WASH.BK,29400.0,12.985865724381624
2026-07-10,WAVE.BK,-3088500.0,-97.40189089285224
2026-07-10,WHA.BK,78694920.0,27.320087778477625
2026-07-10,WHAUP.BK,5618600.0,15.975664535725056
2026-07-10,WICE.BK,47900.0,0.9351802916317764
2026-07-10,WIIK.BK,8400.0,0.6545068641407377
2026-07-10,WORK.BK,0.0,0.0
2026-07-10,WP.BK,-200.0,-0.0720751888369947
2026-07-10,WPH.BK,41200.0,7.621316748953457
2026-07-10,XBIO.BK,-100.0,-0.0008707870451966
2026-07-10,XO.BK,22500.0,6.6292873074192045
2026-07-10,XPG.BK,-65000.0,-0.6217873324701649
2026-07-10,YONG.BK,-32100.0,-2.706873434693516
2026-07-10,ZIGA-W2.BK,-2333.0,-0.2053943077692399
2026-07-13,88TH.BK,-65800.0,-5.567010134835016
2026-07-13,AAI.BK,139700.0,6.610145271782487
2026-07-13,AAV.BK,8774900.0,24.429817568293117
2026-07-13,ACC.BK,32700.0,1.1942374209730735
2026-07-13,ACE.BK,-59800.0,-0.7257055210778013
2026-07-13,ADD.BK,-100.0,-0.3688675765400221
2026-07-13,ADVANC.BK,754360.0,17.54640192462416
2026-07-13,ADVICE.BK,-84900.0,-7.105048434002134
2026-07-13,AE.BK,-1250.0,-0.155885811772247
2026-07-13,AEONTS.BK,238200.0,32.262258845710015
2026-07-13,AGE.BK,259400.0,16.508570901257237
2026-07-13,AH.BK,423100.0,42.24321347948893
2026-07-13,AI.BK,-36.0,-0.0251119574770853
2026-07-13,AIE.BK,12300.0,0.5947899303515499
2026-07-13,AIT.BK,668350.0,20.49933289370773
2026-07-13,AJ.BK,34100.0,0.5547060545921854
2026-07-13,AKP.BK,-800.0,-0.1430231518727094
2026-07-13,AKR.BK,-3100.0,-0.0939420698650203
2026-07-13,ALPHAX.BK,3800.0,0.0310163519840099
2026-07-13,ALT.BK,-1205100.0,-15.421999185581257
2026-07-13,AMANAH.BK,100.0,0.004247630034822
2026-07-13,AMARC.BK,-911300.0,-18.48114701952212
2026-07-13,AMATA.BK,-1524988.0,-15.36400691617473
2026-07-13,ANAN.BK,900.0,0.2863396879533711
2026-07-13,AOT.BK,-173003.0,-0.9275950119630872
2026-07-13,AP.BK,2196700.0,22.44844047872702
2026-07-13,APO.BK,22900.0,7.900556488978896
2026-07-13,APURE.BK,-300.0,-0.1644727824957099
2026-07-13,AQUA.BK,-14100.0,-2.599557522123894
2026-07-13,ARIN.BK,-500.0,-0.1119820828667413
2026-07-13,ARIP.BK,-2900.0,-1.049204052098408
2026-07-13,AS.BK,237800.0,38.735950480534285
2026-07-13,ASAP.BK,-200.0,-0.1596041816295587
2026-07-13,ASEFA.BK,681200.0,20.530483337366896
2026-07-13,ASIAN.BK,81000.0,29.43773918163085
2026-07-13,ASK.BK,152000.0,5.314406587067111
2026-07-13,ASP.BK,221600.0,10.712890662768256
2026-07-13,ASTR.BK,-700.0,-1.062215477996965
2026-07-13,ATLAS.BK,388600.0,8.34458721671941
2026-07-13,AU.BK,-47300.0,-10.173486989551204
2026-07-13,AUCT.BK,-189700.0,-33.247862199266336
2026-07-13,AURA.BK,1036500.0,25.23955663120953
2026-07-13,AWC.BK,-839100.0,-1.905229035163725
2026-07-13,AYUD.BK,994.0,18.733509234828496
2026-07-13,BA.BK,-1441200.0,-8.866983253817395
2026-07-13,BAFS.BK,-60500.0,-10.097082193586932
2026-07-13,BAM.BK,2010600.0,6.790654254848465
2026-07-13,BANPU.BK,6060040.0,7.173988190225447
2026-07-13,BAY.BK,-1140700.0,-34.674377893267845
2026-07-13,BBGI.BK,345800.0,12.450152584576788
2026-07-13,BBIK.BK,-445500.0,-9.422560931503163
2026-07-13,BBL.BK,-395444.0,-2.5580989009872943
2026-07-13,BCH.BK,1244300.0,18.6968436698645
2026-07-13,BCP.BK,2805000.0,33.37856396493073
2026-07-13,BCPG.BK,696404.0,3.9283669448209766
2026-07-13,BDMS.BK,2638510.0,4.5301678331110695
2026-07-13,BE8.BK,-37200.0,-3.7866642236574903
2026-07-13,BEAUTY.BK,1050000.0,5.586939969128165
2026-07-13,BEC.BK,3900.0,0.729503750397486
2026-07-13,BEM.BK,5131110.0,17.49703211548735
2026-07-13,BGRIM.BK,-2240500.0,-10.238201198543557
2026-07-13,BGT.BK,-2000.0,-1.1716324354723435
2026-07-13,BH.BK,405720.0,8.805933478434882
2026-07-13,BIG.BK,-200.0,-0.0391834943448421
2026-07-13,BIOTEC.BK,-62200.0,-3.5679458498250445
2026-07-13,BIZ.BK,11800.0,1.898162000083648
2026-07-13,BJC.BK,1191695.0,15.264850820266613
2026-07-13,BJCHI.BK,-1100.0,-2.483013927450848
2026-07-13,BKGI.BK,29700.0,5.737533903609431
2026-07-13,BKIH.BK,-1200.0,-16.209644738619478
2026-07-13,BLA.BK,368000.0,18.08654213820281
2026-07-13,BLAND.BK,218600.0,16.840269351865334
2026-07-13,BLC.BK,115500.0,24.09221373026733
2026-07-13,BM.BK,-45700.0,-3.6437133984205263
2026-07-13,BOL.BK,-4000.0,-2.6049637584417105
2026-07-13,BPP.BK,-45500.0,-9.29415489577269
2026-07-13,BR.BK,-100.0,-0.0465326216944388
2026-07-13,BRI.BK,332.0,0.0977312801914591
2026-07-13,BRR.BK,600.0,0.4465947152958689
2026-07-13,BSM.BK,-400.0,-0.0898422146105901
2026-07-13,BTC.BK,-80400.0,-9.174270052170105
2026-07-13,BTG.BK,991900.0,20.499718617129776
2026-07-13,BTS.BK,62163100.0,20.051658314924477
2026-07-13,BTW.BK,-100.0,-0.0394983706922089
2026-07-13,BWG.BK,149900.0,0.123953025888098
2026-07-13,BWG-W8.BK,-20000.0,-0.0307060231292198
2026-07-13,BYD.BK,592800.0,10.302097540426349
2026-07-13,CAZ.BK,-110000.0,-2.773286594209932
2026-07-13,CBG.BK,-823810.0,-6.1687548050070395
2026-07-13,CCET.BK,-2331800.0,-4.809119135934234
2026-07-13,CCP.BK,-500.0,-0.0072777968536919
2026-07-13,CENTEL.BK,84700.0,4.052288394714897
2026-07-13,CFARM.BK,-11300.0,-2.19498455740953
2026-07-13,CFRESH.BK,140700.0,11.317558463997376
2026-07-13,CGH.BK,17300.0,0.2547693409691484
2026-07-13,CHARAN.BK,-5900.0,-32.77777777777778
2026-07-13,CHASE.BK,7800.0,0.3102132955032197
2026-07-13,CHASE-W1.BK,-500.0,-0.1572757326690006
2026-07-13,CHAYO.BK,-2469559.0,-14.822301980847246
2026-07-13,CHAYO-W4.BK,-702.0,-0.0146045141263307
2026-07-13,CHG.BK,-476600.0,-3.446152529053683
2026-07-13,CIVIL.BK,72000.0,9.53210598642734
2026-07-13,CK.BK,-5179900.0,-51.662461281080226
2026-07-13,CKP.BK,-1629400.0,-17.918058805850563
2026-07-13,CMC.BK,-124.0,-0.0203747307331452
2026-07-13,CNT.BK,827400.0,3.2144869319101423
2026-07-13,COCOCO.BK,1088800.0,13.456124174023476
2026-07-13,COM7.BK,-1537800.0,-12.667991129934888
2026-07-13,COMAN.BK,300.0,23.076923076923077
2026-07-13,CPALL.BK,754300.0,2.333440946527544
2026-07-13,CPANEL.BK,-74.0,-0.533910533910534
2026-07-13,CPAXT.BK,-1094500.0,-18.92550509657195
2026-07-13,CPF.BK,-3072100.0,-10.102651701899394
2026-07-13,CPL.BK,5500.0,1.3129562522976734
2026-07-13,CPN.BK,1374800.0,21.25693289423779
2026-07-13,CPW.BK,-200.0,-0.0111776491727142
2026-07-13,CRANE.BK,-1000.0,-0.043886597033266
2026-07-13,CRC.BK,2800200.0,18.551013598047987
2026-07-13,CREDIT.BK,-58900.0,-3.0781869948951224
2026-07-13,CSS.BK,66200.0,0.6146677553652046
2026-07-13,CTW.BK,36400.0,16.35139323753094
2026-07-13,CWT.BK,-8800.0,-0.7558182978456601
2026-07-13,DCC.BK,-143739.0,-2.9906123994557188
2026-07-13,DCON.BK,-200.0,-0.095876817464921
2026-07-13,DELTA.BK,327817.0,4.095511674413962
2026-07-13,DEMCO.BK,-34500.0,-2.7240211289291043
2026-07-13,DEXON.BK,156900.0,89.67866573691971
2026-07-13,DITTO.BK,-1381600.0,-20.288229126589975
2026-07-13,DMT.BK,-176300.0,-25.02086254562795
2026-07-13,DOHOME.BK,842700.0,4.689495518907955
2026-07-13,DUSIT.BK,600.0,0.2979131186041777
2026-07-13,EA.BK,7150900.0,4.234984908946433
2026-07-13,EA-W1.BK,-676000.0,-4.44498684389101
2026-07-13,EASTW.BK,-748500.0,-24.729005124206672
2026-07-13,EGCO.BK,-80900.0,-4.811652645070732
2026-07-13,EKH.BK,19100.0,6.762785559505431
2026-07-13,EMPIRE.BK,550500.0,2.871762426945468
2026-07-13,EPG.BK,94500.0,0.3494112420571337
2026-07-13,ERW.BK,-2314000.0,-10.130655244564482
2026-07-13,ETC.BK,207200.0,1.964185653083672
2026-07-13,EVER.BK,-500.0,-0.0088088993843988
2026-07-13,FLOYD.BK,30000.0,3.5888773513128114
2026-07-13,FM.BK,313400.0,24.938191638942097
2026-07-13,FORTH.BK,-2422800.0,-43.7457546142671
2026-07-13,FPT.BK,-500.0,-0.2156055281257411
2026-07-13,FSMART.BK,-61600.0,-4.4016034412536
2026-07-13,FSX.BK,-4000.0,-43.95121415229096
2026-07-13,FTE.BK,-200.0,-0.0265240732488806
2026-07-13,GABLE.BK,235600.0,19.270107858621532
2026-07-13,GBX.BK,-60000.0,-5.735589331803843
2026-07-13,GC.BK,-500.0,-0.4665049449524164
2026-07-13,GFPT.BK,42300.0,3.3157642248636856
2026-07-13,GJS.BK,-78300.0,-69.77801146034773
2026-07-13,GLOBAL.BK,2801400.0,11.990620145423186
2026-07-13,GLORY.BK,-2000.0,-16.666666666666664
2026-07-13,GPSC.BK,169800.0,1.8182503505860808
2026-07-13,GRAND.BK,-10000000.0,-76.59079072332344
2026-07-13,GREEN.BK,-2900.0,-1.3187812642110048
2026-07-13,GTB.BK,-100.0,-0.010584250635055
2026-07-13,GULF.BK,2516900.0,8.099171521911206
2026-07-13,GUNKUL.BK,-44786200.0,-32.81972156739038
2026-07-13,HANA.BK,3376200.0,10.204089959561738
2026-07-13,HARN.BK,30000.0,13.245033112582782
2026-07-13,HENG.BK,998000.0,16.857766396627095
2026-07-13,HFT.BK,-400.0,-1.2987012987012987
2026-07-13,HMPRO.BK,3800000.0,18.697102268967164
2026-07-13,HTC.BK,156900.0,32.268413973518925
2026-07-13,HTECH.BK,31000.0,4.9189328137247745
2026-07-13,HUMAN.BK,-13900.0,-0.5597595691703758
2026-07-13,HYDRO.BK,-200.0,-0.004985022499899
2026-07-13,ICHI.BK,-440300.0,-10.189914738439954
2026-07-13,ICN.BK,2300.0,0.098711641407216
2026-07-13,IHL.BK,-23200.0,-26.820809248554912
2026-07-13,ILINK.BK,40300.0,7.555631382680543
2026-07-13,ILM.BK,3200.0,2.2455982765033227
2026-07-13,INET.BK,-11500.0,-1.312371901090524
2026-07-13,INOX.BK,7700.0,1.541664998198054
2026-07-13,INSET.BK,-4449200.0,-19.531121392425145
2026-07-13,IROYAL.BK,12900.0,1.328402796442352
2026-07-13,IRPC.BK,-3683300.0,-2.021867945789852
2026-07-13,IT.BK,-1000.0,-0.0643246077002987
2026-07-13,ITC.BK,-1323000.0,-15.762501164614124
2026-07-13,ITD.BK,537600.0,3.920545936021591
2026-07-13,ITEL.BK,-3604000.0,-35.07175648289838
2026-07-13,IVL.BK,-1390407.0,-6.9654958206734525
2026-07-13,J.BK,1000.0,0.0226442404148062
2026-07-13,JAK.BK,9900.0,4.962157285349105
2026-07-13,JAS.BK,-122500.0,-0.6215801043219454
2026-07-13,JCK.BK,-9200.0,-3.1228360782609874
2026-07-13,JDF.BK,2500.0,0.3059533629169838
2026-07-13,JMART.BK,-4990000.0,-19.683834231031884
2026-07-13,JMT.BK,-3611000.0,-17.243585001968135
2026-07-13,JPARK.BK,164500.0,1.64842575841113
2026-07-13,JTS.BK,176400.0,16.871470763768805
2026-07-13,JUBILE.BK,-3721.0,-7.293075400325357
2026-07-13,KAMART.BK,205100.0,42.010610188238665
2026-07-13,KBANK.BK,1524940.0,9.450217394537622
2026-07-13,KBS.BK,2800.0,1.431668507383319
2026-07-13,KCC.BK,5800.0,4.264705882352941
2026-07-13,KCE.BK,728695.0,2.4410832132352573
2026-07-13,KCG.BK,350400.0,30.84919813214444
2026-07-13,KGEN.BK,-1968000.0,-26.31227103778378
2026-07-13,KGI.BK,3309700.0,36.77031391251494
2026-07-13,KIAT.BK,500.0,0.1353502322609985
2026-07-13,KISS.BK,-8000.0,-5.050409398811891
2026-07-13,KKP.BK,1258502.0,14.851771647735651
2026-07-13,KLINIQ.BK,88900.0,15.995739267650642
2026-07-13,KOOL.BK,-2500.0,-0.4707131681067351
2026-07-13,KSL.BK,-172700.0,-15.797470392320616
2026-07-13,KTB.BK,-19697520.0,-21.011808181517775
2026-07-13,KTC.BK,3959900.0,22.69708343710156
2026-07-13,KUMWEL.BK,-1231600.0,-10.450797119361154
2026-07-13,LANNA.BK,6500.0,2.217083137206748
2026-07-13,LEE.BK,-8.0,-0.0144123369604381
2026-07-13,LH.BK,1157900.0,9.814112454692689
2026-07-13,LHFG.BK,505100.0,8.015251670333381
2026-07-13,LHK.BK,0.0,0.0
2026-07-13,LOXLEY.BK,119800.0,7.287822765990323
2026-07-13,LPH.BK,-11900.0,-28.19838392455155
2026-07-13,LPN.BK,-26200.0,-5.833240565512635
2026-07-13,LST.BK,100.0,1.586797841954935
2026-07-13,LTS.BK,-11000.0,-1.7947170057594102
2026-07-13,M.BK,509600.0,21.716035562138927
2026-07-13,MAGURO.BK,-44608.0,-8.489210549853748
2026-07-13,MAJOR.BK,900.0,0.1930493648675895
2026-07-13,MALEE.BK,149500.0,5.380293155799254
2026-07-13,MASTEC.BK,1219400.0,14.930267057591356
2026-07-13,MASTER.BK,562700.0,12.502432941900013
2026-07-13,MATI.BK,-5.0,-100.0
2026-07-13,MBK.BK,283200.0,8.755701099162025
2026-07-13,MC.BK,17100.0,2.560443690452839
2026-07-13,MCOT.BK,-1500.0,-0.5419388403953985
2026-07-13,MCS.BK,15700.0,6.90240353121689
2026-07-13,MDX.BK,-36300.0,-0.1683559462114346
2026-07-13,MEB.BK,-189700.0,-26.132968178944015
2026-07-13,MEDEZE.BK,51000.0,7.2247989097636784
2026-07-13,MEGA.BK,232800.0,33.2471687065309
2026-07-13,METCO.BK,300.0,3.3890646181653863
2026-07-13,MFC.BK,18100.0,14.597951447697394
2026-07-13,MFEC.BK,-1700.0,-0.8840307642705967
2026-07-13,MGC.BK,1580700.0,3.1538673662597723
2026-07-13,MGI.BK,-14800.0,-6.8891361116412435
2026-07-13,MGI-W1.BK,-8400.0,-0.0935126178022419
2026-07-13,MGT.BK,1800.0,0.7795481219386496
2026-07-13,MICRO.BK,74300.0,0.5932121993489995
2026-07-13,MIDA.BK,90100.0,3.5257150236156387
2026-07-13,MINT.BK,5099505.0,19.124175499268187
2026-07-13,MK.BK,-5000.0,-2.445430224539403
2026-07-13,ML.BK,2007900.0,24.97446768338211
2026-07-13,MMM.BK,19700.0,2.7994884183600965
2026-07-13,MMM-W1.BK,2000.0,0.3794915193132721
2026-07-13,MONO.BK,588600.0,1.8147300024908604
2026-07-13,MOONG.BK,-100.0,-0.0286807431754171
2026-07-13,MORE.BK,-100.0,-0.0190566936636493
2026-07-13,MOSHI.BK,-43500.0,-26.426098049936215
2026-07-13,MRDIYT.BK,454000.0,9.01817499947361
2026-07-13,MSC.BK,-100.0,-1.00999899000101
2026-07-13,MST.BK,1100.0,0.9864586135772576
2026-07-13,MTC.BK,3170800.0,31.731983032776174
2026-07-13,NAT.BK,100.0,0.1234354556002666
2026-07-13,NCAP.BK,-1022800.0,-8.128464064408462
2026-07-13,NDR.BK,-100.0,-0.1012145748987854
2026-07-13,NEO.BK,584200.0,13.885538195331634
2026-07-13,NER.BK,4408300.0,36.86646350234331
2026-07-13,NETBAY.BK,-651300.0,-34.59632311149121
2026-07-13,NEX.BK,8317200.0,14.916543167701512
2026-07-13,NSL.BK,71600.0,12.99238602628962
2026-07-13,NTF.BK,-102000.0,-21.60051332984619
2026-07-13,NTSC.BK,-300.0,-0.1767096660187312
2026-07-13,NTV.BK,-1700.0,-12.142857142857142
2026-07-13,NUT.BK,-1100.0,-2.3058862988428643
2026-07-13,NVD.BK,-300.0,-0.0538696354821332
2026-07-13,NYT.BK,1491600.0,45.322563198175914
2026-07-13,OKJ.BK,136600.0,12.713753470454485
2026-07-13,ONEE.BK,-108900.0,-11.046966344793166
2026-07-13,OR.BK,3819500.0,27.487464399253714
2026-07-13,ORI.BK,-91200.0,-6.8936011961002785
2026-07-13,OSP.BK,-23900.0,-0.291389430147126
2026-07-13,PACO.BK,-2100.0,-0.1467504215580562
2026-07-13,PAF.BK,-2700.0,-0.2813056750815265
2026-07-13,PCC.BK,-600.0,-0.1850087416630435
2026-07-13,PCE.BK,-2600.0,-0.0758984921888774
2026-07-13,PCSGH.BK,-4000.0,-2.0720879394121487
2026-07-13,PF.BK,-200.0,-0.031026175232735
2026-07-13,PHG.BK,-100.0,-0.1615482787030904
2026-07-13,PHOL.BK,1000.0,0.4734624307561195
2026-07-13,PIMO.BK,-6000.0,-0.7310591707108455
2026-07-13,PIN.BK,457600.0,12.598095694319984
2026-07-13,PIS.BK,-5500.0,-0.9062418644196262
2026-07-13,PK.BK,600.0,0.0105922871554924
2026-07-13,PLANB.BK,-5487400.0,-6.688395929246781
2026-07-13,PLAT.BK,-2247400.0,-30.24348467815059
2026-07-13,PLE.BK,13900.0,0.4549009854006238
2026-07-13,PLUS.BK,-62000.0,-0.8977010310965086
2026-07-13,PM.BK,12300.0,16.39978133624885
2026-07-13,PMC.BK,352500.0,42.296565518879866
2026-07-13,PMTA.BK,-5000.0,-94.32182607055272
2026-07-13,POLY.BK,1000.0,0.7855459544383346
2026-07-13,PORT.BK,100.0,0.0184938600384672
2026-07-13,PPM.BK,-6000.0,-6.1848656337941055
2026-07-13,PPPM.BK,2600.0,1.152661095471372
2026-07-13,PQS.BK,367800.0,72.07524985302763
2026-07-13,PR9.BK,-351200.0,-16.25870224816372
2026-07-13,PRG.BK,190.0,0.6856730422230242
2026-07-13,PRINC.BK,400.0,0.1023536215270136
2026-07-13,PRM.BK,497400.0,14.99068732934305
2026-07-13,PROEN-W2.BK,-8600.0,-2.671570759347391
2026-07-13,PROS.BK,-200.0,-0.0270782561603032
2026-07-13,PRTR.BK,8100.0,5.835734870317003
2026-07-13,PSGC.BK,-2000.0,-16.732201121057475
2026-07-13,PSH.BK,39000.0,3.071719934753518
2026-07-13,PSL.BK,765200.0,21.1489004755186
2026-07-13,PSP.BK,404700.0,14.36583210896592
2026-07-13,PSTC.BK,-3900.0,-0.4219865829906947
2026-07-13,PT.BK,16400.0,9.448528564515014
2026-07-13,PTG.BK,1059000.0,17.48823094901644
2026-07-13,PTL.BK,-13300.0,-1.2415935713458874
2026-07-13,PTT.BK,12752700.0,9.826345898363387
2026-07-13,PTTEP.BK,-4692356.0,-19.687790933537055
2026-07-13,PTTGC.BK,405300.0,1.3771288158751251
2026-07-13,PYLON.BK,1427700.0,60.75329489922537
2026-07-13,QH.BK,487717.0,4.149644386935874
2026-07-13,QTCG.BK,100.0,0.2791892344631191
2026-07-13,RABBIT.BK,2593200.0,2.9638901554329053
2026-07-13,RABBIT-P.BK,166800.0,3.6975485120359854
2026-07-13,RAM.BK,-700.0,-0.4919184820801124
2026-07-13,RATCH.BK,-1803900.0,-15.438862438528911
2026-07-13,RBF.BK,-89600.0,-13.965043749863623
2026-07-13,RCL.BK,-14300.0,-0.4771831378829019
2026-07-13,RJH.BK,-100.0,-0.1224469804574619
2026-07-13,ROCTEC.BK,437100.0,4.748959732276444
2026-07-13,ROJNA.BK,-2054300.0,-14.025108514865058
2026-07-13,RP.BK,52.0,0.1118640421641389
2026-07-13,RPC.BK,-100.0,-0.0197898319843264
2026-07-13,RS.BK,-600.0,-0.0103808527247662
2026-07-13,RWI.BK,-2100.0,-0.4697818422606797
2026-07-13,S.BK,-10000000.0,-95.90947986562698
2026-07-13,SABINA.BK,8100.0,2.6050795835732043
2026-07-13,SAFE.BK,1000.0,2.237136465324385
2026-07-13,SAK.BK,841800.0,20.457680451906224
2026-07-13,SALEE.BK,7400.0,0.3619466862313524
2026-07-13,SAMART.BK,-269420.0,-6.735297941061768
2026-07-13,SAMCO.BK,-200.0,-0.0348810034567074
2026-07-13,SAMTEL.BK,1000.0,0.3345600535296085
2026-07-13,SANKO.BK,-10031.0,-1.3556449618416555
2026-07-13,SAPPE.BK,9500.0,1.3220021513845537
2026-07-13,SAT.BK,341100.0,30.248559624070086
2026-07-13,SAV.BK,437900.0,33.62486658322519
2026-07-13,SAWAD.BK,5626200.0,23.49693063982716
2026-07-13,SC.BK,1496500.0,22.085004466439425
2026-07-13,SCAP.BK,-1951700.0,-14.785616141707974
2026-07-13,SCB.BK,1364400.0,3.885229788105763
2026-07-13,SCC.BK,1580811.0,17.44108956623425
2026-07-13,SCCC.BK,15900.0,31.198493053920412
2026-07-13,SCG.BK,210.0,1.3581684128831977
2026-07-13,SCGD.BK,-300.0,-0.1480289939456141
2026-07-13,SCGP.BK,-369453.0,-7.072836317384276
2026-07-13,SCL.BK,-2000.0,-0.5065817635630935
2026-07-13,SCM.BK,-100.0,-0.0158630448162742
2026-07-13,SCP.BK,4000.0,14.97566454511419
2026-07-13,SE-ED.BK,0.0,0.0
2026-07-13,SEAFCO.BK,107000.0,11.490734923779916
2026-07-13,SEAOIL.BK,3700.0,1.3026976403568689
2026-07-13,SECURE.BK,5000.0,1.6348684748311997
2026-07-13,SENA.BK,-100.0,-0.1025956704627064
2026-07-13,SENX.BK,200000.0,44.58195500789101
2026-07-13,SFLEX.BK,172900.0,4.224078960226717
2026-07-13,SGC.BK,-40560800.0,-31.53718752772376
2026-07-13,SGF.BK,-400.0,-0.7066638400113066
2026-07-13,SGP.BK,-1800.0,-4.993342210386151
2026-07-13,SHR.BK,23600.0,2.671178997289206
2026-07-13,SICT.BK,72600.0,4.149019522679878
2026-07-13,SIMAT.BK,336600.0,20.015460545876195
2026-07-13,SINGER.BK,-3879200.0,-25.60156618861501
2026-07-13,SIRI.BK,13306000.0,45.34842902762962
2026-07-13,SIS.BK,-34800.0,-1.9745117764307976
2026-07-13,SISB.BK,-257300.0,-8.107054713009317
2026-07-13,SITHAI.BK,-400.0,-0.0254000508001015
2026-07-13,SJWD.BK,-1261100.0,-12.822676747751888
2026-07-13,SKE.BK,-100.0,-0.0241954996370675
2026-07-13,SKIN.BK,90.0,0.134750711184309
2026-07-13,SKR.BK,48400.0,3.517692393789674
2026-07-13,SKY.BK,-203700.0,-7.768312834572309
2026-07-13,SMD100.BK,6200.0,2.8693607804661325
2026-07-13,SMIT.BK,-4700.0,-6.714285714285714
2026-07-13,SMO.BK,-162200.0,-15.49928332537028
2026-07-13,SMPC.BK,35300.0,10.415529465916434
2026-07-13,SMT.BK,-553500.0,-4.5625777946304185
2026-07-13,SNC.BK,-1900.0,-1.4847229819488943
2026-07-13,SNNP.BK,91800.0,9.211142874057188
2026-07-13,SO.BK,2000.0,2.542911633820725
2026-07-13,SOLAR.BK,3000.0,0.4536436659247072
2026-07-13,SPA.BK,79400.0,10.819974162882856
2026-07-13,SPACK.BK,5600.0,6.910167818361303
2026-07-13,SPALI.BK,-329800.0,-8.404374249996241
2026-07-13,SPC.BK,100.0,0.4790648653827727
2026-07-13,SPCG.BK,505400.0,18.263949118242262
2026-07-13,SPI.BK,-400.0,-36.231884057971016
2026-07-13,SPRC.BK,-6216700.0,-23.112139325226803
2026-07-13,SPVI.BK,-218600.0,-19.989849618903484
2026-07-13,SRICHA.BK,-327800.0,-12.565823948896426
2026-07-13,SSP.BK,248700.0,22.650273224043715
2026-07-13,STA.BK,1112900.0,12.626107918563022
2026-07-13,STANLY.BK,11500.0,17.969873117069817
2026-07-13,STARM.BK,-2000.0,-7.980845969672785
2026-07-13,STECH.BK,-1000.0,-0.3601008282319049
2026-07-13,STECON.BK,-7198400.0,-29.16148260114721
2026-07-13,STELLA.BK,-100.0,-0.0246913580246913
2026-07-13,STGT.BK,172100.0,7.359034508355776
2026-07-13,STPI.BK,-677201.0,-9.457436918276665
2026-07-13,STX.BK,1800.0,2.650566926814902
2026-07-13,SUC.BK,5900.0,6.138607680542695
2026-07-13,SUN.BK,-800.0,-0.3468714364379772
2026-07-13,SUPER.BK,39611100.0,26.021756185503836
2026-07-13,SUSCO.BK,-4950.0,-1.3943583416431455
2026-07-13,SVOA.BK,1801500.0,14.132635113953834
2026-07-13,SYNEX.BK,272800.0,3.402332842938438
2026-07-13,SYNTEC.BK,-51000.0,-3.183916104434945
2026-07-13,TACC.BK,181600.0,17.038428411391727
2026-07-13,TAE.BK,109700.0,0.8456074891994262
2026-07-13,TAKUNI.BK,800.0,0.0321129089880018
2026-07-13,TASCO.BK,961000.0,17.75360545059704
2026-07-13,TATG.BK,69100.0,0.8903377098607156
2026-07-13,TC.BK,-7900.0,-30.141167493323156
2026-07-13,TCAP.BK,507700.0,10.900739927712012
2026-07-13,TEAM.BK,81200.0,6.348163957751875
2026-07-13,TEAMG.BK,275000.0,7.254196816647405
2026-07-13,TEGH.BK,78000.0,6.061449105975112
2026-07-13,TFG.BK,1715700.0,15.410507186854444
2026-07-13,TFM.BK,-89400.0,-15.418232491079328
2026-07-13,TFMAMA.BK,-300.0,-21.398002853067048
2026-07-13,TGE.BK,-300.0,-0.1113982710988325
2026-07-13,TH.BK,-3000.0,-0.181600371433293
2026-07-13,THAI.BK,7014310.0,15.420821647678244
2026-07-13,THANI.BK,18136100.0,40.18119545487073
2026-07-13,THCOM.BK,-81100.0,-4.606980797240583
2026-07-13,THG.BK,-1400.0,-0.335912662707696
2026-07-13,THRE.BK,189600.0,11.247539600712344
2026-07-13,THREL.BK,-1300.0,-0.8798765465522376
2026-07-13,TIDLOR.BK,5523600.0,25.578265087349106
2026-07-13,TIPH.BK,-214600.0,-35.37990533484789
2026-07-13,TISCO.BK,970200.0,24.897460289679973
2026-07-13,TITLE.BK,391400.0,21.469951119383133
2026-07-13,TKC.BK,-900.0,-0.4958404495620075
2026-07-13,TKN.BK,722100.0,51.43015868493775
2026-07-13,TKS.BK,16800.0,7.534612124446677
2026-07-13,TLI.BK,804700.0,8.359654419137511
2026-07-13,TMAN.BK,18000.0,3.3693226912652183
2026-07-13,TMW.BK,-1000.0,-0.4856679391166671
2026-07-13,TNDT.BK,-100.0,-0.1988032047076599
2026-07-13,TNDT-W2.BK,-10000.0,-1.9775821289858169
2026-07-13,TNR.BK,54900.0,27.3132969487714
2026-07-13,TOA.BK,414200.0,13.25828626887113
2026-07-13,TOP.BK,45900.0,0.2400981483568028
2026-07-13,TPCS.BK,8100.0,75.0
2026-07-13,TPIPL.BK,806800.0,5.259023530740746
2026-07-13,TPIPP.BK,999100.0,14.533936472543358
2026-07-13,TPP.BK,1000.0,40.0
2026-07-13,TQM.BK,-77000.0,-21.59778748899074
2026-07-13,TRC.BK,100.0,0.0117341281249449
2026-07-13,TRT.BK,-529000.0,-20.93196714986932
2026-07-13,TRU.BK,-200.0,-0.1964212056333601
2026-07-13,TRUBB.BK,256700.0,7.755059745983275
2026-07-13,TRUE.BK,-13047199.0,-11.797490266224342
2026-07-13,TSE.BK,17300.0,0.2006129944573992
2026-07-13,TSI.BK,-500000.0,-98.75567845151096
2026-07-13,TSTH.BK,436960.0,7.579338393279478
2026-07-13,TTA.BK,445600.0,14.309523733064442
2026-07-13,TTB.BK,-4335200.0,-1.4967840066792086
2026-07-13,TTW.BK,1113400.0,23.369282092463777
2026-07-13,TU.BK,1346900.0,10.046631167426147
2026-07-13,TURBO.BK,10383000.0,24.57484081619051
2026-07-13,TVO.BK,271067.0,47.704166483347265
2026-07-13,UBE.BK,-63600.0,-0.2108193553913138
2026-07-13,UBIS.BK,-800.0,-0.7789375292101574
2026-07-13,UEC.BK,10000.0,2.430736172757282
2026-07-13,UKEM.BK,-2150200.0,-31.127992334250536
2026-07-13,UMI.BK,-1700.0,-0.5770536320434487
2026-07-13,UMS.BK,399200.0,0.945496731937442
2026-07-13,UNIQ.BK,-5100.0,-3.8256407948331344
2026-07-13,UNIX.BK,28200.0,1.9126891323987831
2026-07-13,UPOIC.BK,500.0,61.804697156983934
2026-07-13,UREKA.BK,-1460400.0,-12.482572989589052
2026-07-13,UTP.BK,-41100.0,-27.8310095681792
2026-07-13,UV.BK,-154900.0,-2.418223004185446
2026-07-13,UVAN.BK,17100.0,4.326879282598354
2026-07-13,VCOM.BK,2000.0,0.622467336026542
2026-07-13,VGI.BK,-33082800.0,-7.0238726916599115
2026-07-13,VIBHA.BK,-10700.0,-0.493085967003793
2026-07-13,VIBHA-W5.BK,-1500.0,-0.5333428149833775
2026-07-13,VIH.BK,2000.0,1.0469285732980866
2026-07-13,WARRIX.BK,-1400.0,-0.0373222660373777
2026-07-13,WASH.BK,28100.0,4.942605967009425
2026-07-13,WAVE.BK,-267600.0,-26.96123868554894
2026-07-13,WHA.BK,-17249780.0,-15.173382026466111
2026-07-13,WHAUP.BK,1322600.0,6.616393548250898
2026-07-13,WICE.BK,71400.0,1.1116527520645367
2026-07-13,WIIK.BK,-400.0,-0.011729634275868
2026-07-13,WINNER.BK,-13200.0,-3.795983159638346
2026-07-13,WORK.BK,-2700.0,-3.328074154422641
2026-07-13,WP.BK,100.0,0.0631277263286808
2026-07-13,WPH.BK,-240800.0,-18.995330051748073
2026-07-13,XBIO.BK,-3682500.0,-9.02707386757105
2026-07-13,XO.BK,10300.0,1.199719521882651
2026-07-13,XPG.BK,-249600.0,-0.9478737778466404
2026-07-13,YGG.BK,-5400.0,-1.43334165025402
2026-07-13,YUASA.BK,200.0,0.5208333333333333
2026-07-13,ZIGA.BK,1100.0,0.1037583148140462
2026-07-13,ZIGA-W2.BK,-2100.0,-0.2090929547622414
2026-07-14,88TH.BK,-16700.0,-2.684451560116444
2026-07-14,AAI.BK,50400.0,3.014397335846926
2026-07-14,AAV.BK,-9980700.0,-10.120429121526431
2026-07-14,ACC.BK,100000.0,2.1825959796582057
2026-07-14,ACE.BK,19200.0,2.0319460010350223
2026-07-14,ADB.BK,105000.0,6.164283437274894
2026-07-14,ADD.BK,-600.0,-1.5036463423802722
2026-07-14,ADVANC.BK,1656320.0,17.790004013792323
2026-07-14,ADVICE.BK,-676800.0,-6.891713844392067
2026-07-14,AEONTS.BK,-34900.0,-3.46000864506458
2026-07-14,AGE.BK,180600.0,1.6768540657861604
2026-07-14,AH.BK,143600.0,15.258237163582963
2026-07-14,AIE.BK,10600.0,0.9414857711301384
2026-07-14,AIT.BK,-202600.0,-12.158609237542375
2026-07-14,AJ.BK,293400.0,6.565667867612504
2026-07-14,AJA.BK,100.0,0.0066616260362992
2026-07-14,AKP.BK,-800.0,-0.1999440156756108
2026-07-14,AKR.BK,-192000.0,-13.855642963173578
2026-07-14,ALPHAX.BK,4000.0,0.055993392779652
2026-07-14,ALT.BK,1285300.0,15.958490294287822
2026-07-14,AMANAH.BK,-1900.0,-0.0642669608965985
2026-07-14,AMARC.BK,1200.0,0.0463923922662335
2026-07-14,AMATA.BK,-2218900.0,-28.885262410808338
2026-07-14,ANAN.BK,-3000.0,-0.0143129081295934
2026-07-14,AOT.BK,-3190099.0,-12.776471356260446
2026-07-14,AP.BK,1698600.0,14.133671112485333
2026-07-14,APCO.BK,-1089.0,-1.209731170850922
2026-07-14,APO.BK,30000.0,7.401723614705745
2026-07-14,APP.BK,-100.0,-0.0202056531376348
2026-07-14,APURE.BK,-300.0,-0.6880418329434429
2026-07-14,AQUA.BK,-100000.0,-16.273366520152123
2026-07-14,ARIN.BK,-300.0,-0.0031045622784506
2026-07-14,AS.BK,321700.0,22.561743222535092
2026-07-14,ASAP.BK,-1200.0,-0.0744317600320056
2026-07-14,ASEFA.BK,-89300.0,-3.4048348655090233
2026-07-14,ASIA.BK,100.0,100.0
2026-07-14,ASIAN.BK,-31000.0,-4.420349578355687
2026-07-14,ASK.BK,622100.0,22.38845718661918
2026-07-14,ASP.BK,-788900.0,-37.14687163917104
2026-07-14,ASTR.BK,-10000.0,-6.184291898577613
2026-07-14,ASW.BK,8300.0,6.252306950606775
2026-07-14,ATLAS.BK,574200.0,18.582331833456745
2026-07-14,ATP30.BK,60000.0,3.3337000403377703
2026-07-14,AU.BK,-12900.0,-1.0795810221372693
2026-07-14,AUCT.BK,107200.0,14.804237436767814
2026-07-14,AURA.BK,1059900.0,25.11673868662609
2026-07-14,AWC.BK,-5684500.0,-12.996419143010932
2026-07-14,AYUD.BK,-603.0,-1.313754112290028
2026-07-14,BA.BK,1401200.0,15.162782403034807
2026-07-14,BAFS.BK,22400.0,3.209895649731602
2026-07-14,BAM.BK,144200.0,1.07322513904108
2026-07-14,BANPU.BK,29851370.0,29.14766748269555
2026-07-14,BAY.BK,-997900.0,-41.46412100758769
2026-07-14,BBGI.BK,4542200.0,38.44306517048309
2026-07-14,BBIK.BK,-431300.0,-8.868934300793619
2026-07-14,BBL.BK,-2912810.0,-18.808896251936066
2026-07-14,BCH.BK,6269600.0,38.61973024953695
2026-07-14,BCP.BK,963795.0,13.180367523285597
2026-07-14,BCPG.BK,-2903400.0,-9.2048723240077
2026-07-14,BDMS.BK,949123.0,1.614814226769174
2026-07-14,BE8.BK,279500.0,20.39468643625657
2026-07-14,BEAUTY.BK,2799900.0,45.234745208621206
2026-07-14,BEC.BK,3700.0,0.8351201895948538
2026-07-14,BEM.BK,-1380803.0,-4.781423324271111
2026-07-14,BEYOND.BK,-3370.0,-92.8374655647383
2026-07-14,BGC.BK,-100.0,-0.1315374092391876
2026-07-14,BGRIM.BK,1822300.0,5.317528031992593
2026-07-14,BH.BK,-803000.0,-29.934539164666063
2026-07-14,BIG.BK,10200.0,6.683002895967921
2026-07-14,BIOTEC.BK,-64200.0,-11.499193981730253
2026-07-14,BIZ.BK,-6900.0,-6.161374432974961
2026-07-14,BJC.BK,-146500.0,-1.677055827185178
2026-07-14,BJCHI.BK,-100.0,-0.2312192189414784
2026-07-14,BKGI.BK,23300.0,3.2541899441340782
2026-07-14,BKIH.BK,-600.0,-9.5222980479289
2026-07-14,BLA.BK,207500.0,9.57527318369758
2026-07-14,BLAND.BK,64400.0,2.633496604670449
2026-07-14,BLC.BK,121400.0,25.43351147964795
2026-07-14,BM.BK,-31000.0,-2.203267801515422
2026-07-14,BPP.BK,-70300.0,-17.50227803476555
2026-07-14,BR.BK,14700.0,13.894139886578447
2026-07-14,BRI.BK,1300.0,0.5170980457671547
2026-07-14,BSM.BK,-1200.0,-0.2346912831745907
2026-07-14,BTC.BK,99700.0,3.383379293447239
2026-07-14,BTG.BK,-951200.0,-18.497764496932565
2026-07-14,BTS.BK,7716580.0,5.568527242682604
2026-07-14,BUI.BK,-32500.0,-87.30457207328212
2026-07-14,BWG.BK,-75000.0,-0.1976762185309014
2026-07-14,BWG-W8.BK,-60983.0,-0.19400114842521
2026-07-14,BYD.BK,-61500.0,-2.358940172290853
2026-07-14,CAZ.BK,-1400.0,-0.14271064601032
2026-07-14,CBG.BK,-915800.0,-14.82494488804884
2026-07-14,CCET.BK,25142060.0,16.177279707664347
2026-07-14,CEN.BK,-100.0,-0.0309023485784919
2026-07-14,CENTEL.BK,-361400.0,-18.53070102349563
2026-07-14,CFARM.BK,-63900.0,-3.268709396900097
2026-07-14,CFRESH.BK,54000.0,7.152223149362261
2026-07-14,CGD.BK,8000000.0,93.35978527249388
2026-07-14,CGH.BK,-1120111.0,-40.125616556768
2026-07-14,CHARAN.BK,-66100.0,-99.10044977511244
2026-07-14,CHASE.BK,2300.0,0.0142599082802699
2026-07-14,CHAYO.BK,-575400.0,-5.12045984114294
2026-07-14,CHEWA.BK,700.0,0.218681661980631
2026-07-14,CHG.BK,-1959400.0,-6.67205020825044
2026-07-14,CHIC.BK,-3000.0,-10.75230278484642
2026-07-14,CIVIL.BK,-7300.0,-0.2196377841977534
2026-07-14,CK.BK,-3184400.0,-21.408748637666346
2026-07-14,CKP.BK,-914400.0,-8.975373377593781
2026-07-14,CMAN.BK,-182800.0,-65.30903894247946
2026-07-14,CMC.BK,31.0,0.0263533732317736
2026-07-14,CNT.BK,2195300.0,16.188214820331684
2026-07-14,COCOCO.BK,-161200.0,-5.74026442962532
2026-07-14,COM7.BK,50700.0,0.7381329836106816
2026-07-14,COMAN.BK,-400.0,-2.5573812416085926
2026-07-14,CPALL.BK,-2320683.0,-15.07531704877086
2026-07-14,CPAXT.BK,-53000.0,-1.023003290596245
2026-07-14,CPF.BK,-2290100.0,-10.025470587735716
2026-07-14,CPL.BK,-3200.0,-2.948901073584297
2026-07-14,CPN.BK,-916800.0,-16.54641876877896
2026-07-14,CPW.BK,5100.0,0.4935046084621525
2026-07-14,CRANE.BK,400.0,0.06150061500615
2026-07-14,CRC.BK,4168200.0,29.415370049547136
2026-07-14,CRD.BK,-200.0,-0.0277613523109937
2026-07-14,CREDIT.BK,-353900.0,-20.679423360210546
2026-07-14,CSS.BK,203300.0,2.17951880555937
2026-07-14,CTW.BK,71200.0,13.523010009306564
2026-07-14,CWT.BK,16000.0,1.298595893190488
2026-07-14,DCC.BK,-104400.0,-4.323944630315159
2026-07-14,DCON.BK,100.0,0.0209859184487209
2026-07-14,DELTA.BK,141764.0,1.0119631137860308
2026-07-14,DEMCO.BK,-10100.0,-1.3529769511669092
2026-07-14,DEXON.BK,12500.0,21.104526498843473
2026-07-14,DITTO.BK,-213100.0,-3.604110681883872
2026-07-14,DMT.BK,-40700.0,-18.36965892011681
2026-07-14,DOD.BK,-100.0,-0.0313676286072772
2026-07-14,DOHOME.BK,1864496.0,3.034165739653407
2026-07-14,DRT.BK,1800.0,1.613134499569831
2026-07-14,DUSIT.BK,2300.0,2.0572266795466945
2026-07-14,EA.BK,-9827900.0,-9.043673011246348
2026-07-14,EASON.BK,-100.0,-0.0142712391716972
2026-07-14,EASTW.BK,-690200.0,-21.30303458672051
2026-07-14,EGCO.BK,-424100.0,-24.385966425452025
2026-07-14,EKH.BK,-7400.0,-3.806290666872412
2026-07-14,EMPIRE.BK,-194500.0,-4.893890638024952
2026-07-14,EMPIRE-W1.BK,-2400.0,-0.2893937201562726
2026-07-14,EP.BK,-400.0,-0.5617819724165052
2026-07-14,EPG.BK,-7281585.0,-16.328442489504198
2026-07-14,ERW.BK,1419800.0,4.7026563516482005
2026-07-14,ESTAR.BK,10200.0,1.8845300407021537
2026-07-14,ETC.BK,-226300.0,-2.862056828585561
2026-07-14,EVER.BK,-92400.0,-1.9412172524632871
2026-07-14,FM.BK,323100.0,17.03212012204508
2026-07-14,FORTH.BK,218800.0,2.808651262044595
2026-07-14,FPT.BK,-5000.0,-9.487666034155598
2026-07-14,FSMART.BK,-312800.0,-2.837380455619079
2026-07-14,FTE.BK,-100.0,-0.0147055147150733
2026-07-14,GABLE.BK,60800.0,1.2714337485777405
2026-07-14,GFPT.BK,-84800.0,-8.19978069454463
2026-07-14,GJS.BK,-500.0,-0.2605252188411838
2026-07-14,GLOBAL.BK,3462400.0,10.388941706077023
2026-07-14,GLORY.BK,-1000.0,-1.9455252918287935
2026-07-14,GPI.BK,-12500.0,-15.820782179470951
2026-07-14,GPSC.BK,-520300.0,-5.365440315173987
2026-07-14,GREEN.BK,-400.0,-0.1349527665317139
2026-07-14,GULF.BK,2126100.0,4.1264070585180646
2026-07-14,GUNKUL.BK,9627600.0,4.693440817008531
2026-07-14,GYT.BK,-500.0,-23.809523809523807
2026-07-14,HANA.BK,1334600.0,3.962619546272639
2026-07-14,HENG.BK,297300.0,6.349442293436497
2026-07-14,HFT.BK,-1100.0,-2.2087909881327685
2026-07-14,HL.BK,-1000.0,-5.052035970496109
2026-07-14,HMPRO.BK,-4302910.0,-8.519877608992363
2026-07-14,HTC.BK,50700.0,13.543692432628813
2026-07-14,HTECH.BK,-176900.0,-22.655872789003254
2026-07-14,HUMAN.BK,108900.0,9.871471447516676
2026-07-14,ICHI.BK,2948300.0,34.84807760543839
2026-07-14,ICN.BK,-200.0,-0.010298507385832
2026-07-14,IHL.BK,-18000.0,-33.45662720023792
2026-07-14,IIG.BK,-7600.0,-0.0932987440515912
2026-07-14,III.BK,-20000.0,-0.5967617914908333
2026-07-14,ILINK.BK,194400.0,15.5600538838903
2026-07-14,ILM.BK,3500.0,3.359537727608681
2026-07-14,IND.BK,-500.0,-0.0074656951308736
2026-07-14,INET.BK,44600.0,3.0237677637881437
2026-07-14,INGRS.BK,199900.0,34.30428709204669
2026-07-14,INOX.BK,-800.0,-0.1280916111202732
2026-07-14,INSET.BK,221100.0,2.0032229147681653
2026-07-14,IP.BK,100.0,0.0087148399781083
2026-07-14,IRCP.BK,10100.0,2.610912061379699
2026-07-14,IROYAL.BK,-3500.0,-0.2199426389597593
2026-07-14,IRPC.BK,-58188900.0,-25.516119871182685
2026-07-14,IT.BK,-44700.0,-2.547727136713774
2026-07-14,ITC.BK,-179300.0,-1.5510372572470985
2026-07-14,ITD.BK,173500.0,2.0493011056422397
2026-07-14,ITEL.BK,-2038000.0,-20.239427059359222
2026-07-14,ITEL-W6.BK,-100000.0,-1.600464262673316
2026-07-14,ITTHI.BK,-1700.0,-0.468190581107133
2026-07-14,IVL.BK,-294500.0,-1.4059538157777522
2026-07-14,JAS.BK,-199700.0,-1.4541522965666789
2026-07-14,JAS-W4.BK,-10000.0,-0.0987520310823992
2026-07-14,JDF.BK,-11000.0,-2.027268605718372
2026-07-14,JMART.BK,-1108500.0,-2.714333679932237
2026-07-14,JMT.BK,-1099300.0,-5.5179316465150645
2026-07-14,JPARK.BK,-11200.0,-0.1903910973122896
2026-07-14,JTS.BK,-35600.0,-13.427071389777325
2026-07-14,JUBILE.BK,-3700.0,-4.866756109751927
2026-07-14,KAMART.BK,-122900.0,-21.85401729828155
2026-07-14,KBANK.BK,962938.0,4.451556503967133
2026-07-14,KBS.BK,-12300.0,-32.55518500873432
2026-07-14,KCC.BK,10100.0,3.2127032193830973
2026-07-14,KCE.BK,52694.0,0.1536295185122491
2026-07-14,KCG.BK,-26400.0,-13.859286246758291
2026-07-14,KGEN.BK,-2871000.0,-18.66126393501122
2026-07-14,KGI.BK,778600.0,23.699329594484563
2026-07-14,KISS.BK,-112200.0,-19.842182144865617
2026-07-14,KKP.BK,-2487600.0,-47.346567126453934
2026-07-14,KLINIQ.BK,-88200.0,-12.582761616585278
2026-07-14,KSL.BK,1071900.0,23.53007289954202
2026-07-14,KTB.BK,-18808680.0,-20.23812116454771
2026-07-14,KTC.BK,-265900.0,-1.165335157666472
2026-07-14,KUMWEL.BK,-124300.0,-4.6549390663607815
2026-07-14,LANNA.BK,4550.0,1.484657452001514
2026-07-14,LEE.BK,-1.0,-0.0013942917694956
2026-07-14,LEO.BK,-100.0,-0.0035660196837154
2026-07-14,LH.BK,2948400.0,9.37776744568018
2026-07-14,LHFG.BK,-371600.0,-5.917060832194161
2026-07-14,LOXLEY.BK,-202400.0,-2.981533055980051
2026-07-14,LPN.BK,-11400.0,-8.296822462555129
2026-07-14,LTS.BK,-2100.0,-0.1553139560683381
2026-07-14,M.BK,69000.0,3.704268390887285
2026-07-14,MAGURO.BK,9600.0,0.9672495352668248
2026-07-14,MAJOR.BK,-7100.0,-0.9674869866187013
2026-07-14,MALEE.BK,39400.0,3.899029003234017
2026-07-14,MASTEC.BK,5217400.0,15.73157697525984
2026-07-14,MASTER.BK,-277900.0,-12.855664518504708
2026-07-14,MATI.BK,-7.0,-0.3479125248508946
2026-07-14,MBK.BK,371700.0,10.015123725981688
2026-07-14,MC.BK,443600.0,29.194985780936257
2026-07-14,MCOT.BK,2600.0,0.1964025103262396
2026-07-14,MCS.BK,-337400.0,-35.27565509317102
2026-07-14,MDX.BK,2000.0,0.0141355772902621
2026-07-14,MEB.BK,-78100.0,-9.5746337181576
2026-07-14,MEDEZE.BK,2500.0,0.2058624690485777
2026-07-14,MEGA.BK,124500.0,16.889073379971595
2026-07-14,METCO.BK,1200.0,24.25712553062462
2026-07-14,MFC.BK,600.0,12.549675800041832
2026-07-14,MFEC.BK,5300.0,1.293616855095386
2026-07-14,MGC.BK,272900.0,0.6029559556692818
2026-07-14,MGI.BK,-148600.0,-28.541356156174615
2026-07-14,MGT.BK,11900.0,4.582157310466187
2026-07-14,MICRO.BK,-115400.0,-1.435261259836017
2026-07-14,MIDA.BK,-300.0,-0.0186671644577188
2026-07-14,MINT.BK,1604100.0,5.8821827507383535
2026-07-14,ML.BK,249000.0,5.806666005934925
2026-07-14,MMM.BK,400.0,0.1266764840941839
2026-07-14,MONO.BK,-37700.0,-0.2843262692961944
2026-07-14,MOSHI.BK,-37800.0,-20.440940283253028
2026-07-14,MPJ.BK,-1500.0,-0.4658385093167702
2026-07-14,MRDIYT.BK,-929600.0,-5.058681742147738
2026-07-14,MST.BK,2100.0,1.254480286738351
2026-07-14,MTC.BK,-2227900.0,-14.206915928459484
2026-07-14,MTI.BK,-500.0,-2.8963679545849503
2026-07-14,NAT.BK,200.0,0.3694194573228172
2026-07-14,NCAP.BK,399900.0,4.1539308193413005
2026-07-14,NDR.BK,-13400.0,-5.807981206413052
2026-07-14,NEO.BK,352500.0,30.60413872139815
2026-07-14,NER.BK,4277700.0,22.121595288835056
2026-07-14,NETBAY.BK,488000.0,10.685983187094486
2026-07-14,NEX.BK,-3937800.0,-12.625771155412924
2026-07-14,NKI.BK,100.0,8.210180623973727
2026-07-14,NSL.BK,-26800.0,-12.852360901967176
2026-07-14,NTF.BK,-14800.0,-7.846838201377439
2026-07-14,NTV.BK,1000.0,23.809523809523807
2026-07-14,NVD.BK,-400.0,-0.0407456453091575
2026-07-14,NYT.BK,394200.0,26.427358953524855
2026-07-14,OKJ.BK,-76300.0,-8.833288182843276
2026-07-14,ONEE.BK,-360800.0,-32.11227190763628
2026-07-14,OR.BK,-113800.0,-0.621620722540683
2026-07-14,ORI.BK,68100.0,2.830696891803366
2026-07-14,OSP.BK,-148700.0,-1.967525899031652
2026-07-14,PACO.BK,1200.0,0.2598516247222835
2026-07-14,PAF.BK,-900.0,-0.1178164681241
2026-07-14,PCE.BK,-234800.0,-6.447169999901151
2026-07-14,PHG.BK,-17400.0,-12.201022361528914
2026-07-14,PHOL.BK,100.0,0.0842389015247241
2026-07-14,PIN.BK,-398100.0,-7.194576146212005
2026-07-14,PIS.BK,-3300.0,-0.438186492171068
2026-07-14,PLANB.BK,2348100.0,4.734482170624882
2026-07-14,PLAT.BK,-3209900.0,-28.37907383908069
2026-07-14,PLUS.BK,-7100.0,-0.467322937262883
2026-07-14,PM.BK,49300.0,5.734631942481525
2026-07-14,PMC.BK,10000.0,5.5863425098319635
2026-07-14,PORT.BK,45000.0,3.864950056256495
2026-07-14,PPPM.BK,-300.0,-22.953328232593726
2026-07-14,PQS.BK,50600.0,39.68627450980392
2026-07-14,PR9.BK,-105000.0,-5.455219918098965
2026-07-14,PREB.BK,-34.0,-0.079191316905017
2026-07-14,PRINC.BK,100.0,0.0491748460827317
2026-07-14,PRM.BK,449800.0,28.334661454970377
2026-07-14,PROS.BK,-100.0,-0.04699181872436
2026-07-14,PRTR.BK,100.0,0.0728862973760933
2026-07-14,PSGC.BK,13200.0,46.66949512091642
2026-07-14,PSH.BK,119800.0,15.481696576839228
2026-07-14,PSL.BK,577300.0,20.609208635661822
2026-07-14,PSP.BK,-634500.0,-9.604026516497736
2026-07-14,PSTC-W3.BK,-1000.0,-0.0659935326338018
2026-07-14,PT.BK,5300.0,2.7966124053505
2026-07-14,PTG.BK,-733317.0,-11.512548669729387
2026-07-14,PTL.BK,123900.0,5.8120307629521735
2026-07-14,PTT.BK,35896900.0,26.47413875729426
2026-07-14,PTTEP.BK,8604999.0,21.529175614118863
2026-07-14,PTTGC.BK,-1649200.0,-7.453999170894004
2026-07-14,PYLON.BK,481400.0,72.15217003571638
2026-07-14,QH.BK,1090105.0,9.004478925064593
2026-07-14,QLT.BK,-100.0,-0.5291005291005291
2026-07-14,RABBIT.BK,-4682700.0,-3.0889640037438033
2026-07-14,RABBIT-P.BK,-342300.0,-7.196165408791809
2026-07-14,RAM.BK,-500.0,-0.9151307721873456
2026-07-14,RATCH.BK,-555200.0,-3.833123531035839
2026-07-14,RBF.BK,-16000.0,-1.050311909814968
2026-07-14,RCL.BK,-4100.0,-0.3847261828687999
2026-07-14,RJH.BK,-17100.0,-9.120291849339178
2026-07-14,ROCTEC.BK,-198800.0,-1.111828032640989
2026-07-14,ROJNA.BK,-1226100.0,-24.392107150999497
2026-07-14,RPC.BK,-500.0,-0.1159283192016712
2026-07-14,RS.BK,-97800.0,-0.7058593762122936
2026-07-14,RWI.BK,-2600.0,-4.634581105169341
2026-07-14,S.BK,201300.0,0.3448863522371088
2026-07-14,S11.BK,100.0,0.4123201253453181
2026-07-14,SABINA.BK,10100.0,4.429902278987351
2026-07-14,SAK.BK,-1106100.0,-28.811290087311676
2026-07-14,SAMART.BK,63800.0,3.588069388087947
2026-07-14,SANKO.BK,5500.0,0.7332326360513156
2026-07-14,SAPPE.BK,-163100.0,-28.803023346166075
2026-07-14,SAT.BK,121400.0,17.52635811229285
2026-07-14,SAUCE.BK,3500.0,10.282927402532538
2026-07-14,SAV.BK,209600.0,17.554438860971526
2026-07-14,SAWAD.BK,-6662400.0,-26.94590580289853
2026-07-14,SC.BK,709200.0,12.867680078120536
2026-07-14,SCAP.BK,-9300.0,-0.0974156262834901
2026-07-14,SCB.BK,-4984885.0,-18.21776383685702
2026-07-14,SCC.BK,828472.0,18.21097350999637
2026-07-14,SCCC.BK,-5900.0,-11.38029473034488
2026-07-14,SCG.BK,-11.0,-0.0510038484722029
2026-07-14,SCGD.BK,-29900.0,-2.190434467914897
2026-07-14,SCGP.BK,1955200.0,21.35159576204896
2026-07-14,SCL.BK,-2000.0,-0.9935419771485344
2026-07-14,SCM.BK,-2400.0,-0.3063178047223995
2026-07-14,SCP.BK,47700.0,35.99483847599212
2026-07-14,SE-ED.BK,50.0,5.055611729019211
2026-07-14,SEAFCO.BK,189200.0,31.68064834815224
2026-07-14,SEAOIL.BK,25700.0,2.7439118787895613
2026-07-14,SECURE.BK,-4200.0,-1.1617196770419298
2026-07-14,SENX.BK,300000.0,8.800490245976636
2026-07-14,SFLEX.BK,-92400.0,-7.974997863839858
2026-07-14,SGC.BK,82654600.0,22.517735455290985
2026-07-14,SGF.BK,-700.0,-0.6008583690987125
2026-07-14,SGP.BK,-100.0,-0.040600233857347
2026-07-14,SHR.BK,-69900.0,-2.8355111465200693
2026-07-14,SICT.BK,-200.0,-0.0092768595232992
2026-07-14,SIMAT.BK,134700.0,25.53903091986015
2026-07-14,SINGER.BK,-1826700.0,-7.509150273894684
2026-07-14,SIRI.BK,9603700.0,28.346954060944608
2026-07-14,SIS.BK,-91700.0,-13.71299025435578
2026-07-14,SISB.BK,208000.0,6.128891772611043
2026-07-14,SITHAI.BK,-300.0,-0.0071017347170668
2026-07-14,SJWD.BK,243000.0,2.6924181504882254
2026-07-14,SKE.BK,-100.0,-0.0011870071620451
2026-07-14,SKN.BK,-21600.0,-77.6978417266187
2026-07-14,SKR.BK,1100.0,1.967377307197024
2026-07-14,SKY.BK,-267400.0,-6.019945064061536
2026-07-14,SMART.BK,45.0,0.0740801712075067
2026-07-14,SMD100.BK,4700.0,7.79268151144861
2026-07-14,SMIT.BK,-4300.0,-2.0788010635726373
2026-07-14,SMO.BK,21000.0,1.503264230901386
2026-07-14,SMPC.BK,100.0,0.0578268663621118
2026-07-14,SMT.BK,4423800.0,11.074146111940347
2026-07-14,SNC.BK,300.0,0.1066564276496122
2026-07-14,SNNP.BK,-25000.0,-2.7365980583289455
2026-07-14,SO.BK,2400.0,6.225842434304392
2026-07-14,SOLAR.BK,97000.0,6.494776057443281
2026-07-14,SONIC.BK,-200.0,-0.0059052775760961
2026-07-14,SPA.BK,-109900.0,-11.144857799118755
2026-07-14,SPACK.BK,-3500.0,-2.213788741302973
2026-07-14,SPALI.BK,-352700.0,-14.392170528654171
2026-07-14,SPCG.BK,28700.0,2.029355654831351
2026-07-14,SPI.BK,-300.0,-9.702457956015524
2026-07-14,SPRC.BK,287000.0,1.3051994187815104
2026-07-14,SPVI.BK,99800.0,7.954593458901134
2026-07-14,SRICHA.BK,-214300.0,-16.085714414391422
2026-07-14,SSP.BK,273465.0,24.91565404446032
2026-07-14,STA.BK,2528200.0,18.351062459157056
2026-07-14,STANLY.BK,-7000.0,-19.085530441421053
2026-07-14,STARM.BK,-300.0,-0.2597357621513047
2026-07-14,STECON.BK,-5258000.0,-28.23678666871381
2026-07-14,STELLA.BK,-200.0,-0.3058103975535168
2026-07-14,STGT.BK,-268010.0,-6.717638607535606
2026-07-14,STI.BK,-2000.0,-1.2437037497668055
2026-07-14,STOWER.BK,-33500.0,-37.513157600053745
2026-07-14,STPI.BK,834900.0,10.014973879379122
2026-07-14,SUC.BK,7300.0,4.570870406431778
2026-07-14,SUPER.BK,-4855000.0,-3.274306014886661
2026-07-14,SUSCO.BK,-29000.0,-0.6536965752385598
2026-07-14,SVOA.BK,-293800.0,-0.5969647289749652
2026-07-14,SVT.BK,-100.0,-0.0382197252001758
2026-07-14,SYNEX.BK,176800.0,5.580506860267328
2026-07-14,SYNTEC.BK,0.0,0.0
2026-07-14,TACC.BK,-284700.0,-43.57501882587747
2026-07-14,TAE.BK,1452300.0,11.962797454427408
2026-07-14,TAKUNI.BK,2600.0,0.1066733624715725
2026-07-14,TASCO.BK,673300.0,13.18240946173166
2026-07-14,TC.BK,-13800.0,-4.9426757067489016
2026-07-14,TCAP.BK,-803800.0,-29.06418600211238
2026-07-14,TCC.BK,86000.0,19.144720731951647
2026-07-14,TCJ.BK,200.0,12.987012987012983
2026-07-14,TEAM.BK,77800.0,1.4408255893587807
2026-07-14,TEAMG.BK,389200.0,15.69285233316264
2026-07-14,TEGH.BK,453100.0,18.167660521765907
2026-07-14,TFG.BK,332900.0,3.803700272531868
2026-07-14,TFM.BK,25800.0,6.604935269074311
2026-07-14,TFMAMA.BK,4300.0,24.012955827330092
2026-07-14,TGPRO.BK,-26000.0,-0.2348053612566277
2026-07-14,TH.BK,-8600.0,-0.5343606312911644
2026-07-14,THAI.BK,6879601.0,16.31590109030692
2026-07-14,THANI.BK,7461600.0,25.30248552430005
2026-07-14,THCOM.BK,-113200.0,-3.0028763417114113
2026-07-14,THE.BK,7.0,0.0132300132300132
2026-07-14,THG.BK,-122700.0,-21.47676850774091
2026-07-14,THIP.BK,500.0,6.578947368421052
2026-07-14,THRE.BK,311100.0,23.075091584600884
2026-07-14,THREL.BK,-100.0,-0.0213344711717958
2026-07-14,TIDLOR.BK,-3464100.0,-19.286110487405068
2026-07-14,TIPCO.BK,300.0,0.2214855775974721
2026-07-14,TIPH.BK,-1900.0,-0.7675248132692922
2026-07-14,TISCO.BK,-1353400.0,-34.76411441282578
2026-07-14,TITLE.BK,-122600.0,-24.337130799175
2026-07-14,TKC.BK,200.0,0.0586835518806611
2026-07-14,TKN.BK,-204600.0,-4.319680875658007
2026-07-14,TKS.BK,8800.0,5.8886509635974305
2026-07-14,TKT.BK,-100.0,-0.1587301587301587
2026-07-14,TL-W2.BK,-5000.0,-2.1869204660764896
2026-07-14,TLI.BK,-98000.0,-1.9336516755387736
2026-07-14,TMAN.BK,6800.0,2.650917100364501
2026-07-14,TMW.BK,10800.0,12.856989797740503
2026-07-14,TNDT-W2.BK,-1200.0,-0.0145204090399226
2026-07-14,TNR.BK,5000.0,3.09981401115933
2026-07-14,TOA.BK,-380200.0,-12.581675824948585
2026-07-14,TOP.BK,2627267.0,12.058567379405352
2026-07-14,TOPP.BK,-1000.0,-100.0
2026-07-14,TPAC.BK,-300.0,-0.6756756756756757
2026-07-14,TPCH.BK,-53300.0,-19.770029673590507
2026-07-14,TPCS.BK,-15300.0,-74.27184466019418
2026-07-14,TPIPL.BK,415400.0,3.603720837426992
2026-07-14,TPIPP.BK,-41000.0,-0.7830401898242209
2026-07-14,TQM.BK,-188300.0,-19.92240524690346
2026-07-14,TRITN.BK,-123200.0,-0.6136980493019708
2026-07-14,TRP.BK,-12000.0,-64.86486486486487
2026-07-14,TRT.BK,356300.0,9.215090505999768
2026-07-14,TRUBB.BK,-507700.0,-3.7415874161800033
2026-07-14,TRUE.BK,7193622.0,5.856690536092176
2026-07-14,TSE.BK,52600.0,0.6402903558517122
2026-07-14,TSI.BK,-500000.0,-99.92006394884092
2026-07-14,TSTH.BK,984500.0,21.313846552861477
2026-07-14,TTA.BK,790000.0,44.32231185178619
2026-07-14,TTB.BK,10128737.0,2.5586565132747414
2026-07-14,TTW.BK,611400.0,11.800216202194791
2026-07-14,TU.BK,-4102700.0,-42.8921568627451
2026-07-14,TURBO.BK,-3995100.0,-18.52084075558503
2026-07-14,TVDH-W5.BK,-27200.0,-2.7059964682766684
2026-07-14,TVH.BK,-1000.0,-1.1172809849949163
2026-07-14,TVO.BK,45400.0,9.017508664951883
2026-07-14,UBE.BK,-572205.0,-2.7534466022010347
2026-07-14,UBIS.BK,-20900.0,-2.602730002254039
2026-07-14,UEC.BK,40000.0,10.462822974266688
2026-07-14,UKEM.BK,35700.0,0.3125364133373732
2026-07-14,UMS.BK,-415400.0,-1.515306160788356
2026-07-14,UNIQ.BK,-17900.0,-2.1147044021293535
2026-07-14,UNIX.BK,381800.0,15.258633437109092
2026-07-14,UREKA.BK,-117000.0,-2.573747772718274
2026-07-14,UTP.BK,-118960.0,-35.109984328008004
2026-07-14,UV.BK,-100.0,-0.0014776363433524
2026-07-14,UVAN.BK,85495.0,19.088264384573993
2026-07-14,VCOM.BK,4600.0,0.8931535894095285
2026-07-14,VGI.BK,37769400.0,13.00370265399562
2026-07-14,VIBE-W3.BK,-58.0,-0.0096016951958414
2026-07-14,VIBHA.BK,-13400.0,-0.4712954681423608
2026-07-14,VIBHA-W5.BK,-200.0,-0.0216620652829661
2026-07-14,VIH.BK,-3800.0,-3.049245311785333
2026-07-14,WARRIX.BK,-100.0,-0.0069769064396846
2026-07-14,WASH.BK,40400.0,8.025427095748908
2026-07-14,WFX.BK,-100.0,-0.1672240802675585
2026-07-14,WHA.BK,-12639349.0,-24.996454533072537
2026-07-14,WHAUP.BK,133600.0,0.68229594218788
2026-07-14,WICE.BK,-57100.0,-0.525462766131707
2026-07-14,WIIK.BK,-3800.0,-0.1720156751547349
2026-07-14,WORK.BK,-100.0,-7.122507122507122
2026-07-14,WPH.BK,-189700.0,-19.91615686414493
2026-07-14,XBIO.BK,-1282500.0,-5.487979356810531
2026-07-14,XO.BK,53100.0,5.727729003989994
2026-07-14,XPG.BK,1040800.0,10.794570853580067
2026-07-14,XYZ.BK,-100.0,-0.0764525993883792
2026-07-14,YUASA.BK,1800.0,9.183204938523543
2026-07-15,2S.BK,100.0,0.052028865614643
2026-07-15,88TH.BK,5900.0,0.2190146272074076
2026-07-15,AAI.BK,-127600.0,-5.157818743901364
2026-07-15,AAV.BK,-13233600.0,-42.96252894555586
2026-07-15,ACE.BK,-26900.0,-3.6410345952428327
2026-07-15,ADD.BK,-200.0,-0.1269639739723853
2026-07-15,ADVANC.BK,-2927196.0,-28.165031995046675
2026-07-15,ADVICE.BK,-186300.0,-3.140989986766704
2026-07-15,AE.BK,-700.0,-0.2963514898012751
2026-07-15,AEONTS.BK,159400.0,20.385586852959044
2026-07-15,AGE.BK,176100.0,3.9930913397535712
2026-07-15,AH.BK,12700.0,3.2218292887114206
2026-07-15,AIE.BK,-9000.0,-0.3838246075073534
2026-07-15,AIT.BK,-89700.0,-12.639784461378904
2026-07-15,AJ.BK,790000.0,5.289276915004467
2026-07-15,AJA.BK,-4200.0,-0.1269457458062566
2026-07-15,AKP.BK,-900.0,-0.1457723586453536
2026-07-15,ALPHAX.BK,-400.0,-0.0114478659889911
2026-07-15,ALT.BK,-1461600.0,-28.315100418256034
2026-07-15,ALUCON.BK,200.0,26.385224274406333
2026-07-15,AMANAH.BK,-200.0,-0.0140312574321816
2026-07-15,AMARC.BK,-193300.0,-7.0250368242036325
2026-07-15,AMARIN.BK,-200.0,-0.5414771496642842
2026-07-15,AMATA.BK,381905.0,3.4932723145283284
2026-07-15,ANAN.BK,14900.0,0.8553386911595866
2026-07-15,AOT.BK,-3382651.0,-12.573639861457869
2026-07-15,AP.BK,435700.0,6.517446997688752
2026-07-15,APO.BK,8500.0,1.3132869099286035
2026-07-15,APP.BK,-200.0,-0.1023012670011918
2026-07-15,AQUA.BK,-144800.0,-0.5445830143279113
2026-07-15,AS.BK,-422600.0,-18.584810237917235
2026-07-15,ASAP.BK,-1300.0,-0.1318458417849898
2026-07-15,ASEFA.BK,-167400.0,-13.219918958895844
2026-07-15,ASIA.BK,100.0,6.238303181534623
2026-07-15,ASIAN.BK,-39900.0,-8.071661791302025
2026-07-15,ASK.BK,-359700.0,-39.659919224751675
2026-07-15,ASP.BK,153600.0,6.913055277888169
2026-07-15,ASTR.BK,-100.0,-0.1650083329208125
2026-07-15,ASW.BK,1550.0,3.4122179416620804
2026-07-15,ATLAS.BK,143400.0,1.2544300889665614
2026-07-15,ATP30.BK,80000.0,8.375691648911946
2026-07-15,AU.BK,-33500.0,-7.642992402637402
2026-07-15,AUCT.BK,-84600.0,-24.316354041516007
2026-07-15,AURA.BK,-1035300.0,-30.95944680286072
2026-07-15,AWC.BK,13370519.0,6.23407885872649
2026-07-15,AYUD.BK,994.0,15.219721329046088
2026-07-15,BA.BK,1084873.0,13.314344160491853
2026-07-15,BAFS.BK,26600.0,7.38897098856654
2026-07-15,BAM.BK,-1060300.0,-7.577766263467277
2026-07-15,BANPU.BK,3424704.0,4.503472872186507
2026-07-15,BAY.BK,48700.0,1.0746483395359152
2026-07-15,BBGI.BK,-753700.0,-9.825832330912444
2026-07-15,BBIK.BK,144900.0,2.215771830245882
2026-07-15,BBL.BK,-592582.0,-5.212183475134948
2026-07-15,BCH.BK,-881800.0,-7.164833586217778
2026-07-15,BCP.BK,8628900.0,52.197848896213515
2026-07-15,BCPG.BK,-1199100.0,-14.647270851014865
2026-07-15,BDMS.BK,-1079819.0,-3.2728212526083147
2026-07-15,BE8.BK,-93000.0,-8.655269011344917
2026-07-15,BEAUTY.BK,-65000.0,-3.478353935891261
2026-07-15,BEM.BK,6757060.0,5.757936962713603
2026-07-15,BEYOND.BK,-900.0,-24.324324324324326
2026-07-15,BGC.BK,-20100.0,-9.895628200078772
2026-07-15,BGRIM.BK,1365700.0,1.9807448740702684
2026-07-15,BGT.BK,-800.0,-0.1748947352312327
2026-07-15,BH.BK,-416360.0,-24.038081271993004
2026-07-15,BIOTEC.BK,-4600.0,-0.425256540630489
2026-07-15,BIZ.BK,4700.0,1.8924980571695476
2026-07-15,BJC.BK,-13910.0,-0.1478702589961937
2026-07-15,BKGI.BK,-200200.0,-8.056662239929171
2026-07-15,BKIH.BK,1600.0,14.950476546439916
2026-07-15,BLA.BK,273600.0,23.087419128635577
2026-07-15,BLAND.BK,-87100.0,-0.8769598189294445
2026-07-15,BLC.BK,51100.0,13.19022838970801
2026-07-15,BM.BK,-18000.0,-1.1380880121396053
2026-07-15,BPP.BK,-106000.0,-27.13773681515617
2026-07-15,BR.BK,-1200.0,-0.1263550260344001
2026-07-15,BRI.BK,1100.0,0.3245747333323498
2026-07-15,BSBM.BK,100.0,0.08110300081103
2026-07-15,BSM.BK,-700.0,-0.6601718332971811
2026-07-15,BTC.BK,600.0,0.0196462367633479
2026-07-15,BTG.BK,-782000.0,-19.006813772599756
2026-07-15,BTS.BK,-1555800.0,-2.8874044229327023
2026-07-15,BTW.BK,-100.0,-0.1631321370309951
2026-07-15,BWG.BK,100000.0,0.2163266012495024
2026-07-15,BWG-W7.BK,-700.0,-0.0082725194820788
2026-07-15,BWG-W8.BK,-700.0,-0.0045966643713989
2026-07-15,BYD.BK,5700.0,0.1791801470911832
2026-07-15,CAZ.BK,296400.0,21.595628415300546
2026-07-15,CBG.BK,-424450.0,-7.24553195041458
2026-07-15,CCET.BK,-15350347.0,-11.330570985348912
2026-07-15,CENTEL.BK,8900.0,0.4527513291303766
2026-07-15,CFARM.BK,-34700.0,-3.1431130950062545
2026-07-15,CFRESH.BK,15000.0,0.2561186314181408
2026-07-15,CGD.BK,-100.0,-0.0247157686604053
2026-07-15,CGH.BK,-4600.0,-0.5114623152342387
2026-07-15,CHASE.BK,3300.0,0.0516187240821213
2026-07-15,CHAYO.BK,-598600.0,-7.378690130884848
2026-07-15,CHAYO-W4.BK,-100.0,-0.003411106562969
2026-07-15,CHG.BK,3607600.0,22.48719496490287
2026-07-15,CHOW.BK,-100.0,-0.0355618776671408
2026-07-15,CIG.BK,100.0,0.1627365783007046
2026-07-15,CIVIL.BK,87400.0,11.102529445838966
2026-07-15,CK.BK,-198700.0,-1.2366565412689463
2026-07-15,CKP.BK,-958400.0,-5.625807381723769
2026-07-15,CMAN.BK,-24000.0,-7.5566750629722925
2026-07-15,CMC.BK,73.0,0.0246560814393747
2026-07-15,CNT.BK,-650900.0,-10.222549729115782
2026-07-15,COCOCO.BK,-300400.0,-18.71090346133028
2026-07-15,COM7.BK,441200.0,3.3255884508916034
2026-07-15,COMAN.BK,-600.0,-0.2333713209983625
2026-07-15,CPALL.BK,-1291086.0,-5.23134052255058
2026-07-15,CPAXT.BK,-230580.0,-3.031375485640604
2026-07-15,CPF.BK,-1492759.0,-6.754830302400085
2026-07-15,CPL.BK,700.0,0.0920301859009755
2026-07-15,CPN.BK,785307.0,12.321434539216504
2026-07-15,CRC.BK,-1406152.0,-7.585688787546315
2026-07-15,CREDIT.BK,-56300.0,-2.7694004371028824
2026-07-15,CSS.BK,-8600.0,-0.3342218712460763
2026-07-15,CTW.BK,18400.0,26.512204259243248
2026-07-15,CWT.BK,-32400.0,-0.1407923865039547
2026-07-15,CWT-W8.BK,-589900.0,-2.5593966366690686
2026-07-15,DCC.BK,36000.0,3.849954442205767
2026-07-15,DCON.BK,400.0,0.5219819655230912
2026-07-15,DELTA.BK,-949876.0,-6.779638274069895
2026-07-15,DEMCO.BK,-218900.0,-8.86125756182235
2026-07-15,DITTO.BK,-669900.0,-13.981002199310364
2026-07-15,DMT.BK,400.0,0.1434447540460386
2026-07-15,DOHOME.BK,1070790.0,3.0615634756984127
2026-07-15,DTCENT.BK,20000.0,5.46048248823266
2026-07-15,DUSIT.BK,-600.0,-0.3396989135296415
2026-07-15,EA.BK,4888782.0,4.953059035842294
2026-07-15,EA-W1.BK,-67.0,-0.0007374497337201
2026-07-15,EAST.BK,4000.0,0.7397803961893912
2026-07-15,EASTW.BK,248100.0,9.946215867762234
2026-07-15,EGCO.BK,-531900.0,-32.40074340791982
2026-07-15,EKH.BK,-24400.0,-5.332738864082911
2026-07-15,EMPIRE.BK,-436100.0,-10.212110284234338
2026-07-15,EPG.BK,-7323036.0,-19.728463536601332
2026-07-15,ERW.BK,-172500.0,-1.0220884270616073
2026-07-15,ETC.BK,13600.0,0.3827212607288588
2026-07-15,EVER.BK,-90500.0,-17.565993788819874
2026-07-15,FM.BK,282800.0,22.40342484039144
2026-07-15,FNS.BK,-500.0,-0.4789226156837578
2026-07-15,FORTH.BK,-761000.0,-17.689977221539184
2026-07-15,FSMART.BK,119900.0,1.7856493955599135
2026-07-15,FSX.BK,-300.0,-1.2048192771084338
2026-07-15,GABLE.BK,-131600.0,-10.28601531803406
2026-07-15,GFPT.BK,-286500.0,-12.8967901172325
2026-07-15,GJS.BK,-100.0,-0.0268369921099243
2026-07-15,GLOBAL.BK,1198000.0,5.4280689341193735
2026-07-15,GPSC.BK,-891800.0,-7.011292914490215
2026-07-15,GREEN.BK,-1500.0,-0.5446227579696463
2026-07-15,GULF.BK,3163770.0,4.3980193239441485
2026-07-15,GUNKUL.BK,4696500.0,2.2702774679319138
2026-07-15,HANA.BK,8714550.0,17.1344019932379
2026-07-15,HANN.BK,-5000.0,-0.7843727841468848
2026-07-15,HENG.BK,299300.0,5.529659333817386
2026-07-15,HFT.BK,-300.0,-0.4771523547468706
2026-07-15,HMPRO.BK,-1790727.0,-5.349685092713481
2026-07-15,HTC.BK,95100.0,8.82316102964712
2026-07-15,HTECH.BK,-174100.0,-33.57762777242044
2026-07-15,HUMAN.BK,-230400.0,-9.470370359713767
2026-07-15,HYDRO.BK,-100.0,-0.0082339834612208
2026-07-15,ICHI.BK,2460038.0,23.779931922779827
2026-07-15,ICN.BK,0.0,0.0
2026-07-15,IHL.BK,-30000.0,-38.264329991581846
2026-07-15,IIG.BK,3000.0,0.17904034375746
2026-07-15,III.BK,-18700.0,-2.151007637802522
2026-07-15,ILINK.BK,-182400.0,-20.0838589196998
2026-07-15,ILM.BK,-46800.0,-21.615230423898684
2026-07-15,INET.BK,33500.0,2.500610223539625
2026-07-15,INGRS.BK,100000.0,6.59239237919441
2026-07-15,INOX.BK,2200.0,1.5691644912340768
2026-07-15,INSET.BK,-3382700.0,-14.226876688513707
2026-07-15,INSURE.BK,200.0,66.66666666666666
2026-07-15,IP.BK,-10500.0,-3.6456687718957137
2026-07-15,IROYAL.BK,-17200.0,-2.0878727368734107
2026-07-15,IRPC.BK,34659800.0,18.201737756083546
2026-07-15,IT.BK,-12500.0,-2.819709998466078
2026-07-15,ITC.BK,-1002400.0,-19.556173958644465
2026-07-15,ITD.BK,277300.0,2.335700760766292
2026-07-15,ITEL.BK,-2572200.0,-15.517193638131587
2026-07-15,ITEL-W6.BK,26885.0,0.3616107516150422
2026-07-15,ITNS.BK,7500.0,3.9849104723447217
2026-07-15,ITTHI.BK,-3400.0,-0.3079152327476906
2026-07-15,ITTHI-W1.BK,164400.0,4.449157014648119
2026-07-15,IVL.BK,4536256.0,11.566092344171064
2026-07-15,J.BK,300.0,0.0009716543172641
2026-07-15,JAS.BK,384600.0,1.837790125705609
2026-07-15,JDF.BK,-2900.0,-0.2631313905768112
2026-07-15,JMART.BK,-1850900.0,-8.522085941799618
2026-07-15,JMT.BK,-1719900.0,-10.30632107243266
2026-07-15,JPARK.BK,64400.0,1.5830275845014716
2026-07-15,JR.BK,-500.0,-1.5881586888161867
2026-07-15,JTS.BK,277600.0,50.45740656927805
2026-07-15,JUBILE.BK,-3700.0,-6.618844027834922
2026-07-15,KAMART.BK,-17600.0,-2.94916543645135
2026-07-15,KBANK.BK,-1243089.0,-11.147332615459444
2026-07-15,KBS.BK,-10500.0,-6.286860461635182
2026-07-15,KC.BK,-200.0,-0.0009548914529528
2026-07-15,KCC.BK,7500.0,3.0350978717893726
2026-07-15,KCE.BK,1348509.0,5.932991303177132
2026-07-15,KCG.BK,-34600.0,-14.576890993503596
2026-07-15,KGEN.BK,-2935600.0,-15.69999090816714
2026-07-15,KGI.BK,1209800.0,8.874575719650847
2026-07-15,KIAT.BK,-100.0,-0.012704865963664
2026-07-15,KISS.BK,-425500.0,-33.156111127128554
2026-07-15,KJL.BK,-9800.0,-0.3281212280707041
2026-07-15,KKP.BK,-799200.0,-15.70645747258494
2026-07-15,KLINIQ.BK,362700.0,20.22615146024783
2026-07-15,KSL.BK,-342900.0,-7.101894687745493
2026-07-15,KTB.BK,-21702548.0,-23.993976339520675
2026-07-15,KTC.BK,658858.0,2.46803792037937
2026-07-15,KTIS.BK,-100.0,-1.1894849530153442
2026-07-15,KUMWEL.BK,51300.0,1.8918712598203056
2026-07-15,KUN-W4.BK,-68000.0,-10.314360471730309
2026-07-15,LALIN.BK,-46900.0,-77.77777777777779
2026-07-15,LANNA.BK,0.0,0.0
2026-07-15,LEE.BK,-5.0,-0.0034611896801168
2026-07-15,LEO.BK,-2000.0,-0.1288074682570095
2026-07-15,LH.BK,-857700.0,-5.6738724030308285
2026-07-15,LHFG.BK,-2927800.0,-26.028935520731174
2026-07-15,LOXLEY.BK,-14900.0,-0.352037885891999
2026-07-15,LPH.BK,-8800.0,-11.384217335058215
2026-07-15,LPN.BK,-20100.0,-6.778152093639665
2026-07-15,LST.BK,100.0,0.2257285388591679
2026-07-15,LTS.BK,363100.0,1.6356754740575834
2026-07-15,M.BK,48900.0,2.749205035599113
2026-07-15,MAGURO.BK,11595.0,0.662683895495407
2026-07-15,MAJOR.BK,27200.0,2.038940770269845
2026-07-15,MALEE.BK,-125200.0,-16.544302258587972
2026-07-15,MASTEC.BK,-3297500.0,-24.12509669243644
2026-07-15,MASTER.BK,-81400.0,-2.2885437579969
2026-07-15,MBAX.BK,15000.0,0.5635496111507683
2026-07-15,MBK.BK,624200.0,25.72392320737183
2026-07-15,MC.BK,-6900.0,-1.3887043991740229
2026-07-15,MCOT.BK,-2600.0,-0.7757072361551176
2026-07-15,MCS.BK,-12900.0,-4.203885172017116
2026-07-15,MDX.BK,-14900.0,-0.2455115059214409
2026-07-15,MEB.BK,81300.0,12.884964055229425
2026-07-15,MEDEZE.BK,36400.0,4.691066225225306
2026-07-15,MEGA.BK,15200.0,1.739305559369822
2026-07-15,MENA.BK,-100000.0,-8.930955674773891
2026-07-15,METCO.BK,4500.0,41.989362694783985
2026-07-15,MFEC.BK,-9300.0,-2.0201669135759563
2026-07-15,MGC.BK,1245600.0,8.162820215064363
2026-07-15,MGI.BK,-26200.0,-12.033970705089637
2026-07-15,MICRO.BK,0.0,0.0
2026-07-15,MIDA.BK,-600.0,-0.0301108682167741
2026-07-15,MINT.BK,-4378101.0,-25.865117410627093
2026-07-15,MK.BK,-2000.0,-1.3869144620505531
2026-07-15,ML.BK,164200.0,5.5219392835536
2026-07-15,MMM.BK,8100.0,5.427099315917482
2026-07-15,MODERN.BK,-47300.0,-95.748987854251
2026-07-15,MONO.BK,-306900.0,-5.954136271923017
2026-07-15,MORE.BK,-100.0,-0.0098784945174355
2026-07-15,MOSHI.BK,-3800.0,-0.7038731546483412
2026-07-15,MRDIYT.BK,-2358600.0,-27.957853411519544
2026-07-15,MST.BK,4400.0,2.490096208262592
2026-07-15,MTC.BK,-413700.0,-3.436359323074592
2026-07-15,MUD.BK,100.0,0.2061685634174501
2026-07-15,NCAP.BK,-316000.0,-2.306046695256294
2026-07-15,NCL.BK,-100.0,-0.010958904109589
2026-07-15,NDR.BK,-1000.0,-0.6336854512157255
2026-07-15,NEO.BK,-28800.0,-7.194082866842022
2026-07-15,NER.BK,262000.0,3.141435583304637
2026-07-15,NETBAY.BK,-902500.0,-34.74184403933893
2026-07-15,NEX.BK,-4114100.0,-18.376617613367777
2026-07-15,NKT.BK,2000.0,0.354295837023915
2026-07-15,NOBLE.BK,-100.0,-0.0171722167271128
2026-07-15,NRF.BK,-100.0,-0.0579642939948991
2026-07-15,NSL.BK,18700.0,3.405777436997671
2026-07-15,NTF.BK,6200.0,3.268318397469689
2026-07-15,NTSC.BK,1800.0,0.9708214227927296
2026-07-15,NUT.BK,400.0,2.1739130434782608
2026-07-15,NVD.BK,-400.0,-0.0208656207078766
2026-07-15,NYT.BK,-292100.0,-11.81131654328336
2026-07-15,OHTL.BK,300.0,75.0
2026-07-15,OKJ.BK,-311200.0,-14.541009665659574
2026-07-15,ONEE.BK,-228000.0,-25.096533596333263
2026-07-15,OR.BK,5676498.0,19.71614438287144
2026-07-15,ORI.BK,5100.0,0.1401849892112532
2026-07-15,OSP.BK,-712500.0,-5.89047924939173
2026-07-15,PACO.BK,3400.0,0.9397405210584796
2026-07-15,PAF.BK,-1200.0,-0.0339664298451696
2026-07-15,PB.BK,-1.0,-0.0988142292490118
2026-07-15,PCC.BK,-100.0,-0.0202440624164932
2026-07-15,PCE.BK,-114700.0,-4.818517896151907
2026-07-15,PEER.BK,-1000.0,-1.45985401459854
2026-07-15,PHG.BK,-50700.0,-44.827586206896555
2026-07-15,PHOL.BK,-6000.0,-3.020843822374383
2026-07-15,PIN.BK,-224100.0,-11.045579156040862
2026-07-15,PIS.BK,-3900.0,-0.2288086520178283
2026-07-15,PK.BK,2000.0,0.1011992106461569
2026-07-15,PLANB.BK,-3938600.0,-5.828073489363899
2026-07-15,PLANET.BK,-3400.0,-2.2501654533421576
2026-07-15,PLAT.BK,582000.0,13.630295791470528
2026-07-15,PLE.BK,85500.0,3.6040972895502255
2026-07-15,PLUS.BK,-4100.0,-0.1627929876722032
2026-07-15,PM.BK,-54900.0,-26.032158487953605
2026-07-15,PMC.BK,-3500.0,-1.2543903662819869
2026-07-15,PPPM.BK,-1800.0,-0.5996002664890073
2026-07-15,PQS.BK,41600.0,61.99701937406855
2026-07-15,PR9.BK,1280700.0,19.56640109609735
2026-07-15,PRG.BK,-14.0,-0.0223474388238862
2026-07-15,PRI.BK,10200.0,7.912497090993717
2026-07-15,PRIME.BK,-100.0,-0.007449300063766
2026-07-15,PRINC.BK,200.0,0.0548353841767015
2026-07-15,PRM.BK,1960950.0,31.10465913991918
2026-07-15,PSGC.BK,10000.0,6.164658015596585
2026-07-15,PSH.BK,39400.0,1.0181670460674077
2026-07-15,PSL.BK,362100.0,7.07101162528208
2026-07-15,PSP.BK,-37200.0,-0.8427691763970258
2026-07-15,PSTC.BK,1100.0,0.0083305590047435
2026-07-15,PT.BK,-1600.0,-1.1346552066490796
2026-07-15,PTG.BK,385700.0,7.364914821332551
2026-07-15,PTL.BK,-267299.0,-12.236057457042032
2026-07-15,PTT.BK,54808375.0,25.962634913721185
2026-07-15,PTTEP.BK,1948461.0,8.615161076891486
2026-07-15,PTTGC.BK,6515454.0,14.702116388601286
2026-07-15,PYLON.BK,210400.0,13.80485033153949
2026-07-15,QH.BK,1907700.0,27.010579957942955
2026-07-15,QTCG.BK,-100.0,-0.0264970151112477
2026-07-15,RABBIT.BK,457200.0,1.6816601826013715
2026-07-15,RAM.BK,-300.0,-0.648816990354254
2026-07-15,RATCH.BK,32800.0,0.526408873969691
2026-07-15,RBF.BK,-444800.0,-23.970941700169217
2026-07-15,RCL.BK,367700.0,9.738777231231468
2026-07-15,RJH.BK,-14400.0,-9.918516630735004
2026-07-15,ROCTEC.BK,-331500.0,-3.2091919777364364
2026-07-15,ROJNA.BK,-570315.0,-7.590125882580128
2026-07-15,RPC.BK,98800.0,4.693361506170013
2026-07-15,RS.BK,-518000.0,-7.277756562695906
2026-07-15,RT.BK,-10000.0,-1.0240644914854158
2026-07-15,RWI.BK,-9800.0,-1.4692433396800648
2026-07-15,S.BK,106200.0,0.4660968318362569
2026-07-15,SABINA.BK,2900.0,1.9171525656790027
2026-07-15,SAF.BK,3600.0,1.2274122059324923
2026-07-15,SAFE.BK,1000.0,0.6626905235255135
2026-07-15,SAK.BK,-328300.0,-12.968032200852422
2026-07-15,SALEE.BK,1700.0,0.0360123713087319
2026-07-15,SAMART.BK,-564200.0,-13.459923090925097
2026-07-15,SAMCO.BK,-400.0,-0.0028365412605773
2026-07-15,SANKO.BK,-5200.0,-0.1167210541886472
2026-07-15,SAPPE.BK,-257100.0,-32.48492628663557
2026-07-15,SAT.BK,-94801.0,-25.29949428232123
2026-07-15,SAUCE.BK,-700.0,-7.864284911807662
2026-07-15,SAV.BK,8400.0,2.419417554026458
2026-07-15,SAWAD.BK,-108000.0,-0.6005459296136816
2026-07-15,SC.BK,-513100.0,-10.190408305490608
2026-07-15,SCAP.BK,-764400.0,-4.3417791274932425
2026-07-15,SCB.BK,-3356211.0,-14.906024004562484
2026-07-15,SCC.BK,1034952.0,16.083175161826002
2026-07-15,SCCC.BK,-6800.0,-13.067373842192245
2026-07-15,SCGD.BK,-23775.0,-2.9788902866250018
2026-07-15,SCGP.BK,-280663.0,-3.806582743531347
2026-07-15,SCM.BK,-200.0,-0.5305321237200913
2026-07-15,SCP.BK,60000.0,23.219814241486063
2026-07-15,SDC.BK,-8500.0,-0.6541430341462664
2026-07-15,SE-ED.BK,-10.0,-9.090909090909092
2026-07-15,SEAFCO.BK,297400.0,23.385375097799464
2026-07-15,SEAOIL.BK,12300.0,1.906181762954675
2026-07-15,SECURE.BK,-100.0,-0.0219583800863842
2026-07-15,SENX.BK,200000.0,16.903313049357674
2026-07-15,SFLEX.BK,-115900.0,-7.462907610620381
2026-07-15,SGC.BK,-1437300.0,-0.5763523254396804
2026-07-15,SGF.BK,-600.0,-0.3992015968063871
2026-07-15,SGP.BK,-3500.0,-5.278556993333937
2026-07-15,SHR.BK,460900.0,10.172320297652377
2026-07-15,SICT.BK,-110500.0,-8.608392910423635
2026-07-15,SIMAT.BK,-887200.0,-26.01510823305455
2026-07-15,SINGER.BK,-852245.0,-6.963366797181367
2026-07-15,SIRI.BK,15312200.0,31.28491912314535
2026-07-15,SIS.BK,18800.0,3.576721630224059
2026-07-15,SISB.BK,-124500.0,-3.023293199217295
2026-07-15,SITHAI.BK,-253100.0,-12.343896769712924
2026-07-15,SJWD.BK,-468900.0,-11.873735772534776
2026-07-15,SKIN.BK,3000.0,0.5873140172278779
2026-07-15,SKN.BK,-63700.0,-76.35966962755182
2026-07-15,SKR.BK,-900.0,-1.4422614659786546
2026-07-15,SKY.BK,85300.0,4.189846719394226
2026-07-15,SMART.BK,36600.0,4.340859466453814
2026-07-15,SMD100.BK,6700.0,11.164619819699722
2026-07-15,SMIT.BK,300.0,0.2300401803515014
2026-07-15,SMO.BK,60000.0,6.229235880398671
2026-07-15,SMPC.BK,200.0,0.0236708520678264
2026-07-15,SMT.BK,-5931900.0,-20.617685260167633
2026-07-15,SNC.BK,-1801.0,-1.1931656320597843
2026-07-15,SNNP.BK,-109000.0,-10.222973365871775
2026-07-15,SOLAR.BK,1710000.0,51.35619394741726
2026-07-15,SPA.BK,-628900.0,-19.41568932180309
2026-07-15,SPACK.BK,-4100.0,-0.2285765257483094
2026-07-15,SPALI.BK,-281675.0,-4.417682272229603
2026-07-15,SPCG.BK,17300.0,1.738994077368148
2026-07-15,SPRC.BK,31636000.0,37.4190794369467
2026-07-15,SPVI.BK,-101600.0,-6.985405590112076
2026-07-15,SR.BK,-100.0,-0.1083411880694683
2026-07-15,SRICHA.BK,-179500.0,-29.435204832949065
2026-07-15,SSP.BK,-252700.0,-26.23010036360919
2026-07-15,STA.BK,2457900.0,24.892584331111173
2026-07-15,STANLY.BK,0.0,0.0
2026-07-15,STARM.BK,-1800.0,-0.60932263633594
2026-07-15,STC.BK,-100.0,-0.1757438357849598
2026-07-15,STECON.BK,-295400.0,-2.454842205335833
2026-07-15,STELLA.BK,-300.0,-0.38860103626943
2026-07-15,STGT.BK,47100.0,2.4274421562695525
2026-07-15,STI.BK,-900.0,-0.137493793682924
2026-07-15,STOWER.BK,-13600.0,-8.474048227303882
2026-07-15,STPI.BK,-1188500.0,-16.501375230304216
2026-07-15,STX.BK,13700.0,1.8298628270712844
2026-07-15,SUC.BK,600.0,0.4819044865307696
2026-07-15,SUN.BK,-15000.0,-9.621367132127029
2026-07-15,SUPER.BK,-43617800.0,-10.618624760795017
2026-07-15,SUSCO.BK,-9200.0,-0.4042506072547165
2026-07-15,SVOA.BK,-1896900.0,-15.2163547617428
2026-07-15,SVT.BK,-100.0,-0.0543767876368935
2026-07-15,SWC.BK,-1106.0,-78.66287339971551
2026-07-15,SYNEX.BK,863300.0,22.23065131198954
2026-07-15,SYNTEC.BK,-25200.0,-1.536252823321781
2026-07-15,TACC.BK,-196100.0,-7.655240150465873
2026-07-15,TAE.BK,-239100.0,-3.6892739490352495
2026-07-15,TAKUNI.BK,1300.0,0.0714207229974728
2026-07-15,TASCO.BK,145800.0,11.120399297080931
2026-07-15,TATG.BK,100000.0,4.297378599054577
2026-07-15,TCAP.BK,303600.0,14.997828871610976
2026-07-15,TCJ.BK,6700.0,79.76190476190477
2026-07-15,TEAM.BK,-215700.0,-4.852610668544419
2026-07-15,TEAMG.BK,-315000.0,-11.002464202696826
2026-07-15,TEGH.BK,-242400.0,-10.947619434734303
2026-07-15,TEKA.BK,4400.0,30.75202683813251
2026-07-15,TFG.BK,-1026200.0,-7.575896836099657
2026-07-15,TFM.BK,149800.0,18.558346052449007
2026-07-15,TFMAMA.BK,-100.0,-2.8785261945883707
2026-07-15,THAI.BK,1070017.0,3.4535969657631007
2026-07-15,THANI.BK,4342000.0,21.707739138968677
2026-07-15,THCOM.BK,-1884400.0,-30.108056029999407
2026-07-15,THG.BK,190900.0,4.059936487195781
2026-07-15,THMUI.BK,9000.0,0.6838879791490153
2026-07-15,THRE.BK,59300.0,27.87938054179086
2026-07-15,TIDLOR.BK,-1575300.0,-12.359952123133464
2026-07-15,TIPCO.BK,1000.0,0.3174069124877401
2026-07-15,TIPH.BK,-30800.0,-15.350877192982455
2026-07-15,TISCO.BK,438717.0,9.716037817331394
2026-07-15,TITLE.BK,-48000.0,-13.981858538546236
2026-07-15,TK.BK,100.0,0.1447178002894356
2026-07-15,TKC.BK,-100.0,-0.1791954125974375
2026-07-15,TKN.BK,-554300.0,-31.66301368141513
2026-07-15,TKS.BK,32900.0,11.727800948205184
2026-07-15,TLI.BK,-2792843.0,-15.77864564265692
2026-07-15,TMAN.BK,530500.0,16.31947659547109
2026-07-15,TMT.BK,-100.0,-0.0479363405397631
2026-07-15,TMW.BK,16800.0,19.367333763718527
2026-07-15,TNDT.BK,-100.0,-50.0
2026-07-15,TOA.BK,125600.0,3.93297164189667
2026-07-15,TOG.BK,-5000.0,-12.748272609061472
2026-07-15,TOP.BK,20715124.0,25.757166961855837
2026-07-15,TPAC.BK,7000.0,2.584923984771105
2026-07-15,TPCS.BK,-8800.0,-80.0
2026-07-15,TPIPL.BK,-137200.0,-0.7768742870748673
2026-07-15,TPIPP.BK,-392200.0,-11.199033262442292
2026-07-15,TPP.BK,-3200.0,-76.19047619047619
2026-07-15,TQM.BK,8700.0,1.9637053087757312
2026-07-15,TRT.BK,16500.0,0.9740909517577028
2026-07-15,TRUBB.BK,-3100.0,-0.0786247865400452
2026-07-15,TRUE.BK,-10059653.0,-7.748941920971037
2026-07-15,TSE.BK,-73300.0,-1.8054187192118227
2026-07-15,TSTH.BK,-246600.0,-6.052571962650771
2026-07-15,TTA.BK,647200.0,14.58621530533916
2026-07-15,TTB.BK,-3685290.0,-1.2155995854435615
2026-07-15,TTW.BK,41200.0,1.5799018083356695
2026-07-15,TU.BK,-2196200.0,-22.45360139428665
2026-07-15,TURBO.BK,2178300.0,6.08994499004104
2026-07-15,TVDH-W5.BK,-239000.0,-43.14079422382672
2026-07-15,TVH.BK,1100.0,0.9918219769716968
2026-07-15,TVO.BK,-163000.0,-28.49490937569926
2026-07-15,TYCN.BK,100.0,0.0444444444444444
2026-07-15,UBE.BK,224900.0,3.6043382193030657
2026-07-15,UBIS.BK,-100.0,-0.0503519602018106
2026-07-15,UKEM.BK,-252200.0,-4.464899815048342
2026-07-15,UMI.BK,-7000.0,-1.2030736813882783
2026-07-15,UMS.BK,-400.0,-0.0028223330082005
2026-07-15,UNIQ.BK,-8600.0,-0.6902984176112785
2026-07-15,UNIX.BK,218900.0,2.7868912985080136
2026-07-15,UREKA.BK,91600.0,1.7783300005824223
2026-07-15,UTP.BK,-69700.0,-24.429567838491465
2026-07-15,UV.BK,-459600.0,-0.8599489015219299
2026-07-15,UVAN.BK,190100.0,36.63370725023655
2026-07-15,VGI.BK,-15927200.0,-7.1186893144608145
2026-07-15,VIBHA.BK,2306.0,0.0796740068562488
2026-07-15,VIH.BK,-15000.0,-20.60241460299147
2026-07-15,VL.BK,1.0,0.0003912347760767
2026-07-15,WASH.BK,-26700.0,-1.8374269416338236
2026-07-15,WHA.BK,4788112.0,6.271440756068679
2026-07-15,WHAUP.BK,10530000.0,19.14895984959574
2026-07-15,WICE.BK,-155900.0,-1.49366256888309
2026-07-15,WIIK.BK,-4400.0,-0.5026664168566899
2026-07-15,WORK.BK,-700.0,-2.0482209737827715
2026-07-15,WPH.BK,-92400.0,-11.467491399381451
2026-07-15,XBIO.BK,211900.0,2.092268342745743
2026-07-15,XO.BK,-45400.0,-9.550133996373471
2026-07-15,XPG.BK,686500.0,2.3397012400893717
2026-07-15,ZIGA.BK,-51100.0,-3.297965716646014
2026-07-16,2S.BK,200.0,0.2779669497296771
2026-07-16,88TH.BK,-47800.0,-6.318564020404467
2026-07-16,AAI.BK,856200.0,8.827149929584872
2026-07-16,AAV.BK,-5627700.0,-29.25120714441126
2026-07-16,ADVANC.BK,-600490.0,-10.560121328230393
2026-07-16,ADVICE.BK,-313300.0,-11.700178172837736
2026-07-16,AEONTS.BK,213000.0,35.28938120981277
2026-07-16,AGE.BK,144080.0,8.676544003892642
2026-07-16,AH.BK,4200.0,1.698802344347235
2026-07-16,AI.BK,1.0,0.0007034574935809
2026-07-16,AIE.BK,53900.0,1.6988904259802269
2026-07-16,AIRA.BK,64.0,0.0205347373960027
2026-07-16,AIT.BK,27700.0,4.155827009574906
2026-07-16,AJ.BK,674000.0,10.96181288217938
2026-07-16,AJA.BK,100.0,0.1074783431138625
2026-07-16,AKP.BK,-900.0,-0.1829863370201691
2026-07-16,ALPHAX.BK,1400.0,0.0795206043565931
2026-07-16,ALT.BK,-272800.0,-9.677413633162878
2026-07-16,AMA.BK,2000.0,0.3392331634340573
2026-07-16,AMARC.BK,-59000.0,-1.9828546923752175
2026-07-16,AMARIN.BK,-200.0,-5.88235294117647
2026-07-16,AMATA.BK,-347400.0,-2.899572384018565
2026-07-16,ANAN.BK,15900.0,0.0168250464371281
2026-07-16,AOT.BK,1720304.0,5.746500131344452
2026-07-16,AP.BK,10866600.0,21.21406426905273
2026-07-16,APO.BK,-45300.0,-8.796970579667928
2026-07-16,AQUA.BK,-10300.0,-0.1608533787096029
2026-07-16,ARIP.BK,1.0,0.0005358999367638
2026-07-16,AS.BK,-21600.0,-4.0441107637003615
2026-07-16,ASEFA.BK,123300.0,8.6187191870304
2026-07-16,ASIAN.BK,35000.0,8.544379507160189
2026-07-16,ASK.BK,85800.0,10.16950357888299
2026-07-16,ASN.BK,1.0,0.0192270717169775
2026-07-16,ASP.BK,-38500.0,-1.7644516611281216
2026-07-16,ASTR.BK,-100.0,-0.046969746786095
2026-07-16,ASW.BK,-600.0,-1.072520243819602
2026-07-16,ATLAS.BK,-339500.0,-9.181976496844726
2026-07-16,AU.BK,-19600.0,-1.6132218344636862
2026-07-16,AUCT.BK,-16000.0,-1.6462785359233412
2026-07-16,AURA.BK,874700.0,21.220178456193807
2026-07-16,AWC.BK,-1561100.0,-3.8673204141726503
2026-07-16,AYUD.BK,-347.0,-12.71062271062271
2026-07-16,BA.BK,1723600.0,24.892496217960986
2026-07-16,BAFS.BK,82000.0,17.702209969798304
2026-07-16,BAM.BK,1316300.0,14.962172858052366
2026-07-16,BANPUU.BK,-13321790.0,-9.947218652369864
2026-07-16,BAY.BK,259800.0,10.3328095338662
2026-07-16,BBGI.BK,-526170.0,-22.685500758597765
2026-07-16,BBIK.BK,113400.0,6.979638412877002
2026-07-16,BBL.BK,1015650.0,6.703134339814361
2026-07-16,BCH.BK,1792500.0,3.762169753380905
2026-07-16,BCP.BK,6242916.0,37.97744135180341
2026-07-16,BCPG.BK,1109788.0,8.648388999984338
2026-07-16,BDMS.BK,-1149525.0,-3.6585980658961086
2026-07-16,BE8.BK,107200.0,18.87323943661972
2026-07-16,BEAUTY.BK,200000.0,13.352471876356113
2026-07-16,BEC.BK,-500.0,-0.075690944789511
2026-07-16,BEM.BK,-1095120.0,-1.9730164169407869
2026-07-16,BEYOND.BK,-3200.0,-27.82366750717329
2026-07-16,BGC.BK,-1300.0,-1.7447556671006188
2026-07-16,BGRIM.BK,8662100.0,23.93594128549885
2026-07-16,BGT.BK,-3000.0,-3.1545741324921135
2026-07-16,BH.BK,-512800.0,-12.749853493541904
2026-07-16,BIG.BK,-10000.0,-5.899565791957712
2026-07-16,BIOTEC.BK,-2900.0,-0.4385301678512022
2026-07-16,BIZ.BK,5800.0,5.538790633714045
2026-07-16,BJC.BK,2252495.0,16.11171433312733
2026-07-16,BKGI.BK,-48800.0,-10.463076916479777
2026-07-16,BKIH.BK,300.0,4.914004914004914
2026-07-16,BLA.BK,-195900.0,-12.23876270419804
2026-07-16,BLAND.BK,-3864300.0,-1.8205836164567075
2026-07-16,BLC.BK,4400.0,0.8869036580744515
2026-07-16,BM.BK,-11500.0,-0.9390645120988256
2026-07-16,BPP.BK,-2770200.0,-78.68703822635746
2026-07-16,BR.BK,-5200.0,-7.854866240691229
2026-07-16,BRI.BK,900.0,0.0499666611333216
2026-07-16,BSM.BK,-1500.0,-0.6117455138662317
2026-07-16,BTC.BK,-447700.0,-3.1860689154463424
2026-07-16,BTG.BK,-280800.0,-8.241030175729403
2026-07-16,BTS.BK,11614400.0,17.6041727879631
2026-07-16,BUI.BK,-205.0,-1.3254024697743585
2026-07-16,BWG.BK,161300.0,0.6692658079401314
2026-07-16,BYD.BK,41800.0,2.085793996406246
2026-07-16,CAZ.BK,-5200.0,-0.758655603911745
2026-07-16,CBG.BK,810750.0,9.076122895237864
2026-07-16,CCET.BK,-5801390.0,-9.934465873071336
2026-07-16,CENTEL.BK,823400.0,15.103545682997964
2026-07-16,CFARM.BK,-44700.0,-3.025993077448499
2026-07-16,CFRESH.BK,67800.0,3.913675177659495
2026-07-16,CGH.BK,-11500.0,-0.1050957646315465
2026-07-16,CHASE.BK,3100.0,0.2396967140673362
2026-07-16,CHAYO.BK,662700.0,9.277523529798811
2026-07-16,CHEWA.BK,-100.0,-0.014643453863602
2026-07-16,CHG.BK,-627800.0,-1.7275340362454144
2026-07-16,CITY.BK,100.0,2.564102564102564
2026-07-16,CIVIL.BK,-65100.0,-4.086877857597104
2026-07-16,CK.BK,1438200.0,6.058593958821024
2026-07-16,CKP.BK,1841000.0,13.269981485456576
2026-07-16,CM.BK,-35000.0,-21.06720438197851
2026-07-16,CNT.BK,65800.0,5.224282911592907
2026-07-16,COCOCO.BK,-961200.0,-15.917407006043712
2026-07-16,COM7.BK,-286300.0,-2.9802942486254524
2026-07-16,COMAN.BK,100.0,0.0925069380203515
2026-07-16,CPALL.BK,-101363.0,-0.3424385531696638
2026-07-16,CPAXT.BK,1225000.0,9.151315925613025
2026-07-16,CPF.BK,-6678402.0,-21.237258848953253
2026-07-16,CPH.BK,-400.0,-0.8849361739784518
2026-07-16,CPI.BK,6200.0,1.33007821718032
2026-07-16,CPL.BK,600.0,0.3676470588235294
2026-07-16,CPN.BK,3137300.0,32.1058809443159
2026-07-16,CPW.BK,-100.0,-0.0213033836164197
2026-07-16,CRANE.BK,-800.0,-0.0673684210526315
2026-07-16,CRC.BK,1054700.0,10.152235402491808
2026-07-16,CREDIT.BK,1864200.0,12.394679795461853
2026-07-16,CSC.BK,-3.0,-0.2493765586034912
2026-07-16,CSS.BK,-104000.0,-4.71909582124065
2026-07-16,CTW.BK,10300.0,7.941097104968968
2026-07-16,CWT.BK,27400.0,0.4419689166809554
2026-07-16,DCC.BK,-6020.0,-0.6035075618896002
2026-07-16,DCON.BK,400.0,0.2739350773866593
2026-07-16,DELTA.BK,-1819305.0,-15.32564096602574
2026-07-16,DEMCO.BK,-56000.0,-4.387669395379158
2026-07-16,DEMCO-W8.BK,51200.0,5.6975935456948115
2026-07-16,DITTO.BK,-28300.0,-0.6576362137722036
2026-07-16,DMT.BK,67100.0,11.578907406704376
2026-07-16,DOD.BK,-500.0,-0.1210067763794772
2026-07-16,DOHOME.BK,1575132.0,9.320494102189736
2026-07-16,DUSIT.BK,25400.0,6.479525719125315
2026-07-16,EA.BK,1398600.0,2.5067393039158112
2026-07-16,EA-W1.BK,-693333.0,-11.273063927570965
2026-07-16,EASTW.BK,-1614350.0,-23.167408944125263
2026-07-16,EGCO.BK,90300.0,3.2006862157822544
2026-07-16,EKH.BK,20900.0,4.75222490529657
2026-07-16,EMPIRE.BK,-288500.0,-1.0165321244411496
2026-07-16,EP.BK,66.0,0.0727408991215985
2026-07-16,EPG.BK,1048800.0,1.2241768627421457
2026-07-16,ERW.BK,2560200.0,6.269633009742689
2026-07-16,ESTAR.BK,-11900.0,-0.0226576109590332
2026-07-16,ETC.BK,-22900.0,-0.6559035472352234
2026-07-16,EVER.BK,-15300.0,-0.1097285473518126
2026-07-16,FLOYD.BK,50000.0,15.234334533798894
2026-07-16,FM.BK,411800.0,24.77283049741173
2026-07-16,FORTH.BK,-653900.0,-24.814583187863736
2026-07-16,FSMART.BK,28400.0,1.697543224590946
2026-07-16,FSX.BK,1.0,0.0009074327819166
2026-07-16,FTE.BK,-100.0,-0.0171648772282156
2026-07-16,FVC.BK,5000.0,0.8860440966426016
2026-07-16,GABLE.BK,-30900.0,-11.158175259183828
2026-07-16,GBX.BK,-1500.0,-0.0162204247588563
2026-07-16,GC.BK,-200.0,-0.1193787529695464
2026-07-16,GCAP.BK,-100.0,-0.0798084596967278
2026-07-16,GENCO.BK,-100.0,-0.0233535185578735
2026-07-16,GFPT.BK,-60000.0,-1.8014480039055392
2026-07-16,GGC.BK,-200.0,-0.1285785003889499
2026-07-16,GLOBAL.BK,2354500.0,18.21253819353744
2026-07-16,GPSC.BK,392100.0,2.0141660443350773
2026-07-16,GREEN.BK,-200.0,-0.0560530261627499
2026-07-16,GTB.BK,-100.0,-0.0354607414131814
2026-07-16,GTV.BK,-2500.0,-0.0612337023439526
2026-07-16,GULF.BK,-8759425.0,-16.13244004089142
2026-07-16,GUNKUL.BK,-10717700.0,-15.749582447308802
2026-07-16,GYT.BK,-100.0,-100.0
2026-07-16,HANA.BK,-8555664.0,-23.525336415761046
2026-07-16,HENG.BK,519700.0,15.73982317609461
2026-07-16,HMPRO.BK,-2629800.0,-11.278968459461376
2026-07-16,HTC.BK,191800.0,35.95530893821236
2026-07-16,HTECH.BK,170700.0,10.40452069414671
2026-07-16,HUMAN.BK,103200.0,5.542114972034338
2026-07-16,ICHI.BK,3494880.0,35.51663282223533
2026-07-16,ICN.BK,100.0,0.0117107537509544
2026-07-16,IHL.BK,-10000.0,-33.5536690937154
2026-07-16,IIG.BK,5000.0,0.9523791383254508
2026-07-16,ILINK.BK,-73700.0,-19.496426096111826
2026-07-16,ILM.BK,-15500.0,-3.9775614212468504
2026-07-16,INET.BK,-25900.0,-4.9754015379561665
2026-07-16,INOX.BK,-400.0,-0.0915218714392271
2026-07-16,INSET.BK,56900.0,0.5254804452010706
2026-07-16,IP.BK,200.0,0.065984388093777
2026-07-16,IROYAL.BK,2300.0,0.6341258988045348
2026-07-16,IRPC.BK,4721900.0,1.5319377005296846
2026-07-16,IT.BK,-800.0,-0.1954045729555186
2026-07-16,ITC.BK,-690000.0,-9.553011808491744
2026-07-16,ITD.BK,-217200.0,-2.477582272100359
2026-07-16,ITEL.BK,-1610400.0,-18.36795098229872
2026-07-16,ITTHI.BK,9600.0,0.532504696857834
2026-07-16,ITTHI-W1.BK,-164400.0,-5.4123296424800715
2026-07-16,IVL.BK,13923900.0,16.093898423400383
2026-07-16,J.BK,12600.0,0.2465692144246121
2026-07-16,JAS.BK,-507900.0,-3.7642398547843863
2026-07-16,JAS-W4.BK,-1000.0,-0.0422106565023405
2026-07-16,JCK.BK,-2200.0,-0.1440384451704564
2026-07-16,JDF.BK,0.0,0.0
2026-07-16,JMART.BK,-1735000.0,-6.760653913826328
2026-07-16,JMT.BK,-1033500.0,-10.724403075677865
2026-07-16,JPARK.BK,47200.0,3.4797943382566525
2026-07-16,JTS.BK,-95195.0,-36.50590951274322
2026-07-16,JUBILE.BK,-105.0,-0.1695873374788016
2026-07-16,KAMART.BK,132400.0,27.346614204128844
2026-07-16,KASET.BK,100000.0,2.4749730722929733
2026-07-16,KBANK.BK,-1059430.0,-5.906774952615837
2026-07-16,KBS.BK,-5700.0,-1.18314700497752
2026-07-16,KCC.BK,5300.0,1.6500314439954422
2026-07-16,KCE.BK,-2329994.0,-13.28726537223657
2026-07-16,KCG.BK,-85800.0,-12.894402657028426
2026-07-16,KCM.BK,-100.0,-0.0116781501810113
2026-07-16,KGEN.BK,-1410500.0,-16.00075142841164
2026-07-16,KGI.BK,-816400.0,-21.09704096169843
2026-07-16,KISS.BK,-329400.0,-8.466190496996738
2026-07-16,KJL.BK,6500.0,0.5139473449084818
2026-07-16,KKP.BK,-593980.0,-13.913027998452185
2026-07-16,KLINIQ.BK,-197100.0,-22.79785554418169
2026-07-16,KSL.BK,-409600.0,-22.732898433450217
2026-07-16,KTB.BK,-4316500.0,-10.89010822443982
2026-07-16,KTC.BK,-2071550.0,-8.243380911926327
2026-07-16,KTIS.BK,-300.0,-0.3359048717403231
2026-07-16,KUMWEL.BK,28900.0,2.4410598084992805
2026-07-16,KWM.BK,-1000.0,-0.5783623092850285
2026-07-16,LALIN.BK,-500.0,-0.3911077736581091
2026-07-16,LANNA.BK,200.0,0.0697508152126527
2026-07-16,LH.BK,16154000.0,16.74742143205486
2026-07-16,LHFG.BK,2049500.0,19.707985258292403
2026-07-16,LIT.BK,55.0,0.0279237427969436
2026-07-16,LOXLEY.BK,9700.0,1.0414306895666896
2026-07-16,LPN.BK,-204300.0,-12.350022487559302
2026-07-16,LST.BK,100.0,0.2178506851404047
2026-07-16,LTS.BK,-378300.0,-5.347863462811568
2026-07-16,M.BK,28300.0,3.314807114536542
2026-07-16,MADAME.BK,10000.0,1.3854464393333783
2026-07-16,MAGURO.BK,-17205.0,-0.7657618763191089
2026-07-16,MAJOR.BK,365700.0,24.556940945156835
2026-07-16,MALEE.BK,-14800.0,-1.5955135882777187
2026-07-16,MASTEC.BK,-1420000.0,-21.933886015772934
2026-07-16,MASTER.BK,218200.0,5.479900668638293
2026-07-16,MATI.BK,-10.0,-0.99009900990099
2026-07-16,MBAX.BK,5000.0,1.9708083861838448
2026-07-16,MBK.BK,419500.0,14.275791966149187
2026-07-16,MC.BK,4000.0,0.5840115167071095
2026-07-16,MCS.BK,3700.0,1.0677748438018555
2026-07-16,MDX.BK,-300.0,-0.0129639976820372
2026-07-16,MEB.BK,54400.0,7.615176037952693
2026-07-16,MEDEZE.BK,49500.0,20.572796528808148
2026-07-16,MEGA.BK,21000.0,9.94256982288022
2026-07-16,METCO.BK,2600.0,37.453183520599254
2026-07-16,MFC.BK,2700.0,4.944149423182568
2026-07-16,MFEC.BK,-2900.0,-0.5280792483065044
2026-07-16,MGC.BK,-702700.0,-8.974472115981802
2026-07-16,MGI.BK,-14300.0,-12.59346020730773
2026-07-16,MICRO.BK,800.0,0.0330964866010942
2026-07-16,MIDA.BK,149300.0,3.1503872043214955
2026-07-16,MINT.BK,-390500.0,-0.9162657466310516
2026-07-16,MJD.BK,100000.0,3.3271791609453047
2026-07-16,MK.BK,-13000.0,-0.550396878487611
2026-07-16,ML.BK,434400.0,25.15267336902805
2026-07-16,MMM.BK,-1700.0,-0.2120589174517004
2026-07-16,MONO.BK,949500.0,13.414283365045389
2026-07-16,MOONG.BK,-200.0,-0.012970513483173
2026-07-16,MORE.BK,100.0,0.005725737188663
2026-07-16,MOSHI.BK,698500.0,60.680244215179016
2026-07-16,MPJ.BK,-500.0,-1.1441385780645752
2026-07-16,MRDIYT.BK,-261200.0,-5.083235054860795
2026-07-16,MST.BK,700.0,0.8738967054094207
2026-07-16,MTC.BK,890700.0,5.156841331339301
2026-07-16,NCAP.BK,2604800.0,8.323498548452536
2026-07-16,NCH.BK,-100.0,-0.0034691987191718
2026-07-16,NCL.BK,-100.0,-0.0096908615175889
2026-07-16,NCP.BK,-5500.0,-4.385825013556186
2026-07-16,NDR.BK,-1200.0,-0.5173684913965931
2026-07-16,NEO.BK,227100.0,17.140088334475504
2026-07-16,NER.BK,1728300.0,19.092286232509647
2026-07-16,NETBAY.BK,-99200.0,-11.643971486355309
2026-07-16,NEX.BK,-1897700.0,-3.0793040795497326
2026-07-16,NOBLE.BK,-7000.0,-0.0873560481521512
2026-07-16,NOBLE-W3.BK,-100000.0,-0.4477578525533391
2026-07-16,NSL.BK,-57700.0,-6.452449806202851
2026-07-16,NTF.BK,88300.0,11.77942722368372
2026-07-16,NUT.BK,-200.0,-0.1801785569499374
2026-07-16,NVD.BK,-400.0,-0.1468968049944913
2026-07-16,NYT.BK,206500.0,11.413367291555437
2026-07-16,OKJ.BK,-6100.0,-2.2633584529017368
2026-07-16,ONEE.BK,-47800.0,-6.907394669456599
2026-07-16,OR.BK,12909700.0,26.68112344565927
2026-07-16,ORI.BK,2183700.0,10.69194097825311
2026-07-16,ORI-W2.BK,-250.0,-0.0018034604655135
2026-07-16,OSP.BK,-92600.0,-1.820633399539376
2026-07-16,PAF.BK,-1200.0,-0.0356072414446926
2026-07-16,PB.BK,6.0,0.3329633740288568
2026-07-16,PCE.BK,103901.0,1.3655344011473007
2026-07-16,PCSGH.BK,5000.0,3.217855235128682
2026-07-16,PEER.BK,-11400.0,-7.625418060200668
2026-07-16,PIN.BK,256500.0,6.474869177350833
2026-07-16,PIS.BK,-4200.0,-0.2441993922923694
2026-07-16,PK.BK,4000.0,0.0457152522653336
2026-07-16,PLANB.BK,-2104000.0,-8.752530236268813
2026-07-16,PLANET.BK,2400.0,2.823529411764706
2026-07-16,PLAT.BK,-47700.0,-2.6929191469374114
2026-07-16,PLE.BK,6400.0,5.22431920590348
2026-07-16,PLUS.BK,-300.0,-0.0115777501884278
2026-07-16,PM.BK,5100.0,5.483753037569084
2026-07-16,PMC.BK,1500.0,0.7009345794392523
2026-07-16,POLY.BK,-9000.0,-10.06711409395973
2026-07-16,PORT.BK,20000.0,4.355979343945951
2026-07-16,PQS.BK,-1500.0,-0.9433902931428104
2026-07-16,PR9.BK,235100.0,4.899677488264011
2026-07-16,PRG.BK,-105.0,-0.0461129019507953
2026-07-16,PRI.BK,100.0,0.0234845424741435
2026-07-16,PRIME.BK,-200.0,-0.0346981263011797
2026-07-16,PRIN.BK,75.0,0.327525219441897
2026-07-16,PRINC.BK,100.0,0.006249984375039
2026-07-16,PRM.BK,1053300.0,20.258885982458843
2026-07-16,PROEN.BK,464600.0,2.5275481531652835
2026-07-16,PROUD-W3.BK,-8000.0,-0.1960688201558747
2026-07-16,PRTR.BK,200.0,0.1648804616652926
2026-07-16,PSGC.BK,-1000.0,-1.6434393899552986
2026-07-16,PSH.BK,495600.0,8.104685852662502
2026-07-16,PSL.BK,-202600.0,-6.502937716557295
2026-07-16,PSP.BK,166000.0,7.418324692027803
2026-07-16,PSTC.BK,-300.0,-0.0041858477325332
2026-07-16,PT.BK,-17700.0,-22.153799939921896
2026-07-16,PTG.BK,1032700.0,18.61843865452529
2026-07-16,PTL.BK,-11000.0,-4.682445087689426
2026-07-16,PTT.BK,8601745.0,14.395124684268923
2026-07-16,PTTEP.BK,-1762314.0,-7.687543177471956
2026-07-16,PTTGC.BK,-1617400.0,-2.9744803781029105
2026-07-16,PYLON.BK,-325100.0,-26.396128676052676
2026-07-16,Q-CON.BK,100.0,0.0810293974654004
2026-07-16,QH.BK,10546400.0,29.30606015000488
2026-07-16,QLT.BK,1.0,0.0016447097909573
2026-07-16,QTCG.BK,-300.0,-0.0073631810512953
2026-07-16,RABBIT.BK,39900.0,0.2659099274439105
2026-07-16,RAM.BK,-300.0,-0.4194513576242274
2026-07-16,RATCH.BK,-17400.0,-0.1488342429614661
2026-07-16,RBF.BK,39300.0,2.5196700963244876
2026-07-16,RCL.BK,-711200.0,-31.944318429877463
2026-07-16,RICHY.BK,0.0,0.0
2026-07-16,RJH.BK,-68600.0,-5.114223879250639
2026-07-16,ROCTEC.BK,-5500.0,-0.1362735381565906
2026-07-16,ROJNA.BK,-325000.0,-10.576934342296934
2026-07-16,RPC.BK,-1800.0,-0.0378927424872375
2026-07-16,RPH.BK,200.0,0.0696864111498257
2026-07-16,RS.BK,7900.0,1.2279646408358864
2026-07-16,RWI.BK,-7000.0,-4.452784580643109
2026-07-16,S.BK,6200.0,0.0858184820067018
2026-07-16,S11.BK,200.0,0.2368826246594812
2026-07-16,SABINA.BK,36200.0,12.878070993034456
2026-07-16,SAF.BK,35400.0,6.87245195107746
2026-07-16,SAK.BK,497800.0,25.635704181071084
2026-07-16,SALEE.BK,-1900.0,-0.041024303445113
2026-07-16,SAMART.BK,51500.0,2.84277521100016
2026-07-16,SAMCO.BK,100.0,0.0037837195628139
2026-07-16,SAMTEL.BK,100.0,0.0438979635734698
2026-07-16,SANKO.BK,-900.0,-0.1006152060878907
2026-07-16,SAPPE.BK,36500.0,11.397488180960886
2026-07-16,SAT.BK,259600.0,28.462259548178075
2026-07-16,SAUCE.BK,-300.0,-2.489213408562894
2026-07-16,SAV.BK,9300.0,2.1243304361730075
2026-07-16,SAWAD.BK,1670400.0,11.763743135175575
2026-07-16,SC.BK,2809100.0,14.140701566259766
2026-07-16,SCAP.BK,469300.0,3.4151884557460925
2026-07-16,SCB.BK,3008373.0,16.930757678466357
2026-07-16,SCC.BK,1575349.0,33.17250513796705
2026-07-16,SCCC.BK,-6400.0,-6.463406012987407
2026-07-16,SCG.BK,-201.0,-0.1037119593820624
2026-07-16,SCGD.BK,-7900.0,-1.4244372120698516
2026-07-16,SCGP.BK,3514000.0,27.65765770020201
2026-07-16,SCP.BK,200.0,0.1590571094551498
2026-07-16,SE-ED.BK,-9.0,-0.4975124378109453
2026-07-16,SEAFCO.BK,-122300.0,-15.2232768009958
2026-07-16,SEAOIL.BK,10300.0,2.1946038313947667
2026-07-16,SECURE.BK,-6200.0,-1.97300169932727
2026-07-16,SELIC.BK,-3773.0,-12.908412877621538
2026-07-16,SFLEX.BK,-9700.0,-1.1317232528293082
2026-07-16,SGC.BK,1719300.0,2.1634740251242337
2026-07-16,SGF.BK,-5100.0,-12.408759124087592
2026-07-16,SGP.BK,-200.0,-0.2116200573490355
2026-07-16,SHANG.BK,-100.0,-1.82848784055586
2026-07-16,SHR.BK,-250000.0,-7.434468874109165
2026-07-16,SICT.BK,-83700.0,-7.615986838992398
2026-07-16,SIMAT.BK,-233900.0,-19.00853311661926
2026-07-16,SINGER.BK,864893.0,16.464812911837818
2026-07-16,SIRI.BK,14183600.0,10.918293902572865
2026-07-16,SIS.BK,-4300.0,-0.3385461568319008
2026-07-16,SISB.BK,412400.0,7.398730769624084
2026-07-16,SJWD.BK,-405500.0,-18.729722938668125
2026-07-16,SKE.BK,1000.0,0.4646321971527338
2026-07-16,SKR.BK,-4200.0,-6.273338312173264
2026-07-16,SKY.BK,489200.0,6.357504630048982
2026-07-16,SMD100.BK,1000.0,0.3480573180791413
2026-07-16,SMIT.BK,700.0,0.3661068718259841
2026-07-16,SMO.BK,-189900.0,-13.866354339022504
2026-07-16,SMPC.BK,0.0,0.0
2026-07-16,SMT.BK,-2295500.0,-13.696499298886016
2026-07-16,SNC.BK,-10400.0,-5.703724422360793
2026-07-16,SNNP.BK,96600.0,7.047427141932702
2026-07-16,SONIC.BK,-100.0,-0.0294025980135604
2026-07-16,SPA.BK,626900.0,29.15127881531137
2026-07-16,SPACK.BK,-1500.0,-0.8531937887492178
2026-07-16,SPALI.BK,279500.0,2.4617902843574764
2026-07-16,SPCG.BK,96400.0,7.136876254413351
2026-07-16,SPI.BK,-600.0,-3.17359568390987
2026-07-16,SPRC.BK,11452645.0,22.253016695584375
2026-07-16,SPVI.BK,170800.0,23.954044138271495
2026-07-16,SRICHA.BK,-138700.0,-19.145585127455487
2026-07-16,SSP.BK,-277200.0,-27.36653384880879
2026-07-16,STA.BK,2825200.0,30.144637067191
2026-07-16,STANLY.BK,-3700.0,-7.829859274150884
2026-07-16,STARM.BK,-2000.0,-1.5325553060896089
2026-07-16,STECON.BK,-1047000.0,-11.964073498491636
2026-07-16,STELLA.BK,-100.0,-0.0071556913864796
2026-07-16,STGT.BK,301800.0,15.302994732179846
2026-07-16,STI.BK,-390.0,-0.1773396326796018
2026-07-16,STOWER.BK,-23100.0,-28.205128205128204
2026-07-16,STP.BK,-500.0,-2.4874384358987114
2026-07-16,STPI.BK,6825600.0,11.134612548973918
2026-07-16,SUC.BK,38100.0,39.14477401855524
2026-07-16,SUN.BK,-37100.0,-2.9496179807440033
2026-07-16,SUPER.BK,15700.0,0.0057005847866838
2026-07-16,SUSCO.BK,214200.0,9.092190224579646
2026-07-16,SVOA.BK,-1134600.0,-17.022004383773737
2026-07-16,SVT.BK,-600.0,-0.1313111417503775
2026-07-16,SYMC.BK,100.0,0.0492125984251968
2026-07-16,SYNEX.BK,1168200.0,29.626826759400345
2026-07-16,SYNTEC.BK,-800000.0,-42.792167535615114
2026-07-16,TACC.BK,1116000.0,33.492171054961375
2026-07-16,TAE.BK,1965200.0,24.186451796322803
2026-07-16,TASCO.BK,1620400.0,18.7941844270395
2026-07-16,TATG.BK,10700.0,1.9124183870985036
2026-07-16,TC.BK,-19900.0,-5.907340835755146
2026-07-16,TCAP.BK,-199660.0,-7.931186253775715
2026-07-16,TEAM.BK,116300.0,7.878704532321318
2026-07-16,TEAMG.BK,-116800.0,-7.119563561000884
2026-07-16,TEGH.BK,90600.0,8.17277941253412
2026-07-16,TFG.BK,872900.0,6.026782416239185
2026-07-16,TFM.BK,52300.0,6.017130990525607
2026-07-16,TFMAMA.BK,900.0,26.31578947368421
2026-07-16,TGE.BK,-7200.0,-0.0655139487386108
2026-07-16,TH.BK,700.0,0.0240731659170741
2026-07-16,THAI.BK,1739900.0,12.881509876725008
2026-07-16,THANI.BK,4248000.0,7.473842869491186
2026-07-16,THCOM.BK,104400.0,3.5642980244775773
2026-07-16,THG.BK,114600.0,6.576421634705603
2026-07-16,THRE.BK,-20000.0,-0.4986891954497602
2026-07-16,TIDLOR.BK,243400.0,1.5180189914528794
2026-07-16,TIPCO.BK,5000.0,2.5893587711939015
2026-07-16,TIPH.BK,-40100.0,-19.41230575591809
2026-07-16,TISCO.BK,963800.0,21.667824472186815
2026-07-16,TITLE.BK,28800.0,8.880118401578688
2026-07-16,TK.BK,100.0,0.0736919675755342
2026-07-16,TKN.BK,-107100.0,-16.471044181153804
2026-07-16,TKS.BK,10900.0,4.021472449224298
2026-07-16,TL.BK,-2500.0,-0.0236547496561072
2026-07-16,TL-W2.BK,-400.0,-0.0056126179509201
2026-07-16,TLI.BK,3525600.0,21.332028337907897
2026-07-16,TMAN.BK,-40900.0,-4.6497245407686485
2026-07-16,TMW.BK,8200.0,14.419864242253718
2026-07-16,TNDT.BK,-100.0,-0.99009900990099
2026-07-16,TNDT-W2.BK,249933.0,10.880441951429749
2026-07-16,TNITY.BK,-8000.0,-15.190354125130542
2026-07-16,TNR.BK,9800.0,9.645574354583124
2026-07-16,TOA.BK,279400.0,12.303892944681802
2026-07-16,TOG.BK,1.0,0.0016428184192801
2026-07-16,TOP.BK,-460860.0,-0.7726405250642769
2026-07-16,TOPP.BK,-3800.0,-84.44444444444444
2026-07-16,TPAC.BK,300.0,0.1820377303535779
2026-07-16,TPBI.BK,1.0,0.0047844600736806
2026-07-16,TPCH.BK,600.0,0.1847284952940416
2026-07-16,TPCS.BK,-200.0,-2.4978144123891597
2026-07-16,TPIPL.BK,587400.0,2.493353921401793
2026-07-16,TPIPP.BK,-136800.0,-1.7116530289126723
2026-07-16,TQM.BK,-10500.0,-8.557108512285563
2026-07-16,TRT.BK,734100.0,24.618911589903465
2026-07-16,TRUBB.BK,-46300.0,-1.499637884415815
2026-07-16,TRUE.BK,7427630.0,5.32494630196605
2026-07-16,TSE.BK,293700.0,8.680591474281863
2026-07-16,TSTH.BK,306900.0,14.633790466435975
2026-07-16,TTA.BK,1035600.0,22.99678076158072
2026-07-16,TTB.BK,37706553.0,9.64096586313329
2026-07-16,TTW.BK,-809200.0,-16.358664735109713
2026-07-16,TU.BK,1365000.0,12.332428051801616
2026-07-16,TURBO.BK,-1959100.0,-13.247310676246435
2026-07-16,TVH.BK,-2000.0,-0.934732316032996
2026-07-16,TVO.BK,-11900.0,-1.3534739353903862
2026-07-16,TVT.BK,1000.0,0.055840964931874
2026-07-16,UBA.BK,2000.0,0.03351628757511
2026-07-16,UBE.BK,-159400.0,-2.988636992163734
2026-07-16,UBIS.BK,-300.0,-0.4615384615384615
2026-07-16,UEC.BK,-30000.0,-36.76470588235294
2026-07-16,UKEM.BK,106600.0,1.4895651489823656
2026-07-16,UMI.BK,-2200.0,-0.6853582554517134
2026-07-16,UMS.BK,9300.0,0.1223529015530135
2026-07-16,UNIQ.BK,-2900.0,-0.6807511737089201
2026-07-16,UNIX.BK,-616800.0,-4.90564351019472
2026-07-16,UREKA.BK,-31200.0,-0.7340140215498989
2026-07-16,UTP.BK,-48400.0,-37.06114322906696
2026-07-16,UV.BK,-19200.0,-0.121282655039029
2026-07-16,UVAN.BK,-1100.0,-0.6627424281677582
2026-07-16,VCOM.BK,-34800.0,-8.732506756400701
2026-07-16,VGI.BK,11203000.0,11.769486697522687
2026-07-16,VIBHA.BK,-10156.0,-0.1036696991108455
2026-07-16,VIBHA-W5.BK,-1500.0,-0.3052422300590338
2026-07-16,VIH.BK,1500.0,1.2050515762074616
2026-07-16,VNG.BK,-600.0,-1.2765685836471563
2026-07-16,VS.BK,9500.0,42.0353982300885
2026-07-16,WARRIX.BK,100.0,0.0074399060191071
2026-07-16,WASH.BK,19100.0,2.383626606764009
2026-07-16,WHA.BK,-5292100.0,-9.34734591526141
2026-07-16,WHAUP.BK,-7322900.0,-11.696200842243377
2026-07-16,WICE.BK,495500.0,7.174600379826675
2026-07-16,WIIK.BK,-900.0,-0.0894454382826475
2026-07-16,WORK.BK,-2300.0,-2.7348394768133173
2026-07-16,WPH.BK,33900.0,5.912196040747064
2026-07-16,XBIO.BK,-47200.0,-1.8278930279822536
2026-07-16,XO.BK,-28100.0,-13.018058502506324
2026-07-16,XPG.BK,-1700.0,-0.0234936331563157
2026-07-16,YGG.BK,-13400.0,-0.5329470660269711
2026-07-16,YUASA.BK,1000.0,7.347538574577516
2026-07-17,88TH.BK,-15300.0,-2.364826223913494
2026-07-17,AAI.BK,1179700.0,27.10248746937846
2026-07-17,AAV.BK,-2478700.0,-11.386722962504942
2026-07-17,ACE.BK,-37900.0,-0.3921234706796658
2026-07-17,ADVANC.BK,1491631.0,15.125017085763028
2026-07-17,ADVICE.BK,-129700.0,-1.1213256161001264
2026-07-17,AEONTS.BK,-165900.0,-29.08301720087793
2026-07-17,AFC.BK,-2000.0,-5.260250913968596
2026-07-17,AGE.BK,200300.0,20.820751314160503
2026-07-17,AH.BK,-11200.0,-2.50706791691756
2026-07-17,AIE.BK,37600.0,3.3509973673281324
2026-07-17,AIT.BK,-43000.0,-4.022894950050613
2026-07-17,AJ.BK,-450100.0,-15.129152407807464
2026-07-17,AJA.BK,-300.0,-0.0327828724789971
2026-07-17,AKP.BK,-29400.0,-4.273877017008286
2026-07-17,ALPHAX.BK,400.0,0.022151472879121
2026-07-17,ALT.BK,-788800.0,-21.56133239631194
2026-07-17,AMA.BK,500.0,0.1627069225287259
2026-07-17,AMANAH.BK,7000.0,0.6664108918196159
2026-07-17,AMARC.BK,-166600.0,-6.062381395111887
2026-07-17,AMARIN.BK,-100.0,-25.0
2026-07-17,AMATA.BK,-1041595.0,-8.330388838121117
2026-07-17,AOT.BK,212835.0,0.7317387123970328
2026-07-17,AP.BK,3639700.0,21.1650727975694
2026-07-17,APCO.BK,-8800.0,-20.322386956722553
2026-07-17,APO.BK,-31600.0,-1.8202251203739064
2026-07-17,APURE.BK,-100.0,-0.4254957024934048
2026-07-17,AQUA.BK,-15300.0,-1.1787910072884724
2026-07-17,ARIP.BK,-3000.0,-0.6632765863365023
2026-07-17,AS.BK,205700.0,11.68683597522868
2026-07-17,ASAP.BK,-100.0,-0.0739644970414201
2026-07-17,ASEFA.BK,-245200.0,-24.521373196899027
2026-07-17,ASIA.BK,100.0,3.114294612270321
2026-07-17,ASIAN.BK,59100.0,6.30213120802578
2026-07-17,ASK.BK,-298800.0,-18.20757735021251
2026-07-17,ASP.BK,55000.0,3.453140568562734
2026-07-17,ASW.BK,-600.0,-1.036305226432692
2026-07-17,ATLAS.BK,15800.0,0.432379180121504
2026-07-17,AU.BK,-43600.0,-7.761708430354688
2026-07-17,AUCT.BK,-71200.0,-14.876723777684914
2026-07-17,AURA.BK,407800.0,9.322960568083332
2026-07-17,AWC.BK,1950900.0,4.2848516864556
2026-07-17,AYUD.BK,-200.0,-2.8344671201814062
2026-07-17,BA.BK,-844000.0,-14.777242696076415
2026-07-17,BAFS.BK,-88500.0,-18.32138820226813
2026-07-17,BAM.BK,-5138000.0,-24.535594160834208
2026-07-17,BAY.BK,-417100.0,-28.340776949048436
2026-07-17,BBGI.BK,-105300.0,-8.667829511284229
2026-07-17,BBIK.BK,-430200.0,-16.350289949702525
2026-07-17,BBL.BK,-812395.0,-10.76949181976235
2026-07-17,BCH.BK,-3435800.0,-18.71784351789115
2026-07-17,BCP.BK,1643700.0,9.019103247524644
2026-07-17,BCPG.BK,3347700.0,9.984069984939644
2026-07-17,BDMS.BK,-1696400.0,-2.921110171330068
2026-07-17,BE8.BK,35900.0,4.6872959916438175
2026-07-17,BEAUTY.BK,900000.0,0.7020566124411141
2026-07-17,BEC.BK,-500.0,-0.0310424424690413
2026-07-17,BEM.BK,-1090750.0,-1.8679485157597056
2026-07-17,BEYOND.BK,-40400.0,-17.686717450310834
2026-07-17,BGC.BK,-200.0,-0.3058010458395768
2026-07-17,BGRIM.BK,8800300.0,12.094861548173888
2026-07-17,BH.BK,-216600.0,-6.668156688752242
2026-07-17,BIG.BK,-100.0,-0.0003767737093334
2026-07-17,BIOTEC.BK,-86500.0,-1.2539501240975728
2026-07-17,BIZ.BK,6500.0,3.902450739064133
2026-07-17,BJC.BK,-2212100.0,-34.84615848708978
2026-07-17,BJCHI.BK,-1.0,-0.0053050397877984
2026-07-17,BKGI.BK,-32200.0,-6.890618914534927
2026-07-17,BKIH.BK,500.0,4.67814371257485
2026-07-17,BLA.BK,-2700.0,-0.3195149053703355
2026-07-17,BLAND.BK,6430600.0,1.5583714544774474
2026-07-17,BLC.BK,-57599.0,-15.780504710945998
2026-07-17,BM.BK,-9000.0,-0.4909177489130263
2026-07-17,BR.BK,-6700.0,-5.8505064617534055
2026-07-17,BRI.BK,2000.0,0.3197932856201751
2026-07-17,BSM.BK,-1100.0,-1.4761930323688872
2026-07-17,BTC.BK,-102300.0,-1.7883511734328283
2026-07-17,BTG.BK,-1245700.0,-50.97470661001629
2026-07-17,BTS.BK,-24315920.0,-28.104898468986512
2026-07-17,BUI.BK,-100.0,-2.7525461051472613
2026-07-17,BWG.BK,100000.0,1.2569645261985345
2026-07-17,BYD.BK,-7800.0,-0.1812065568895662
2026-07-17,CAZ.BK,2300.0,0.6196521326809923
2026-07-17,CBG.BK,-77900.0,-0.9747187485962612
2026-07-17,CCET.BK,-8344499.0,-14.019631316834246
2026-07-17,CENTEL.BK,-1033700.0,-18.2776017070647
2026-07-17,CFARM.BK,300000.0,33.890646181653864
2026-07-17,CFRESH.BK,1400.0,0.195052085873074
2026-07-17,CGD.BK,7830000.0,91.57890452448912
2026-07-17,CHASE.BK,2400.0,0.2431608478613497
2026-07-17,CHAYO.BK,-1335900.0,-25.651749134764717
2026-07-17,CHEWA.BK,-100.0,-0.0588207613759352
2026-07-17,CHG.BK,-3083200.0,-11.899807878620724
2026-07-17,CITY.BK,5200.0,82.53968253968253
2026-07-17,CIVIL.BK,41300.0,0.574497592813355
2026-07-17,CK.BK,340600.0,2.412106479983128
2026-07-17,CKP.BK,-635400.0,-1.6120682361033007
2026-07-17,CMAN.BK,-250000.0,-24.37835202340322
2026-07-17,CMO.BK,20000.0,3.0202355783751136
2026-07-17,CMR.BK,10000.0,1.4623816933210103
2026-07-17,CNT.BK,111000.0,9.461286291704242
2026-07-17,COCOCO.BK,-13800.0,-1.1225581310220567
2026-07-17,COM7.BK,3068100.0,16.687518132399067
2026-07-17,COMAN.BK,-100.0,-50.0
2026-07-17,CPALL.BK,691750.0,3.551480031492271
2026-07-17,CPANEL.BK,-3.0,-0.0092276460274983
2026-07-17,CPAXT.BK,-715200.0,-12.502268133795248
2026-07-17,CPF.BK,-2598300.0,-9.482616571532114
2026-07-17,CPL.BK,31200.0,7.020386121236669
2026-07-17,CPN.BK,-497100.0,-3.131532885662512
2026-07-17,CPW.BK,200.0,0.0867362869930263
2026-07-17,CRANE.BK,-700.0,-0.0673398082162262
2026-07-17,CRC.BK,791500.0,5.081798007549953
2026-07-17,CRD.BK,-100.0,-0.0195476669859452
2026-07-17,CREDIT.BK,-2300.0,-0.0406934158053227
2026-07-17,CSS.BK,-14200.0,-0.8247154441324981
2026-07-17,CTW.BK,10100.0,2.8322256807156276
2026-07-17,CWT.BK,300.0,0.0055911525601887
2026-07-17,DCC.BK,-185300.0,-21.405855246513894
2026-07-17,DELTA.BK,-1811298.0,-11.4520686487562
2026-07-17,DEMCO.BK,25400.0,4.836750160907633
2026-07-17,DITTO.BK,2488600.0,7.869503482585744
2026-07-17,DMT.BK,-23700.0,-4.708256931766034
2026-07-17,DOD.BK,-100.0,-0.024408818417918
2026-07-17,DOHOME.BK,-2029700.0,-14.683822510733254
2026-07-17,DUSIT.BK,-14400.0,-12.63113574962282
2026-07-17,EA.BK,9701300.0,12.094418621472649
2026-07-17,EASON.BK,8100.0,30.681818181818183
2026-07-17,EAST.BK,23000.0,3.860355824102048
2026-07-17,EASTW.BK,4966500.0,42.04356887043876
2026-07-17,EGCO.BK,89000.0,3.0034134299825026
2026-07-17,EKH.BK,-14100.0,-3.5710034519700034
2026-07-17,EMC.BK,2100.0,0.408321991055804
2026-07-17,EMPIRE.BK,600.0,0.0240882980653884
2026-07-17,EPG.BK,2633100.0,7.321052116181937
2026-07-17,ERW.BK,-234000.0,-1.0719857193177644
2026-07-17,ESTAR.BK,66800.0,0.9444232373358216
2026-07-17,ETC.BK,358300.0,2.641804360488693
2026-07-17,EVER.BK,-7400.0,-1.0345020410445671
2026-07-17,FM.BK,49000.0,4.947475979499275
2026-07-17,FNS.BK,-299500.0,-73.49639143760905
2026-07-17,FORTH.BK,-695000.0,-26.16808495176977
2026-07-17,FSMART.BK,-164100.0,-2.7387562041339697
2026-07-17,FTE.BK,725200.0,81.68644435308097
2026-07-17,GABLE.BK,-19200.0,-8.847926267281107
2026-07-17,GENCO.BK,-100.0,-0.5102040816326531
2026-07-17,GFPT.BK,2556800.0,15.54290911003046
2026-07-17,GJS.BK,-700.0,-0.1085187194791101
2026-07-17,GLOBAL.BK,1000494.0,9.13166182912345
2026-07-17,GLORY.BK,35.0,0.0894340104765555
2026-07-17,GPSC.BK,-381700.0,-1.8130873652558313
2026-07-17,GRAND.BK,-5000.0,-0.2446674724382092
2026-07-17,GREEN.BK,-100.0,-0.0277008310249307
2026-07-17,GTB.BK,-200.0,-0.0348550465750559
2026-07-17,GULF.BK,70558060.0,26.564801205996822
2026-07-17,GUNKUL.BK,64987810.0,29.054410994935154
2026-07-17,GYT.BK,-290.0,-55.769230769230774
2026-07-17,HANA.BK,-7387692.0,-21.78327480136455
2026-07-17,HENG.BK,629100.0,7.270560424875325
2026-07-17,HMPRO.BK,2600310.0,7.648924679104827
2026-07-17,HTC.BK,76300.0,32.00852441960952
2026-07-17,HTECH.BK,-227500.0,-26.78361196138451
2026-07-17,HUMAN.BK,-261000.0,-15.276102381491686
2026-07-17,ICHI.BK,210400.0,7.906929724907243
2026-07-17,ICN.BK,0.0,0.0
2026-07-17,IHL.BK,-10100.0,-30.22413741508813
2026-07-17,IIG.BK,-1000.0,-0.582401006388939
2026-07-17,ILINK.BK,-16600.0,-3.951722331992287
2026-07-17,ILM.BK,8600.0,4.837493953132559
2026-07-17,IND.BK,9000.0,0.6220564633740067
2026-07-17,INET.BK,-234200.0,-18.9735334600936
2026-07-17,INGRS.BK,-60000.0,-2.4334156638966284
2026-07-17,INSET.BK,-4814200.0,-33.106694165032835
2026-07-17,IROYAL.BK,17900.0,1.71488462371216
2026-07-17,IRPC.BK,58837300.0,15.58709028433935
2026-07-17,IT.BK,-42000.0,-0.7921090847368124
2026-07-17,ITC.BK,-546942.0,-13.369530225064588
2026-07-17,ITD.BK,-80300.0,-0.2192231572164195
2026-07-17,ITEL.BK,-2476700.0,-15.735510759863097
2026-07-17,ITNS.BK,-39300.0,-3.2832080200501252
2026-07-17,IVL.BK,-7975000.0,-14.98470282619199
2026-07-17,J.BK,-1200.0,-0.0306891713770282
2026-07-17,JAS.BK,-386800.0,-2.3651366144610253
2026-07-17,JAS-W4.BK,-500000.0,-15.026977933483984
2026-07-17,JCK.BK,-100.0,-0.0083776791818023
2026-07-17,JMART.BK,-2827800.0,-13.555001077813849
2026-07-17,JMT.BK,-731200.0,-3.68395588341912
2026-07-17,JPARK.BK,-18700.0,-1.1887295722862004
2026-07-17,JR.BK,-300.0,-0.7922465471254655
2026-07-17,JTS.BK,-194195.0,-47.07506508743776
2026-07-17,KAMART.BK,-142600.0,-29.891668902602632
2026-07-17,KBANK.BK,-661177.0,-5.171190586040944
2026-07-17,KBS.BK,-4900.0,-2.208172039134216
2026-07-17,KCC.BK,-5100.0,-1.38850697384434
2026-07-17,KCE.BK,-4772794.0,-11.56522371047339
2026-07-17,KCG.BK,-101600.0,-17.21033365348619
2026-07-17,KCM.BK,-100.0,-0.0468783693827993
2026-07-17,KGEN.BK,3065400.0,17.86829190752439
2026-07-17,KGI.BK,-190000.0,-6.143850829888735
2026-07-17,KISS.BK,-163999.0,-12.061109011027158
2026-07-17,KJL.BK,-600.0,-0.0552227871308816
2026-07-17,KKP.BK,-1532390.0,-30.713243779846096
2026-07-17,KLINIQ.BK,-97799.0,-10.85807419315801
2026-07-17,KSL.BK,-23500.0,-0.981724057837333
2026-07-17,KTB.BK,-6175644.0,-11.945504700264188
2026-07-17,KTC.BK,-854697.0,-4.106801626370267
2026-07-17,KUMWEL.BK,-40600.0,-5.748037738840878
2026-07-17,LANNA.BK,7500.0,4.4386314811417344
2026-07-17,LEE.BK,-150024.0,-63.91506620541573
2026-07-17,LH.BK,-9117600.0,-18.478884748961505
2026-07-17,LHFG.BK,-531100.0,-8.25203912066296
2026-07-17,LIT.BK,71.0,0.0162989082027125
2026-07-17,LOXLEY.BK,-2600.0,-0.3956779789986303
2026-07-17,LPH.BK,-100.0,-0.0855417358129031
2026-07-17,LPN.BK,-17400.0,-5.0112609369329935
2026-07-17,LTS.BK,-2600.0,-0.0283764325869276
2026-07-17,M.BK,-583900.0,-39.049203065887426
2026-07-17,MADAME.BK,9800.0,0.2627011305530797
2026-07-17,MAGURO.BK,-23912.0,-0.8793782275188897
2026-07-17,MAJOR.BK,-182900.0,-22.492664366159424
2026-07-17,MALEE.BK,-46500.0,-9.484879266665851
2026-07-17,MASTEC.BK,-539600.0,-15.499013072481151
2026-07-17,MASTER.BK,-262100.0,-18.164869931630506
2026-07-17,MBK.BK,602100.0,30.530581034328012
2026-07-17,MC.BK,-55500.0,-7.7092862867771155
2026-07-17,MCS.BK,-224200.0,-21.55396181430137
2026-07-17,MDX.BK,5000.0,0.2145457744137
2026-07-17,MEB.BK,-58800.0,-21.358285234814005
2026-07-17,MEDEZE.BK,-35900.0,-2.901931684163132
2026-07-17,MEGA.BK,-129100.0,-22.449206713547422
2026-07-17,METCO.BK,1000.0,18.590816136828405
2026-07-17,MFC.BK,22300.0,23.853328769467737
2026-07-17,MGC.BK,58000.0,0.5633010529456371
2026-07-17,MGI.BK,-8500.0,-1.568902506552475
2026-07-17,MGT.BK,-100.0,-0.0781750809112087
2026-07-17,MICRO.BK,46700.0,1.5070826429905166
2026-07-17,MIDA.BK,-600.0,-0.031754432389521
2026-07-17,MINT.BK,-2404890.0,-12.187270718066294
2026-07-17,ML.BK,1042200.0,47.99305938024392
2026-07-17,MMM.BK,-4900.0,-2.5854654629302294
2026-07-17,MONO.BK,-894600.0,-22.371683540457713
2026-07-17,MOONG.BK,-100.0,-0.0149408938240321
2026-07-17,MORE.BK,-300.0,-0.0062209623621408
2026-07-17,MOSHI.BK,159800.0,12.587989891796852
2026-07-17,MRDIYT.BK,562800.0,19.21597589193984
2026-07-17,MSC.BK,-100.0,-0.3717333928106762
2026-07-17,MST.BK,800.0,1.7977528089887642
2026-07-17,MTC.BK,-470000.0,-1.843590272025275
2026-07-17,MTI.BK,-100.0,-1.7649135192375571
2026-07-17,NCAP.BK,-940000.0,-5.277565411914261
2026-07-17,NDR.BK,-9200.0,-2.9533088294303647
2026-07-17,NEO.BK,-164100.0,-18.47317674473582
2026-07-17,NEP.BK,-100.0,-0.0251573592823108
2026-07-17,NER.BK,-2355700.0,-27.84325137124201
2026-07-17,NETBAY.BK,232600.0,6.494057630154764
2026-07-17,NEX.BK,-1645900.0,-2.114344723539632
2026-07-17,NOBLE.BK,-300.0,-0.0150417559144184
2026-07-17,NOBLE-W3.BK,-50.0,-0.0006253947804551
2026-07-17,NPK.BK,40.0,2.5974025974025974
2026-07-17,NSL.BK,-80000.0,-21.509597313451295
2026-07-17,NTF.BK,11000.0,1.3839698546202577
2026-07-17,NUT.BK,-19600.0,-14.681537966007744
2026-07-17,NV.BK,100.0,0.0394320211671089
2026-07-17,NVD.BK,-400.0,-0.0718119961939642
2026-07-17,NYT.BK,492300.0,26.57035206391133
2026-07-17,OKJ.BK,46400.0,2.401415178807097
2026-07-17,ONEE.BK,-35430.0,-10.070290227867671
2026-07-17,ONSENS.BK,-200.0,-0.0064924504163446
2026-07-17,OR.BK,-541300.0,-2.037385132674121
2026-07-17,ORI.BK,-453700.0,-4.955057724729669
2026-07-17,OSP.BK,-1026900.0,-14.86944600345086
2026-07-17,PACO.BK,-45000.0,-25.0861290430478
2026-07-17,PB.BK,-4.0,-0.1814058956916099
2026-07-17,PCE.BK,121400.0,2.541672755654803
2026-07-17,PCSGH.BK,8100.0,3.019188621013553
2026-07-17,PEER.BK,-4000.0,-0.4437019831260135
2026-07-17,PERM.BK,-100.0,-0.0339076153113227
2026-07-17,PIN.BK,-191900.0,-13.98374125925084
2026-07-17,PK.BK,4000.0,0.3039049506876229
2026-07-17,PL.BK,15000.0,29.00905082385704
2026-07-17,PLANB.BK,5921600.0,16.519858660579704
2026-07-17,PLANET.BK,97600.0,63.79084967320261
2026-07-17,PLAT.BK,1002700.0,13.102114827943112
2026-07-17,PLE.BK,-3800.0,-0.1215397163007148
2026-07-17,PM.BK,23800.0,9.928663802094198
2026-07-17,PMC.BK,5000.0,1.2168914265131436
2026-07-17,PMTA.BK,1000.0,7.954183900731785
2026-07-17,POLY.BK,-4000.0,-3.6630036630036633
2026-07-17,PORT.BK,5000.0,7.183908045977011
2026-07-17,PR9.BK,-712000.0,-18.246370074312953
2026-07-17,PREB.BK,-3000.0,-4.823151125401929
2026-07-17,PRI.BK,100.0,0.0284743716418037
2026-07-17,PRIME.BK,10000.0,0.1736026419544463
2026-07-17,PRINC.BK,200.0,0.0230121262399221
2026-07-17,PRM.BK,91700.0,2.372532029829222
2026-07-17,PROEN.BK,542500.0,4.9198758540745775
2026-07-17,PROEN-W2.BK,-1760.0,-0.0210643227820225
2026-07-17,PROS.BK,-100.0,-0.7352941176470588
2026-07-17,PROUD.BK,299600.0,2.022042422126057
2026-07-17,PSGC.BK,20000.0,36.5644082050532
2026-07-17,PSH.BK,-279500.0,-11.650051622858443
2026-07-17,PSL.BK,-830400.0,-13.198193830988735
2026-07-17,PSP.BK,149100.0,5.097261632080954
2026-07-17,PT.BK,-8600.0,-5.012268401144662
2026-07-17,PTG.BK,363300.0,4.479659166124948
2026-07-17,PTL.BK,9900.0,2.2174587922241114
2026-07-17,PTT.BK,8925000.0,11.930061528106007
2026-07-17,PTTEP.BK,3748826.0,15.366722602657465
2026-07-17,PTTGC.BK,-1970200.0,-5.622532846884265
2026-07-17,PYLON.BK,32500.0,7.0713664055700605
2026-07-17,QH.BK,-65100.0,-0.5108688725947964
2026-07-17,RABBIT.BK,348689.0,4.456210187419774
2026-07-17,RAM.BK,-500.0,-1.1777453243510625
2026-07-17,RATCH.BK,-160250.0,-1.9338828094773652
2026-07-17,RBF.BK,-188600.0,-21.157587003004245
2026-07-17,RCL.BK,-1423200.0,-38.33915388784666
2026-07-17,RICHY.BK,100000.0,3.14966681249624
2026-07-17,RJH.BK,-8900.0,-3.697195531793804
2026-07-17,ROCTEC.BK,25400.0,0.3455802060365515
2026-07-17,ROJNA.BK,236300.0,4.387030800743586
2026-07-17,RP.BK,-200.0,-0.8236893043943825
2026-07-17,RPC.BK,69400.0,16.101714577387995
2026-07-17,RS.BK,-4400.0,-0.179265427317851
2026-07-17,RWI.BK,-100.0,-0.0065218766569642
2026-07-17,S.BK,9600.0,0.3168682851154424
2026-07-17,S&J.BK,20.0,100.0
2026-07-17,SABINA.BK,25500.0,12.4258711510255
2026-07-17,SAF.BK,-100000.0,-11.581392870957805
2026-07-17,SAFE.BK,2000.0,1.697792869269949
2026-07-17,SAK.BK,-702500.0,-19.21078538612995
2026-07-17,SAMART.BK,-65400.0,-3.917955378442139
2026-07-17,SANKO.BK,-5600.0,-0.3361142788548106
2026-07-17,SAPPE.BK,-155400.0,-27.55773558405907
2026-07-17,SAT.BK,-53300.0,-12.219613740990042
2026-07-17,SAV.BK,113000.0,4.552625938525852
2026-07-17,SAWAD.BK,5613600.0,20.543980719048108
2026-07-17,SC.BK,-1920900.0,-22.275632922988866
2026-07-17,SCAP.BK,-1395800.0,-10.966916181426328
2026-07-17,SCB.BK,-760647.0,-4.380079413545563
2026-07-17,SCC.BK,-139814.0,-5.738890222903596
2026-07-17,SCCC.BK,8400.0,14.578524445061523
2026-07-17,SCG.BK,-190.0,-0.2066520197515825
2026-07-17,SCGD.BK,12800.0,1.8504864755461103
2026-07-17,SCGP.BK,-749900.0,-8.967258564724439
2026-07-17,SCL.BK,-5000.0,-2.407318247472316
2026-07-17,SCN.BK,-100.0,-0.0743494423791821
2026-07-17,SEAFCO.BK,-145400.0,-22.32698125086375
2026-07-17,SEAOIL.BK,1800.0,0.5679433823552612
2026-07-17,SENX.BK,-103400.0,-5.394111862611867
2026-07-17,SFLEX.BK,-2200.0,-0.5278247621789566
2026-07-17,SGC.BK,-16303100.0,-11.446001748588424
2026-07-17,SGF.BK,-500.0,-0.6202473546450324
2026-07-17,SGP.BK,-2400.0,-3.5551342063162883
2026-07-17,SHR.BK,-744700.0,-18.308952947687335
2026-07-17,SIAM.BK,-100.0,-0.1748251748251748
2026-07-17,SICT.BK,-80700.0,-7.723227103072064
2026-07-17,SIMAT.BK,-319800.0,-35.59265442404006
2026-07-17,SINGER.BK,1506200.0,13.499063570802551
2026-07-17,SIRI.BK,-16045600.0,-21.9133380305834
2026-07-17,SIS.BK,-270800.0,-29.20284220867523
2026-07-17,SISB.BK,-367800.0,-6.123932203841361
2026-07-17,SJWD.BK,-683200.0,-25.08428127586174
2026-07-17,SK.BK,-30000.0,-16.09442060085837
2026-07-17,SKIN.BK,1100.0,0.5147402901263454
2026-07-17,SKN.BK,-8400.0,-15.09433962264151
2026-07-17,SKR.BK,-100000.0,-1.8668509621936544
2026-07-17,SKY.BK,119700.0,4.9216685813341705
2026-07-17,SMIT.BK,-60000.0,-18.489984591679505
2026-07-17,SMO.BK,-195500.0,-16.898199369364384
2026-07-17,SMT.BK,-2228500.0,-17.360448403594393
2026-07-17,SNC.BK,14800.0,8.131868131868131
2026-07-17,SNNP.BK,-54000.0,-10.852569848345386
2026-07-17,SO.BK,200.0,0.793367448133603
2026-07-17,SOLAR.BK,20000.0,0.3564674785807604
2026-07-17,SPA.BK,-893900.0,-31.191814129029915
2026-07-17,SPACK.BK,-12000.0,-23.76002376002376
2026-07-17,SPALI.BK,-43900.0,-0.4794991713074686
2026-07-17,SPCG.BK,-54300.0,-4.870086190659839
2026-07-17,SPRC.BK,1986477.0,5.851710317278311
2026-07-17,SPTX.BK,100.0,0.0013595638519163
2026-07-17,SPVI.BK,-83800.0,-12.73612362854898
2026-07-17,SRICHA.BK,-134200.0,-18.160314165315693
2026-07-17,SSP.BK,445200.0,26.84019952903046
2026-07-17,STA.BK,-602100.0,-5.697304241156168
2026-07-17,STANLY.BK,-1400.0,-5.359261953068177
2026-07-17,STARM.BK,-1999.0,-1.946389102557861
2026-07-17,STECON.BK,883100.0,3.419413151881535
2026-07-17,STELLA.BK,-100.0,-0.0058055152394775
2026-07-17,STGT.BK,3600.0,0.1877521942233865
2026-07-17,STOWER.BK,-13600.0,-1.0823802815780468
2026-07-17,STPI.BK,7542200.0,9.058012896409211
2026-07-17,STX.BK,-50000.0,-10.708908312468813
2026-07-17,SUC.BK,7200.0,6.958067976458537
2026-07-17,SUN.BK,-43800.0,-7.369705127665839
2026-07-17,SUPER.BK,-686400.0,-3.5998424754245457
2026-07-17,SUSCO.BK,52600.0,5.852364644596799
2026-07-17,SVOA.BK,-388300.0,-1.4799200423936305
2026-07-17,SVT.BK,-600.0,-0.1407545381609012
2026-07-17,SYNEX.BK,-752400.0,-15.87950821644251
2026-07-17,SYNTEC.BK,-50000.0,-2.826935037032849
2026-07-17,TACC.BK,-1049000.0,-27.326518288969204
2026-07-17,TAE.BK,-1725500.0,-26.333130970356414
2026-07-17,TAKUNI.BK,100.0,0.0067686430427487
2026-07-17,TASCO.BK,10900.0,0.1866119773730409
2026-07-17,TATG.BK,30000.0,10.176390773405698
2026-07-17,TCAP.BK,-59300.0,-2.241725274110455
2026-07-17,TCJ.BK,400.0,5.8806233460746835
2026-07-17,TCMC.BK,-6000.0,-0.7397224807826264
2026-07-17,TEAM.BK,-436800.0,-34.111648487584155
2026-07-17,TEAMG.BK,-682700.0,-7.170470559110799
2026-07-17,TEGH.BK,-134100.0,-9.09059479334658
2026-07-17,TFG.BK,-4525500.0,-27.519867909498885
2026-07-17,TFM.BK,-14600.0,-1.8013594094502274
2026-07-17,TFMAMA.BK,200.0,18.814675446848543
2026-07-17,TGE.BK,-1300.0,-0.0062407001566319
2026-07-17,TH.BK,900.0,0.1283464555700222
2026-07-17,THAI.BK,-2644380.0,-9.288183093095844
2026-07-17,THANI.BK,2738500.0,4.677198016628929
2026-07-17,THCOM.BK,-685200.0,-9.264923260149631
2026-07-17,THG.BK,-533400.0,-14.96775366680501
2026-07-17,THRE.BK,340300.0,30.580022968715458
2026-07-17,TIDLOR.BK,2925100.0,7.863323602231796
2026-07-17,TIGER.BK,-100.0,-0.0083337500208343
2026-07-17,TIPCO.BK,300.0,0.1391911140392797
2026-07-17,TIPH.BK,-800.0,-0.3169785603626234
2026-07-17,TISCO.BK,-590800.0,-16.479712492057214
2026-07-17,TITLE.BK,-14000.0,-2.5550475877613223
2026-07-17,TKC.BK,-100.0,-0.217391304347826
2026-07-17,TKN.BK,-384200.0,-27.508799665483828
2026-07-17,TKS.BK,4400.0,3.185589551266272
2026-07-17,TLI.BK,-1185900.0,-20.477384309858273
2026-07-17,TMAN.BK,-17200.0,-6.100913363483196
2026-07-17,TMW.BK,57400.0,22.44203776830746
2026-07-17,TNDT.BK,-100.0,-0.1543186061943488
2026-07-17,TNDT-W2.BK,-2000.0,-1.341111781667002
2026-07-17,TNITY-W2.BK,-50.0,-0.0025800126420619
2026-07-17,TNP.BK,-100.0,-0.0352363300657509
2026-07-17,TNR.BK,-300.0,-0.1750281503608497
2026-07-17,TOA.BK,-623300.0,-14.182764016600638
2026-07-17,TOP.BK,-216733.0,-0.5646509482607335
2026-07-17,TPAC.BK,12800.0,5.3222453222453225
2026-07-17,TPCH.BK,-1200.0,-0.0224630763183017
2026-07-17,TPIPL.BK,12829900.0,6.48216758219282
2026-07-17,TPIPP.BK,-962300.0,-5.94324109029539
2026-07-17,TPP.BK,1000.0,24.313153415998055
2026-07-17,TQM.BK,-45500.0,-18.188795701847663
2026-07-17,TRP.BK,-100.0,-0.2269529299623258
2026-07-17,TRT.BK,95400.0,2.2974372015769955
2026-07-17,TRUBB.BK,14000.0,0.3548260781960642
2026-07-17,TRUE.BK,11945339.0,11.544564145199878
2026-07-17,TSE.BK,1014000.0,15.596029011074872
2026-07-17,TSTH.BK,747700.0,14.385762385762384
2026-07-17,TTA.BK,488300.0,17.53793660770405
2026-07-17,TTB.BK,-2676000.0,-0.9219177172865318
2026-07-17,TTW.BK,238500.0,6.515622605303799
2026-07-17,TU.BK,-1610200.0,-29.209389162413235
2026-07-17,TURBO.BK,-1138800.0,-7.196843399266059
2026-07-17,TVO.BK,12100.0,2.789959833801401
2026-07-17,TWPC.BK,500.0,0.2469294325067782
2026-07-17,UAC.BK,-300.0,-0.1644340181096665
2026-07-17,UBE.BK,248400.0,3.51313195713979
2026-07-17,UBIS.BK,-400.0,-0.1856941246378964
2026-07-17,UKEM.BK,-1692000.0,-22.96167314058285
2026-07-17,UMI.BK,-600.0,-0.3293084522502744
2026-07-17,UMS.BK,92500.0,2.5798210580334233
2026-07-17,UNIQ.BK,-100.0,-0.0595592614651578
2026-07-17,UNIX.BK,-315500.0,-5.490365322469777
2026-07-17,UREKA.BK,-110600.0,-2.4621001313416886
2026-07-17,UTP.BK,900.0,0.3041907343502317
2026-07-17,UV.BK,-141900.0,-0.9898129483716634
2026-07-17,UVAN.BK,-90000.0,-29.949285875916782
2026-07-17,VCOM.BK,-26200.0,-4.417132404386786
2026-07-17,VGI.BK,7687000.0,3.7110311973749086
2026-07-17,VIBHA.BK,-21.0,-0.0004732852986317
2026-07-17,VIH.BK,2000.0,1.05850908994681
2026-07-17,VPO.BK,-10000.0,-0.0736040603532685
2026-07-17,WARRIX.BK,-100.0,-0.0201125093774574
2026-07-17,WASH.BK,-18600.0,-5.73895174652346
2026-07-17,WHA.BK,1573500.0,2.1893616531031523
2026-07-17,WHAUP.BK,-4031800.0,-15.996038879602809
2026-07-17,WICE.BK,-294600.0,-11.912579619379738
2026-07-17,WIIK.BK,32000.0,0.6882903105286263
2026-07-17,WORK.BK,-700.0,-2.177971375233354
2026-07-17,WP.BK,-300.0,-0.7264450202193864
2026-07-17,WPH.BK,-1900.0,-0.3791817258356467
2026-07-17,XBIO.BK,-129800.0,-2.6381577610211173
2026-07-17,XO.BK,-36500.0,-13.834613824759032
2026-07-17,XPG.BK,2113600.0,3.246461907939642
2026-07-17,YGG.BK,-6400.0,-6.497395965523192
2026-07-17,ZIGA-W2.BK,-67.0,-0.0145843038062856
2026-07-21,2S.BK,1000.0,0.6078990401274157
2026-07-21,88TH.BK,2400.0,0.423114013359825
2026-07-21,AAI.BK,375300.0,16.510906304896125
2026-07-21,AAV.BK,-1594700.0,-5.106504579523041
2026-07-21,ACC.BK,-350000.0,-5.398991653467418
2026-07-21,ACE.BK,-8800.0,-0.2065764068616231
2026-07-21,ADB.BK,-200000.0,-2.8445002725031263
2026-07-21,ADVANC.BK,838172.0,10.062903048818116
2026-07-21,ADVICE.BK,-298900.0,-12.273571293065288
2026-07-21,AE.BK,-200.0,-0.0200254322990197
2026-07-21,AEONTS.BK,-85100.0,-8.702561580082484
2026-07-21,AGE.BK,-305700.0,-21.042183486188012
2026-07-21,AH.BK,-17900.0,-5.366495678322056
2026-07-21,AI.BK,31298.0,8.546322388972628
2026-07-21,AIE.BK,93500.0,6.583691035477293
2026-07-21,AIT.BK,140400.0,19.26116159620703
2026-07-21,AJ.BK,278900.0,8.682603971769863
2026-07-21,AJA.BK,-200.0,-0.0053956160080373
2026-07-21,AKP.BK,600.0,0.2309459932794715
2026-07-21,AKR.BK,-100.0,-0.0122473374288429
2026-07-21,ALPHAX.BK,-2600.0,-0.1251533730518794
2026-07-21,ALT.BK,-70600.0,-1.1071909858971156
2026-07-21,AMA.BK,2800.0,0.8760074085197979
2026-07-21,AMANAH.BK,-3400.0,-0.3092084082860578
2026-07-21,AMARC.BK,-394100.0,-3.6016835883040783
2026-07-21,AMATA.BK,-1513310.0,-8.37990853096517
2026-07-21,AMATAV.BK,85000.0,83.07108930630754
2026-07-21,ANAN.BK,29900.0,1.0746890949608223
2026-07-21,AOT.BK,2413110.0,10.843370895310656
2026-07-21,AP.BK,-489600.0,-4.74693991562741
2026-07-21,APO.BK,-108300.0,-11.138079272682395
2026-07-21,AQUA.BK,-101000.0,-2.1409150270825754
2026-07-21,AS.BK,-60000.0,-8.368189165705488
2026-07-21,ASEFA.BK,64400.0,16.31962130369447
2026-07-21,ASIAN.BK,-131100.0,-17.150482071139834
2026-07-21,ASK.BK,-112700.0,-15.888456549935148
2026-07-21,ASP.BK,149700.0,4.04648839411986
2026-07-21,ASW.BK,-1400.0,-1.830783313717798
2026-07-21,ATLAS.BK,89800.0,2.4902331834386735
2026-07-21,AU.BK,21400.0,2.6325242216831426
2026-07-21,AUCT.BK,-209300.0,-39.79972731577176
2026-07-21,AURA.BK,958800.0,9.318249716263766
2026-07-21,AWC.BK,-4617700.0,-9.739737023936526
2026-07-21,AYUD.BK,-92.0,-0.5079505300353356
2026-07-21,B.BK,-8166.0,-3.4975757679590194
2026-07-21,BA.BK,187691.0,3.423232295413761
2026-07-21,BAFS.BK,69100.0,4.004524939323623
2026-07-21,BAM.BK,-787800.0,-4.33180409688153
2026-07-21,BAY.BK,-2084450.0,-18.860209784489903
2026-07-21,BBGI.BK,1165200.0,17.730914653158383
2026-07-21,BBIK.BK,580700.0,9.648110626794898
2026-07-21,BBL.BK,-658115.0,-2.515557995076025
2026-07-21,BCH.BK,-1454800.0,-9.975686834747073
2026-07-21,BCP.BK,5493300.0,21.57758956803106
2026-07-21,BCPG.BK,-1466297.0,-7.661133620203657
2026-07-21,BDMS.BK,-7588691.0,-15.840762067492951
2026-07-21,BE8.BK,259900.0,2.9820335633098116
2026-07-21,BEAUTY.BK,1729600.0,31.67242334691229
2026-07-21,BEC.BK,900.0,0.2940609490327028
2026-07-21,BEM.BK,-4390424.0,-9.67884824980886
2026-07-21,BEYOND.BK,-13700.0,-29.082109195890293
2026-07-21,BGC.BK,-300.0,-1.2603982858583311
2026-07-21,BGRIM.BK,-972400.0,-4.3061695399705435
2026-07-21,BH.BK,-40000.0,-1.091514484533649
2026-07-21,BIOTEC.BK,-7900.0,-0.3876920056926927
2026-07-21,BIZ.BK,11800.0,9.43087091695239
2026-07-21,BJC.BK,-262200.0,-9.827722498400464
2026-07-21,BKGI.BK,-8400.0,-0.9579166680921378
2026-07-21,BKIH.BK,500.0,19.223375624759708
2026-07-21,BLA.BK,73900.0,6.514824531708419
2026-07-21,BLAND.BK,-1110900.0,-0.8162331724464691
2026-07-21,BLC.BK,5200.0,1.7224189386586992
2026-07-21,BM.BK,-1400.0,-0.2021920506751048
2026-07-21,BR.BK,-10900.0,-2.851156549420483
2026-07-21,BRI.BK,300.0,0.247581949625326
2026-07-21,BRR.BK,100.0,0.0688231245698554
2026-07-21,BSBM.BK,-100.0,-0.0044017494312939
2026-07-21,BTC.BK,100.0,0.0052580022851277
2026-07-21,BTG.BK,-899700.0,-16.07246884518856
2026-07-21,BTS.BK,-1671310.0,-1.8354870075906975
2026-07-21,BTW.BK,-100.0,-0.144927536231884
2026-07-21,BWG.BK,-100.0,-0.0020933096984712
2026-07-21,BYD.BK,-31800.0,-3.461002232237603
2026-07-21,CAZ.BK,-25800.0,-5.094726365801353
2026-07-21,CBG.BK,-779000.0,-15.63828074467927
2026-07-21,CCET.BK,2665340.0,4.743442315664915
2026-07-21,CEN.BK,-100.0,-0.04466259641538
2026-07-21,CENTEL.BK,-496100.0,-7.230012026216335
2026-07-21,CFRESH.BK,-100.0,-0.0154822248576409
2026-07-21,CGD.BK,9000000.0,94.10682169894184
2026-07-21,CHAYO.BK,-119500.0,-3.349743807669203
2026-07-21,CHEWA.BK,-100.0,-0.1349345567399811
2026-07-21,CHG.BK,-5912800.0,-10.595640086205158
2026-07-21,CIVIL.BK,9200.0,0.2355049276846281
2026-07-21,CK.BK,5521400.0,33.81796729112778
2026-07-21,CKP.BK,-1962300.0,-21.43129322668253
2026-07-21,CMAN.BK,-100200.0,-43.320363164721144
2026-07-21,CNT.BK,-1245200.0,-24.595911611158627
2026-07-21,COCOCO.BK,-47200.0,-5.83964724571553
2026-07-21,COM7.BK,-864109.0,-11.851518112774093
2026-07-21,CPALL.BK,-4796435.0,-12.58604725978502
2026-07-21,CPANEL.BK,-9.0,-0.010745113957903
2026-07-21,CPAXT.BK,17700.0,0.6116677172146103
2026-07-21,CPF.BK,-8812400.0,-23.625347732202272
2026-07-21,CPH.BK,1100.0,16.176470588235293
2026-07-21,CPI.BK,63800.0,12.015812658790471
2026-07-21,CPL.BK,200.0,0.0655716206026031
2026-07-21,CPN.BK,29710.0,0.5061152038131548
2026-07-21,CPW.BK,-300.0,-0.1183875614135474
2026-07-21,CRC.BK,-2200500.0,-18.942488350003813
2026-07-21,CREDIT.BK,-682500.0,-14.998978091602549
2026-07-21,CSC.BK,-1.0,-0.0293255131964809
2026-07-21,CSS.BK,120400.0,4.327821710999282
2026-07-21,CTW.BK,23400.0,6.7258387178366945
2026-07-21,CWT.BK,-2900.0,-0.0954640110553908
2026-07-21,DCC.BK,46200.0,3.052323564796799
2026-07-21,DCON.BK,200.0,0.0145494437383922
2026-07-21,DDD.BK,100.0,0.3066355942597817
2026-07-21,DELTA.BK,217397.0,1.360044457926907
2026-07-21,DEMCO.BK,97100.0,26.49089733481384
2026-07-21,DEMCO-W8.BK,300.0,0.1144815322208272
2026-07-21,DITTO.BK,375700.0,2.941677811817652
2026-07-21,DMT.BK,1800.0,0.2971670078584164
2026-07-21,DOD.BK,400.0,1.151742009789807
2026-07-21,DOHOME.BK,196600.0,1.1009300899313168
2026-07-21,DPAINT.BK,-9500.0,-0.6120779078532818
2026-07-21,DRT.BK,700.0,0.4818248773067366
2026-07-21,DUSIT.BK,-6400.0,-13.08632887580256
2026-07-21,EA.BK,-4071800.0,-5.675698309662799
2026-07-21,EAST.BK,8000.0,6.249414117426491
2026-07-21,EASTW.BK,-491700.0,-13.316278819100368
2026-07-21,EFORL.BK,-340000.0,-26.724832478531702
2026-07-21,EGCO.BK,945200.0,23.7865272425194
2026-07-21,EKH.BK,-22600.0,-5.959899894778759
2026-07-21,EMC.BK,276455.0,45.949625029917826
2026-07-21,EMPIRE.BK,-334500.0,-9.49567329433436
2026-07-21,EP.BK,265.0,0.2722556120614373
2026-07-21,EPG.BK,-4711765.0,-18.656826785095383
2026-07-21,ERW.BK,4569500.0,7.435265191884515
2026-07-21,ESTAR.BK,3800.0,1.424287856071964
2026-07-21,ETC.BK,717300.0,6.79107021131561
2026-07-21,EURO.BK,100000.0,32.195750160978754
2026-07-21,EVER.BK,-3800.0,-1.1922840397093335
2026-07-21,FM.BK,-65200.0,-8.836795767012187
2026-07-21,FORTH.BK,1190800.0,14.708071097244584
2026-07-21,FPT.BK,-100.0,-0.1972347685449991
2026-07-21,FSMART.BK,12200.0,0.0796685266873238
2026-07-21,FSX.BK,-16000.0,-4.587155963302752
2026-07-21,FTE.BK,324600.0,59.02569417925918
2026-07-21,GABLE.BK,-1800.0,-0.3166154511858128
2026-07-21,GEL.BK,-95500.0,-7.114123957091775
2026-07-21,GENCO.BK,-100.0,-0.5
2026-07-21,GFPT.BK,-859600.0,-13.15889782443434
2026-07-21,GGC.BK,-10000.0,-12.72264631043257
2026-07-21,GJS.BK,-300.0,-0.0686106346483704
2026-07-21,GLOBAL.BK,-2716100.0,-16.51235036993355
2026-07-21,GPSC.BK,1149100.0,13.89310878348912
2026-07-21,GREEN.BK,-200.0,-0.2680965147453083
2026-07-21,GTV.BK,-897600.0,-11.1514187745366
2026-07-21,GULF.BK,349720.0,0.4236693240331222
2026-07-21,GUNKUL.BK,6680656.0,5.447313780745232
2026-07-21,HANA.BK,7272000.0,25.555011484644258
2026-07-21,HANN.BK,100.0,0.0413368331852096
2026-07-21,HENG.BK,-544100.0,-4.3084979559380265
2026-07-21,HFT.BK,500.0,0.1386897150481114
2026-07-21,HL.BK,100.0,0.11441647597254
2026-07-21,HMPRO.BK,1953330.0,7.840116577648414
2026-07-21,HTC.BK,39500.0,28.823070131272665
2026-07-21,HTECH.BK,68700.0,22.1791051522029
2026-07-21,HUMAN.BK,1166300.0,17.924319811790802
2026-07-21,I2.BK,1000.0,0.418551894156597
2026-07-21,ICHI.BK,291800.0,4.9401409988701
2026-07-21,ICN.BK,42100.0,4.548351897667484
2026-07-21,IHL.BK,-2000.0,-26.157467957101755
2026-07-21,IIG.BK,-5000.0,-0.3093867953715735
2026-07-21,ILINK.BK,41300.0,12.086342725367857
2026-07-21,ILM.BK,12200.0,4.584019057495622
2026-07-21,IND.BK,300.0,0.0335268578070082
2026-07-21,INET.BK,171500.0,14.153738485129082
2026-07-21,INOX.BK,400.0,0.500225101295583
2026-07-21,INSET.BK,316400.0,4.059585580978147
2026-07-21,IP.BK,300.0,0.1080034129078478
2026-07-21,IRCP.BK,-109100.0,-1.305333081280016
2026-07-21,IROYAL.BK,9100.0,1.1233111757117906
2026-07-21,IRPC.BK,42160100.0,25.58209783602543
2026-07-21,IT.BK,14200.0,1.2382302724629797
2026-07-21,ITC.BK,1012700.0,6.824469811408234
2026-07-21,ITD.BK,91500.0,0.4830216312923267
2026-07-21,ITEL.BK,959400.0,4.370135041910069
2026-07-21,IVL.BK,-609123.0,-1.778359233452468
2026-07-21,J.BK,6600.0,0.4473954467345217
2026-07-21,JAS.BK,-82800.0,-1.206237647172283
2026-07-21,JAS-W4.BK,5000.0,0.0358095672993906
2026-07-21,JMART.BK,-4534100.0,-21.73582788403602
2026-07-21,JMT.BK,-2440900.0,-7.669891682929587
2026-07-21,JPARK.BK,-144600.0,-3.858982221460745
2026-07-21,JTS.BK,-38490.0,-17.455228178697276
2026-07-21,KAMART.BK,-182200.0,-18.456520307743737
2026-07-21,KBANK.BK,-4431165.0,-15.678778800589424
2026-07-21,KCC.BK,-1000.0,-0.2630900451988697
2026-07-21,KCE.BK,-3034992.0,-13.352845991740043
2026-07-21,KCG.BK,-13900.0,-2.406705531786693
2026-07-21,KCM.BK,-100.0,-0.2232142857142857
2026-07-21,KGEN.BK,-223200.0,-2.924317560972414
2026-07-21,KGI.BK,286100.0,3.028577235600232
2026-07-21,KIAT.BK,-100.0,-0.0278548428429766
2026-07-21,KISS.BK,478600.0,30.685880071168675
2026-07-21,KJL.BK,-200.0,-0.1932180465655492
2026-07-21,KKP.BK,277470.0,0.9785984362739746
2026-07-21,KLINIQ.BK,208700.0,22.89506883879107
2026-07-21,KSL.BK,1028200.0,9.871686319630456
2026-07-21,KTB.BK,-26035079.0,-19.756912775585427
2026-07-21,KTC.BK,-633594.0,-2.576553353906374
2026-07-21,KUMWEL.BK,-93700.0,-16.07468811330854
2026-07-21,LANNA.BK,3290.0,0.3636448041347188
2026-07-21,LEO.BK,-1100.0,-0.1481673051330542
2026-07-21,LH.BK,-3476600.0,-10.97475185194597
2026-07-21,LHFG.BK,-11582800.0,-19.432537948377107
2026-07-21,LOXLEY.BK,99000.0,11.359711578070478
2026-07-21,LPN.BK,-7700.0,-2.705485107534249
2026-07-21,LTMH.BK,-500.0,-0.0371857801576677
2026-07-21,LTS.BK,159000.0,3.4924292261413816
2026-07-21,M.BK,-226200.0,-29.01968129667428
2026-07-21,MADAME.BK,-10200.0,-0.3934227431516479
2026-07-21,MAGURO.BK,135700.0,9.394390641885414
2026-07-21,MAJOR.BK,-108200.0,-5.485324475700317
2026-07-21,MALEE.BK,-34600.0,-5.044628928176731
2026-07-21,MASTEC.BK,-394800.0,-15.603010100459198
2026-07-21,MASTER.BK,104000.0,12.643592920074257
2026-07-21,MBK.BK,-316200.0,-23.891017068250335
2026-07-21,MC.BK,478300.0,26.437245397111415
2026-07-21,MCS.BK,8600.0,1.6439414068697633
2026-07-21,MDX.BK,-70600.0,-2.477974631295977
2026-07-21,MEB.BK,-4900.0,-0.4320153338993615
2026-07-21,MEDEZE.BK,-16400.0,-5.747871710307266
2026-07-21,MEGA.BK,-16300.0,-3.022722341626966
2026-07-21,METCO.BK,1000.0,18.79699248120301
2026-07-21,MFC.BK,45800.0,12.28158620171835
2026-07-21,MFEC.BK,-2000.0,-1.0168698711625872
2026-07-21,MGC.BK,-1584800.0,-8.68551465729923
2026-07-21,MGI.BK,-700.0,-0.1293744744161977
2026-07-21,MICRO.BK,279800.0,6.230637814226341
2026-07-21,MIDA.BK,-2000.0,-0.1471345545501361
2026-07-21,MINT.BK,-3490495.0,-15.790376781865485
2026-07-21,ML.BK,-32600.0,-1.9517113095683545
2026-07-21,MMM.BK,-10400.0,-3.073885568698387
2026-07-21,MMM-W1.BK,-2000.0,-0.05169922425314
2026-07-21,MONO.BK,-95600.0,-2.5631002574360737
2026-07-21,MORE.BK,1700.0,0.0556173526140155
2026-07-21,MOSHI.BK,85500.0,24.11378321285843
2026-07-21,MRDIYT.BK,-1050000.0,-34.60593073145073
2026-07-21,MSC.BK,-3.0,-0.0440852314474651
2026-07-21,MST.BK,1000.0,0.5733912076192224
2026-07-21,MTC.BK,-4860900.0,-22.599912871614883
2026-07-21,NCAP.BK,-74700.0,-1.0132957423673197
2026-07-21,NCL.BK,-100.0,-0.0343760742523203
2026-07-21,NCP.BK,-5300.0,-32.71604938271605
2026-07-21,NDR.BK,-200.0,-0.6369223910066559
2026-07-21,NEO.BK,200200.0,27.01958582564944
2026-07-21,NER.BK,-808500.0,-15.837736948999549
2026-07-21,NETBAY.BK,37269.0,3.8245483689561897
2026-07-21,NEX.BK,761400.0,4.196592558648813
2026-07-21,NNCL.BK,400.0,0.1632613078863374
2026-07-21,NOBLE.BK,9700.0,3.236137986254754
2026-07-21,NOBLE-W3.BK,-11750.0,-0.8575703390139766
2026-07-21,NSL.BK,-5300.0,-1.496076328120589
2026-07-21,NTF.BK,-30800.0,-11.679186400573345
2026-07-21,NTV.BK,500.0,0.8384056877441857
2026-07-21,NUT.BK,9500.0,11.585365853658535
2026-07-21,NV.BK,-600.0,-0.1495323376141118
2026-07-21,NVD.BK,-400.0,-0.3827421561779368
2026-07-21,NYT.BK,-188600.0,-15.81067430094772
2026-07-21,OKJ.BK,-5300.0,-1.1817379128278764
2026-07-21,ONEE.BK,-19500.0,-8.274281834768956
2026-07-21,ONSENS.BK,-89400.0,-12.53753195738361
2026-07-21,OR.BK,-5090300.0,-22.487299510923435
2026-07-21,ORI.BK,355800.0,5.458732184135709
2026-07-21,ORN.BK,100000.0,22.069306449975503
2026-07-21,OSP.BK,-587900.0,-10.42634141825555
2026-07-21,PAF.BK,-1000.0,-0.0957886519184072
2026-07-21,PAP.BK,-4800.0,-4.77326968973747
2026-07-21,PB.BK,-2.0,-0.1312335958005249
2026-07-21,PCC.BK,-12000.0,-4.37949810951665
2026-07-21,PCE.BK,600.0,0.0184210348568961
2026-07-21,PCSGH.BK,-1800.0,-1.5477879530504322
2026-07-21,PEER.BK,-3200.0,-0.5765734599632795
2026-07-21,PHOL.BK,-1300.0,-0.3449730788316558
2026-07-21,PIN.BK,-64100.0,-7.833600156427585
2026-07-21,PIS.BK,-1300.0,-0.3248156671089157
2026-07-21,PJW.BK,2000.0,1.9369334469667625
2026-07-21,PLANB.BK,-610300.0,-4.189186489911323
2026-07-21,PLAT.BK,-761200.0,-21.447684920772893
2026-07-21,PLE.BK,7600.0,0.5180248801897062
2026-07-21,PLT.BK,-61000.0,-20.373945397826336
2026-07-21,PLUS.BK,15900.0,1.2343091362164933
2026-07-21,PM.BK,700.0,0.2758055492076501
2026-07-21,PMC.BK,170000.0,65.07899441469101
2026-07-21,POLY.BK,-5100.0,-9.156193895870736
2026-07-21,PPPM.BK,1000.0,4.584632312488538
2026-07-21,PQS.BK,13700.0,6.47136068624765
2026-07-21,PR9.BK,-389490.0,-20.220337249620897
2026-07-21,PREB.BK,26700.0,7.784256559766764
2026-07-21,PRM.BK,273300.0,7.938093904775403
2026-07-21,PROEN.BK,-1000.0,-0.0450227364819233
2026-07-21,PROEN-W2.BK,-264.0,-0.033060086707591
2026-07-21,PSGC.BK,-224400.0,-55.01119100209111
2026-07-21,PSH.BK,-242200.0,-18.606194741253283
2026-07-21,PSL.BK,1990900.0,13.76134581801002
2026-07-21,PSP.BK,850900.0,13.687656336714094
2026-07-21,PT.BK,17700.0,5.929449599678403
2026-07-21,PTG.BK,-1296500.0,-17.08514397643581
2026-07-21,PTL.BK,-120797.0,-5.124883966012011
2026-07-21,PTT.BK,44948672.0,26.46169509078137
2026-07-21,PTTEP.BK,-79743.0,-0.5147224179450761
2026-07-21,PTTGC.BK,371000.0,1.157092815217735
2026-07-21,PYLON.BK,222500.0,31.781174117983145
2026-07-21,QH.BK,-3341900.0,-13.707529740220592
2026-07-21,QTC.BK,600.0,1.0471021448142266
2026-07-21,QTCG.BK,-100.0,-0.0267594327000267
2026-07-21,RABBIT.BK,34900.0,0.2043008549610277
2026-07-21,RAM.BK,-500.0,-3.9666798889329633
2026-07-21,RATCH.BK,3982185.0,22.354757106526137
2026-07-21,RBF.BK,-9900.0,-0.2716764909276517
2026-07-21,RCL.BK,2744090.0,22.511402586659084
2026-07-21,RJH.BK,-20900.0,-17.96968368197959
2026-07-21,ROCTEC.BK,155400.0,3.799340078588151
2026-07-21,ROJNA.BK,-506608.0,-14.083120231975853
2026-07-21,RP.BK,-100.0,-0.001064394482477
2026-07-21,RPC.BK,-100.0,-0.0161393666589735
2026-07-21,RPH.BK,2000.0,2.5555186425084973
2026-07-21,RS.BK,2700.0,0.4214772308633726
2026-07-21,RWI.BK,-100.0,-0.0408533446633275
2026-07-21,S&J.BK,-5.0,-0.825082508250825
2026-07-21,SA.BK,200.0,0.6600660066006601
2026-07-21,SABINA.BK,-28600.0,-8.19430238121843
2026-07-21,SAFE.BK,500.0,0.5739869130983813
2026-07-21,SAK.BK,-464300.0,-12.88294362636966
2026-07-21,SALEE.BK,-5600.0,-0.1329518249062452
2026-07-21,SAMART.BK,322300.0,24.062977358552548
2026-07-21,SANKO.BK,-45000.0,-1.1060973493483122
2026-07-21,SAPPE.BK,259960.0,13.23474308429181
2026-07-21,SAT.BK,-151500.0,-26.45941579705716
2026-07-21,SAUCE.BK,-400.0,-2.056343820686819
2026-07-21,SAV.BK,-4000.0,-0.675000675000675
2026-07-21,SAWAD.BK,-2997896.0,-28.17623861797428
2026-07-21,SC.BK,368800.0,3.031611288247377
2026-07-21,SCAP.BK,-344900.0,-4.492486449923625
2026-07-21,SCB.BK,-3444079.0,-7.226212657189075
2026-07-21,SCC.BK,-497748.0,-22.1958531602964
2026-07-21,SCCC.BK,3000.0,6.790249202145719
2026-07-21,SCG.BK,-5.0,-0.116795141322121
2026-07-21,SCGD.BK,-132200.0,-14.35129851026574
2026-07-21,SCGP.BK,2434500.0,9.031899801969708
2026-07-21,SCL.BK,-2000.0,-3.1695721077654517
2026-07-21,SCM.BK,-118900.0,-7.838922988680041
2026-07-21,SCN.BK,-100.0,-0.0344744372048126
2026-07-21,SCP.BK,1000.0,0.5924802407839699
2026-07-21,SE-ED.BK,100.0,0.1915451950887812
2026-07-21,SEAFCO.BK,68900.0,8.966695688047485
2026-07-21,SEAOIL.BK,-9600.0,-1.1573208985632344
2026-07-21,SECURE.BK,100.0,0.0484926073020168
2026-07-21,SGC.BK,-10636000.0,-17.65303145919251
2026-07-21,SGF.BK,-900.0,-0.1695553880934438
2026-07-21,SGP.BK,-2000.0,-3.928578443890078
2026-07-21,SHR.BK,64100.0,6.140334911683592
2026-07-21,SICT.BK,29100.0,3.1270417110828377
2026-07-21,SIMAT.BK,-30500.0,-6.225734942906948
2026-07-21,SINGER.BK,679100.0,12.83517021862504
2026-07-21,SINO.BK,-2000.0,-0.1163858470154595
2026-07-21,SIRI.BK,339800.0,0.4590100388116087
2026-07-21,SIS.BK,160700.0,22.74287250829683
2026-07-21,SISB.BK,-325200.0,-3.454232901122265
2026-07-21,SITHAI.BK,-1636700.0,-51.84899135702309
2026-07-21,SJWD.BK,-1350800.0,-16.52565378975522
2026-07-21,SKE.BK,-100.0,-0.0030648053082427
2026-07-21,SKY.BK,112900.0,1.8693420942393468
2026-07-21,SMD100.BK,1250.0,1.620997756539105
2026-07-21,SMIT.BK,-69400.0,-14.883792750692182
2026-07-21,SMO.BK,-409800.0,-7.304755542024269
2026-07-21,SMT.BK,357700.0,1.6863687845736244
2026-07-21,SNC.BK,-3500.0,-1.3570204483595565
2026-07-21,SNNP.BK,-6900.0,-3.850553865900276
2026-07-21,SPA.BK,-2107200.0,-27.937693851559526
2026-07-21,SPACK.BK,-4900.0,-5.499438832772166
2026-07-21,SPALI.BK,-766000.0,-30.730371877617696
2026-07-21,SPCG.BK,21500.0,1.974145126294787
2026-07-21,SPRC.BK,-187000.0,-0.332187948104
2026-07-21,SPVI.BK,-256600.0,-28.384892953776653
2026-07-21,SRICHA.BK,-109200.0,-8.831014652852975
2026-07-21,SSP.BK,-40300.0,-1.5628720546842338
2026-07-21,STA.BK,540700.0,7.320105067267257
2026-07-21,STANLY.BK,-5600.0,-26.044088921960743
2026-07-21,STARM.BK,-1000.0,-1.9047256242738235
2026-07-21,STECON.BK,6619600.0,9.999871444035907
2026-07-21,STELLA.BK,12300.0,0.1871066482034491
2026-07-21,STGT.BK,164700.0,8.470740714072642
2026-07-21,STOWER.BK,-10600.0,-1.1043967493227755
2026-07-21,STPI.BK,4829200.0,12.172410248639098
2026-07-21,SUC.BK,5400.0,3.675970047651463
2026-07-21,SUN.BK,-100.0,-0.019728379668721
2026-07-21,SUPER.BK,-582150.0,-0.9295930696157982
2026-07-21,SUSCO.BK,39500.0,2.4958407918955308
2026-07-21,SVOA.BK,-70500.0,-0.5204773123939527
2026-07-21,SVT.BK,-100.0,-0.0089514135177085
2026-07-21,SWC.BK,-900.0,-11.95695496213631
2026-07-21,SYNEX.BK,-162900.0,-3.770122071877643
2026-07-21,SYNTEC.BK,2100.0,0.0636727535797731
2026-07-21,TACC.BK,-393800.0,-22.893578577935543
2026-07-21,TAE.BK,3103700.0,49.54795097663119
2026-07-21,TAKUNI.BK,-300.0,-0.0677048070412999
2026-07-21,TASCO.BK,295400.0,5.824814656921571
2026-07-21,TC.BK,-20000.0,-43.1946784156192
2026-07-21,TCAP.BK,-967700.0,-16.093185815512253
2026-07-21,TCMC.BK,-1600.0,-0.8690692811167541
2026-07-21,TEAM.BK,329700.0,21.56704853272769
2026-07-21,TEAMG.BK,58500.0,0.4915609901567642
2026-07-21,TEGH.BK,-58500.0,-1.6513197432070776
2026-07-21,TFG.BK,-358800.0,-2.6078465946596707
2026-07-21,TFM.BK,3700.0,0.7046276899638164
2026-07-21,TFMAMA.BK,-400.0,-18.083182640144667
2026-07-21,TGE.BK,5600.0,0.3236801508349503
2026-07-21,TH.BK,300.0,0.0295184943206416
2026-07-21,THAI.BK,2509308.0,5.593019805151429
2026-07-21,THANI.BK,-375500.0,-2.1464240774935117
2026-07-21,THCOM.BK,-1041100.0,-28.88009531457833
2026-07-21,THG.BK,-184800.0,-13.329438367576572
2026-07-21,THMUI.BK,-1030000.0,-51.14060936766871
2026-07-21,THRE.BK,-10000.0,-0.5769005556129251
2026-07-21,TIDLOR.BK,-3873166.0,-15.758497882824866
2026-07-21,TIPCO.BK,1800.0,0.9281938893902282
2026-07-21,TIPH.BK,63800.0,24.0201799631038
2026-07-21,TISCO.BK,-633394.0,-9.130270766841898
2026-07-21,TITLE.BK,138300.0,28.480171993056025
2026-07-21,TK.BK,700.0,0.3551496702181633
2026-07-21,TKC.BK,100.0,0.1432664756446991
2026-07-21,TKN.BK,-247200.0,-32.66203514075593
2026-07-21,TKS.BK,10000.0,3.456535790699845
2026-07-21,TLI.BK,-2607600.0,-26.32324901333243
2026-07-21,TMAN.BK,-59100.0,-20.330097488149377
2026-07-21,TMT.BK,100.0,0.0747719455660236
2026-07-21,TMW.BK,7900.0,10.269342762063228
2026-07-21,TNDT-W2.BK,-1667.0,-1.968913141048355
2026-07-21,TNP.BK,300.0,0.1633559853633037
2026-07-21,TNR.BK,9200.0,4.514207486714981
2026-07-21,TOA.BK,-457100.0,-16.65196125932688
2026-07-21,TOG.BK,-4999.0,-8.846535003893253
2026-07-21,TOP.BK,7423880.0,20.70743706346391
2026-07-21,TPAC.BK,600.0,0.3695810183188991
2026-07-21,TPIPL.BK,-13587385.0,-8.27199564937137
2026-07-21,TPIPP.BK,38900.0,1.4881111775894282
2026-07-21,TPS.BK,16.0,0.0314849069227439
2026-07-21,TQM.BK,-194200.0,-40.89695315593069
2026-07-21,TRC.BK,-6432.0,-2.127948177580451
2026-07-21,TRT.BK,462500.0,25.945044748891235
2026-07-21,TRUBB.BK,-24700.0,-1.8675181137915835
2026-07-21,TRUE.BK,28128597.0,25.939356789903044
2026-07-21,TSC.BK,-3600.0,-8.385548904055344
2026-07-21,TSE.BK,750300.0,15.107680734414904
2026-07-21,TSTH.BK,-61200.0,-1.5020052506373092
2026-07-21,TTA.BK,2247300.0,34.08954904197188
2026-07-21,TTB.BK,-68317641.0,-7.4783562908153565
2026-07-21,TTW.BK,838990.0,13.259404293221866
2026-07-21,TU.BK,-1661600.0,-28.557801791737383
2026-07-21,TURBO.BK,-729588.0,-4.884620369844686
2026-07-21,TVO.BK,-83300.0,-10.53335710609607
2026-07-21,TWPC.BK,500.0,0.1174812030075188
2026-07-21,UBE.BK,-111200.0,-1.1876407186038045
2026-07-21,UBIS.BK,-100.0,-0.552364118426867
2026-07-21,UKEM.BK,1081800.0,31.204560054067137
2026-07-21,UMI.BK,-9100.0,-1.9178082191780823
2026-07-21,UMS.BK,22600.0,1.7388628144956528
2026-07-21,UNIQ.BK,-3200.0,-0.452383140245842
2026-07-21,UNIX.BK,313100.0,12.895918283290086
2026-07-21,UP.BK,100.0,1.9596315892612188
2026-07-21,UREKA.BK,86900.0,2.9737268325634383
2026-07-21,UTP.BK,-172200.0,-15.504099312669602
2026-07-21,UV.BK,-517800.0,-13.82555292198976
2026-07-21,UVAN.BK,62600.0,4.927872788459646
2026-07-21,VARO.BK,900.0,14.754098360655735
2026-07-21,VCOM.BK,-4300.0,-2.610775825430171
2026-07-21,VGI.BK,-6798990.0,-3.3818316594245093
2026-07-21,VIBHA.BK,10885.0,0.2521897180271049
2026-07-21,VIBHA-W5.BK,-1000.0,-0.1445786616353292
2026-07-21,VIH.BK,16400.0,11.043324848827655
2026-07-21,VPO.BK,-50000.0,-0.4252312854222976
2026-07-21,WARRIX.BK,-2800.0,-0.1074009207327504
2026-07-21,WASH.BK,-11600.0,-5.655750093856198
2026-07-21,WFX.BK,-100.0,-0.1663865825859802
2026-07-21,WHA.BK,8295900.0,9.79100981616036
2026-07-21,WHAUP.BK,-4185009.0,-21.79633155768698
2026-07-21,WICE.BK,101200.0,0.7533584750595168
2026-07-21,WIIK.BK,118000.0,13.269474922379192
2026-07-21,WINNER.BK,300.0,0.117949564766106
2026-07-21,WORK.BK,-1000.0,-1.8124478921231015
2026-07-21,WP.BK,-500.0,-0.2948930422935601
2026-07-21,WPH.BK,-68900.0,-9.961858660166156
2026-07-21,XBIO.BK,1961800.0,71.88079030030694
2026-07-21,XO.BK,-123000.0,-29.571643918940037
2026-07-21,XPG.BK,-490600.0,-1.3623723206376857
2026-07-21,XYZ.BK,-800.0,-0.1957421195446059
2026-07-21,YGG.BK,18500.0,2.623335777053327
2026-07-21,YUASA.BK,-300.0,-14.278914802475011
2026-07-21,ZIGA.BK,10900.0,2.192192977339965
2026-07-21,ZIGA-W2.BK,-333.0,-0.4023488473249239
2026-07-22,88TH.BK,-700.0,-0.0906711086874579
2026-07-22,AAI.BK,2029300.0,33.55804584452734
2026-07-22,AAV.BK,-11531200.0,-20.859383745150833
2026-07-22,ACC.BK,-30000.0,-0.478072259665904
2026-07-22,ACE.BK,34300.0,1.0005230139253551
2026-07-22,ADB.BK,-800000.0,-6.169266948422229
2026-07-22,ADVANC.BK,-2534397.0,-30.19340169030354
2026-07-22,ADVICE.BK,-108000.0,-2.2399556654700876
2026-07-22,AE.BK,-60000.0,-9.22463839417495
2026-07-22,AEONTS.BK,131400.0,12.943415406801495
2026-07-22,AGE.BK,-83700.0,-6.334608075452221
2026-07-22,AH.BK,32800.0,5.358155095719847
2026-07-22,AI.BK,67096.0,32.49515691592406
2026-07-22,AIE.BK,24600.0,2.02455138903977
2026-07-22,AIT.BK,-115300.0,-6.318628775353292
2026-07-22,AJ.BK,208200.0,0.7080212757332748
2026-07-22,AJA.BK,300.0,0.0253119059612069
2026-07-22,AKP.BK,-2000.0,-0.0896578343239776
2026-07-22,AKR.BK,-500.0,-0.0256959490850186
2026-07-22,ALLA.BK,40000.0,16.01774766441217
2026-07-22,ALPHAX.BK,-4400.0,-0.1602884609429843
2026-07-22,ALT.BK,-274500.0,-5.363901121319133
2026-07-22,AMANAH.BK,-100.0,-0.0075910374139461
2026-07-22,AMARC.BK,-232300.0,-3.347792395366356
2026-07-22,AMARIN.BK,-400.0,-1.314103617070206
2026-07-22,AMATA.BK,-257195.0,-2.447142548729483
2026-07-22,ANAN.BK,-1300.0,-0.0583713757549551
2026-07-22,AOT.BK,-11224852.0,-47.43184946381865
2026-07-22,AP.BK,2032900.0,7.352173182177079
2026-07-22,APO.BK,-6300.0,-0.8752394752453102
2026-07-22,AS.BK,-425500.0,-25.5463189885699
2026-07-22,ASEFA.BK,81800.0,10.064843182852853
2026-07-22,ASIAN.BK,248900.0,14.690640722054727
2026-07-22,ASK.BK,-142600.0,-13.084501472235807
2026-07-22,ASP.BK,-27000.0,-1.395199583300391
2026-07-22,ASW.BK,-500.0,-0.3783751059450296
2026-07-22,ATLAS.BK,-481500.0,-12.132888771521705
2026-07-22,AU.BK,-27300.0,-5.6836871931745785
2026-07-22,AUCT.BK,-149200.0,-20.002520424825647
2026-07-22,AURA.BK,587000.0,7.840418761173766
2026-07-22,AWC.BK,5285900.0,13.16111221619072
2026-07-22,AYUD.BK,29904.0,79.06091370558376
2026-07-22,BA.BK,-2167800.0,-16.24331615414201
2026-07-22,BAFS.BK,-6900.0,-0.7746646487962385
2026-07-22,BAM.BK,-2537500.0,-12.102715544117345
2026-07-22,BAY.BK,-588945.0,-10.195863693674497
2026-07-22,BBGI.BK,-362130.0,-12.187274725733314
2026-07-22,BBIK.BK,-95100.0,-2.856912827808967
2026-07-22,BBL.BK,-13074777.0,-20.795700161574608
2026-07-22,BC-W5.BK,-9940.0,-0.0620592133551427
2026-07-22,BCH.BK,-1297400.0,-11.919933401253862
2026-07-22,BCP.BK,5472899.0,30.98545004436725
2026-07-22,BCPG.BK,-1961900.0,-16.895925867715036
2026-07-22,BDMS.BK,-12641620.0,-30.22872320049401
2026-07-22,BE8.BK,-448700.0,-11.18796377563233
2026-07-22,BEC.BK,7900.0,0.9529128374246264
2026-07-22,BEM.BK,-1518850.0,-3.632880301826254
2026-07-22,BEYOND.BK,-10400.0,-22.958057395143488
2026-07-22,BGC.BK,-600.0,-1.748710326134476
2026-07-22,BGRIM.BK,-349200.0,-1.4143464384897615
2026-07-22,BH.BK,-861610.0,-21.765666121184044
2026-07-22,BIG.BK,7500.0,0.2081570358882158
2026-07-22,BIOTEC.BK,-4500.0,-0.2621213656872647
2026-07-22,BIZ.BK,2500.0,1.9528503804152544
2026-07-22,BJC.BK,-1357578.0,-17.040969031277513
2026-07-22,BJCHI.BK,-200.0,-0.2348768658031027
2026-07-22,BKGI.BK,-2400.0,-0.4275567447967234
2026-07-22,BKIH.BK,-100.0,-8.237232289950576
2026-07-22,BLA.BK,93101.0,2.754138262763859
2026-07-22,BLAND.BK,-207600.0,-0.2094449333959058
2026-07-22,BLC.BK,-29200.0,-8.78269448254289
2026-07-22,BM.BK,-6100.0,-0.3904974681680547
2026-07-22,BOL.BK,-200.0,-0.1257711342669744
2026-07-22,BR.BK,-1600.0,-0.5799202609641174
2026-07-22,BRI.BK,200.0,0.0854697202148708
2026-07-22,BRR.BK,700.0,1.0028509620206014
2026-07-22,BSM.BK,-1300.0,-0.4384352582889558
2026-07-22,BTC.BK,-200.0,-0.0188513673368013
2026-07-22,BTG.BK,-720100.0,-7.766843269503422
2026-07-22,BTS.BK,-18456300.0,-22.691899642352656
2026-07-22,BYD.BK,55300.0,1.5843969278171106
2026-07-22,CAZ.BK,-2300.0,-0.0975213465747535
2026-07-22,CBG.BK,-79400.0,-0.8938180213525696
2026-07-22,CCET.BK,3748865.0,6.560812168541485
2026-07-22,CCP.BK,-100.0,-0.0134905249298155
2026-07-22,CEN.BK,-1300.0,-0.4283346677605675
2026-07-22,CENTEL.BK,-494600.0,-12.364582695334033
2026-07-22,CFRESH.BK,-4300.0,-0.574555988476812
2026-07-22,CH.BK,-5000.0,-8.305647840531561
2026-07-22,CHASE.BK,2000.0,0.1661943975868573
2026-07-22,CHAYO.BK,-422100.0,-9.730487847609634
2026-07-22,CHG.BK,-851900.0,-1.7912579923507248
2026-07-22,CIVIL.BK,-18800.0,-0.53078855981253
2026-07-22,CK.BK,-3986800.0,-27.81905528531348
2026-07-22,CKP.BK,-2764900.0,-18.548278083964014
2026-07-22,CMAN.BK,-100100.0,-6.971718225575827
2026-07-22,CMR.BK,-200.0,-0.1593625498007968
2026-07-22,CNT.BK,-80500.0,-8.424855521577049
2026-07-22,COCOCO.BK,-55500.0,-1.9251221151784952
2026-07-22,COM7.BK,-1418700.0,-8.193264717123593
2026-07-22,COMAN.BK,100.0,47.61904761904761
2026-07-22,CPALL.BK,-9869470.0,-31.900353072157657
2026-07-22,CPANEL.BK,-2.0,-0.6622516556291391
2026-07-22,CPAXT.BK,-3037100.0,-18.48722615518533
2026-07-22,CPF.BK,-9380460.0,-19.527621277651672
2026-07-22,CPI.BK,-62800.0,-10.138303900502557
2026-07-22,CPL.BK,-1000.0,-0.7334066740007334
2026-07-22,CPN.BK,-1716470.0,-21.47109263690641
2026-07-22,CPW.BK,-300.0,-0.0241156586991209
2026-07-22,CRC.BK,-4000300.0,-34.67921358990328
2026-07-22,CREDIT.BK,-229500.0,-3.1109617006048413
2026-07-22,CSS.BK,-63300.0,-3.1749152603580986
2026-07-22,CTW.BK,12900.0,7.170211938124963
2026-07-22,CWT.BK,5400.0,0.1333152287960894
2026-07-22,DCC.BK,9100.0,0.5345269143112239
2026-07-22,DCON.BK,-300.0,-0.0281505378160249
2026-07-22,DELTA.BK,-2854621.0,-18.653577848970645
2026-07-22,DEMCO.BK,-49400.0,-10.417215819828558
2026-07-22,DIMET.BK,-256800.0,-1.619065632683942
2026-07-22,DITTO.BK,-301900.0,-3.179461374599421
2026-07-22,DMT.BK,11700.0,1.6219340940250442
2026-07-22,DOD.BK,200.0,0.0758699437424367
2026-07-22,DOHOME.BK,-322800.0,-1.7941810838954737
2026-07-22,DRT.BK,500.0,0.4405519234496977
2026-07-22,DUSIT.BK,-3900.0,-1.7504488330341117
2026-07-22,EA.BK,-403089.0,-0.3656727001405751
2026-07-22,EAST.BK,-42000.0,-7.583965330444204
2026-07-22,EASTW.BK,-307700.0,-11.327133657232174
2026-07-22,EFORL.BK,-160000.0,-24.227117109341524
2026-07-22,EGCO.BK,526300.0,17.93400164721573
2026-07-22,EKH.BK,-66100.0,-21.128944096202225
2026-07-22,EMC.BK,20500.0,6.470980022032897
2026-07-22,EMPIRE.BK,-112600.0,-3.6495486843636287
2026-07-22,EP.BK,200.0,0.0583018988928469
2026-07-22,EPG.BK,1730950.0,7.8635752489113795
2026-07-22,ERW.BK,1860150.0,2.6293670052132465
2026-07-22,ESTAR.BK,7700.0,0.8757154993682338
2026-07-22,ETC.BK,-703300.0,-9.89894016736007
2026-07-22,EVER.BK,-6900.0,-2.8278688524590163
2026-07-22,FANCY.BK,-100.0,-0.5778008898133703
2026-07-22,FM.BK,-30800.0,-2.8985370857468205
2026-07-22,FORTH.BK,271400.0,1.079985415023791
2026-07-22,FPT.BK,-100.0,-0.1831501831501831
2026-07-22,FSMART.BK,-677800.0,-7.464728935516218
2026-07-22,GABLE.BK,-7000.0,-1.3811664147682206
2026-07-22,GBX.BK,60000.0,5.034393296873138
2026-07-22,GC.BK,-100.0,-0.0254498904382216
2026-07-22,GFPT.BK,-1041100.0,-14.726092695597758
2026-07-22,GGC.BK,-4500.0,-8.322544849269466
2026-07-22,GLOBAL.BK,-2231400.0,-15.566544361093602
2026-07-22,GLORY.BK,14300.0,23.596970347023976
2026-07-22,GPSC.BK,1628200.0,18.57633742898105
2026-07-22,GRAND.BK,-4576900.0,-28.11107563113262
2026-07-22,GREEN.BK,-300.0,-0.2664180098574663
2026-07-22,GULF.BK,1700588.0,1.923063222727054
2026-07-22,GUNKUL.BK,-29123140.0,-17.125959044391724
2026-07-22,HANA.BK,4082600.0,7.622984008183514
2026-07-22,HANN.BK,1000.0,0.0425916508438683
2026-07-22,HENG.BK,809500.0,10.178440190190347
2026-07-22,HFT.BK,3000.0,1.8630416017189664
2026-07-22,HMPRO.BK,-1003630.0,-3.2070412710802896
2026-07-22,HTC.BK,16600.0,9.551153330533197
2026-07-22,HTECH.BK,-100500.0,-15.033634953425649
2026-07-22,HUMAN.BK,-392300.0,-8.587783544072973
2026-07-22,ICHI.BK,-510300.0,-12.170687270577298
2026-07-22,ICN.BK,28600.0,2.2793021828701674
2026-07-22,IHL.BK,-29200.0,-22.955613905441737
2026-07-22,IIG.BK,3000.0,0.96
2026-07-22,III.BK,1000.0,0.1026158841179343
2026-07-22,ILINK.BK,-148700.0,-34.92422125093065
2026-07-22,ILM.BK,7100.0,0.972476184606113
2026-07-22,IND.BK,-1900.0,-0.1699151765552828
2026-07-22,INET.BK,30700.0,2.7303353598884383
2026-07-22,INSET.BK,-1467800.0,-11.66853166021312
2026-07-22,IP.BK,600.0,0.0606969834610836
2026-07-22,IRCP.BK,-100.0,-0.0029026177548483
2026-07-22,IROYAL.BK,-8700.0,-1.5265755751417345
2026-07-22,IRPC.BK,51021247.0,15.84240756828521
2026-07-22,IT.BK,21600.0,1.4477599935655112
2026-07-22,ITC.BK,-2704600.0,-32.03638829580889
2026-07-22,ITD.BK,21300.0,0.1649834865472232
2026-07-22,ITEL.BK,-944200.0,-5.9615499600553425
2026-07-22,IVL.BK,9486800.0,22.41049344401883
2026-07-22,J.BK,-5400.0,-0.29832160947823
2026-07-22,JAS.BK,117100.0,0.495355251357891
2026-07-22,JCK.BK,1300.0,0.3734537578066199
2026-07-22,JMART.BK,151600.0,1.1026188288166086
2026-07-22,JMT.BK,-2725100.0,-15.879479349334677
2026-07-22,JPARK.BK,46800.0,1.8607610035386264
2026-07-22,JTS.BK,290900.0,16.354411165300988
2026-07-22,KAMART.BK,-46000.0,-10.317325031624843
2026-07-22,KBANK.BK,3163187.0,13.637401676288093
2026-07-22,KBS.BK,-18500.0,-4.301035270814105
2026-07-22,KCC.BK,-200.0,-0.1406855607374737
2026-07-22,KCE.BK,589551.0,1.8845017058938889
2026-07-22,KCG.BK,31800.0,2.297289487372132
2026-07-22,KGEN.BK,-3592200.0,-12.697141573764783
2026-07-22,KGI.BK,-278500.0,-2.9868478952267385
2026-07-22,KIAT.BK,-1200.0,-0.0565237870937352
2026-07-22,KISS.BK,372600.0,26.34103510512024
2026-07-22,KJL.BK,400.0,0.1391735180629829
2026-07-22,KKP.BK,-3445900.0,-24.16125546816771
2026-07-22,KLINIQ.BK,-52600.0,-5.736402490427515
2026-07-22,KSL.BK,-798400.0,-11.18565255127166
2026-07-22,KTB.BK,-11052272.0,-8.369258024394696
2026-07-22,KTC.BK,-1021200.0,-3.939681820154605
2026-07-22,KUMWEL.BK,-64200.0,-6.650093225605966
2026-07-22,LANNA.BK,-3900.0,-0.5209516049316752
2026-07-22,LH.BK,-6570200.0,-46.3647802115214
2026-07-22,LHFG.BK,597100.0,2.7068572023345614
2026-07-22,LOXLEY.BK,6000.0,0.8068854222700376
2026-07-22,LPH.BK,-100.0,-0.0994025904315066
2026-07-22,LPN.BK,-4000.0,-1.12737029604744
2026-07-22,LTS.BK,-143900.0,-5.588106459058868
2026-07-22,M.BK,-411800.0,-26.26870241668235
2026-07-22,MAGURO.BK,19697.0,1.3686142164393518
2026-07-22,MAJOR.BK,-219700.0,-20.092349817230033
2026-07-22,MALEE.BK,-44400.0,-5.433552184740774
2026-07-22,MASTEC.BK,-245700.0,-4.345948848695004
2026-07-22,MASTER.BK,-108700.0,-6.743590332160599
2026-07-22,MBK.BK,218100.0,10.118428762503637
2026-07-22,MC.BK,-377300.0,-26.41718426283593
2026-07-22,MCOT.BK,2000.0,0.3629533514205086
2026-07-22,MCS.BK,-20800.0,-4.111508864452645
2026-07-22,MDX.BK,-49800.0,-2.2135291076855244
2026-07-22,MEB.BK,-20100.0,-5.387468908139635
2026-07-22,MEDEZE.BK,-36300.0,-9.529985324347669
2026-07-22,MEGA.BK,541300.0,41.670194994649776
2026-07-22,MENA.BK,50000.0,5.36480686695279
2026-07-22,METCO.BK,1000.0,12.645422357106728
2026-07-22,MFC.BK,8200.0,2.9002627921042112
2026-07-22,MFEC.BK,-3000.0,-0.6763581271192555
2026-07-22,MGC.BK,-498100.0,-7.8448147286593395
2026-07-22,MGI.BK,-2500.0,-0.9740550691773908
2026-07-22,MICRO.BK,15600.0,1.001797455819769
2026-07-22,MIDA.BK,-1700.0,-0.1131598216068694
2026-07-22,MINT.BK,-1584452.0,-6.15326087657245
2026-07-22,ML.BK,-685900.0,-13.654329859863456
2026-07-22,MMM.BK,-13200.0,-1.883760556908121
2026-07-22,MONO.BK,204900.0,1.741843048465061
2026-07-22,MORE.BK,-1000.0,-0.0275816416593115
2026-07-22,MOSHI.BK,-65800.0,-22.17384564577113
2026-07-22,MRDIYT.BK,-1928800.0,-16.016669027757963
2026-07-22,MSC.BK,-2.0,-0.0133306671998933
2026-07-22,MST.BK,500.0,0.2426889940541196
2026-07-22,MTC.BK,-1407900.0,-8.066465059469769
2026-07-22,MTI.BK,1000.0,7.185456635769204
2026-07-22,NAT.BK,300.0,0.3703657979531117
2026-07-22,NCAP.BK,629800.0,6.4834580199696275
2026-07-22,NDR.BK,-2800.0,-15.135135135135137
2026-07-22,NEO.BK,-34700.0,-3.4969122365726637
2026-07-22,NER.BK,-684600.0,-7.470118706798713
2026-07-22,NETBAY.BK,-306800.0,-18.186851522852415
2026-07-22,NEX.BK,1302100.0,4.647467082255849
2026-07-22,NSL.BK,-35900.0,-10.324784948246656
2026-07-22,NTF.BK,-33300.0,-14.32258064516129
2026-07-22,NV.BK,-1200.0,-1.9565004728209476
2026-07-22,NVD.BK,-300.0,-0.6224066390041494
2026-07-22,NYT.BK,-1012500.0,-38.33174201393648
2026-07-22,OKJ.BK,-65900.0,-4.321702554067188
2026-07-22,ONEE.BK,-176800.0,-34.57487376651009
2026-07-22,OR.BK,-8613305.0,-27.786972923129593
2026-07-22,ORI.BK,-300300.0,-10.835127461581845
2026-07-22,OSP.BK,-3463000.0,-29.207469690186592
2026-07-22,PACO.BK,100.0,0.0073128495542086
2026-07-22,PAP.BK,-7300.0,-4.661528342730889
2026-07-22,PCC.BK,-400.0,-0.0994765048930005
2026-07-22,PCE.BK,-338000.0,-8.50386347122675
2026-07-22,PCSGH.BK,-100.0,-0.0690612504230001
2026-07-22,PDJ.BK,-8.0,-0.037929072634174
2026-07-22,PEER.BK,-4700.0,-2.054159892309575
2026-07-22,PF.BK,-1000000.0,-18.41210338027806
2026-07-22,PHOL.BK,-8000.0,-2.4596464258262873
2026-07-22,PIN.BK,-141100.0,-12.742488840162592
2026-07-22,PIS.BK,1300.0,0.1299740051989602
2026-07-22,PK.BK,-1300.0,-0.2450975771161819
2026-07-22,PLANB.BK,-3180500.0,-7.257295435883364
2026-07-22,PLAT.BK,-466600.0,-12.80457517954122
2026-07-22,PLE.BK,-3000.0,-0.374715684474405
2026-07-22,PLUS.BK,-11100.0,-0.91939780272208
2026-07-22,PM.BK,8900.0,5.80932363807261
2026-07-22,PMC.BK,13300.0,0.9787961837251952
2026-07-22,PMTA.BK,100.0,2.7382256297918945
2026-07-22,POLY.BK,10000.0,12.853470437017997
2026-07-22,PORT.BK,-100.0,-0.0007357258155888
2026-07-22,PPPM.BK,-200.0,-0.0502681807442706
2026-07-22,PQS.BK,123800.0,26.03575184016824
2026-07-22,PR9.BK,-58600.0,-1.6312305491067205
2026-07-22,PRAPAT.BK,50.0,0.0139745216521238
2026-07-22,PRM.BK,1428200.0,11.527959984531453
2026-07-22,PROEN.BK,206100.0,10.336484933106242
2026-07-22,PROS.BK,-100.0,-0.1597342022873938
2026-07-22,PROUD.BK,-200.0,-0.0216754470290006
2026-07-22,PRTR.BK,600.0,0.1802879198079332
2026-07-22,PSH.BK,-149900.0,-17.113181030969262
2026-07-22,PSL.BK,4404200.0,32.58560509697402
2026-07-22,PSP.BK,-162200.0,-13.988185071795092
2026-07-22,PSTC.BK,-600.0,-0.0393837493460656
2026-07-22,PT.BK,-3800.0,-2.1128600897409524
2026-07-22,PTG.BK,-781290.0,-19.173730009418883
2026-07-22,PTL.BK,97401.0,9.001117273003672
2026-07-22,PTT.BK,29113918.0,18.405579937155835
2026-07-22,PTTEP.BK,11188300.0,25.958122050295135
2026-07-22,PTTGC.BK,37281810.0,33.4726772380424
2026-07-22,PYLON.BK,-37000.0,-7.8857293873427645
2026-07-22,QH.BK,-2747300.0,-15.292909907933042
2026-07-22,RABBIT.BK,-249300.0,-1.546090521274373
2026-07-22,RAM.BK,-900.0,-0.7230657989877078
2026-07-22,RATCH.BK,974250.0,6.167001059388553
2026-07-22,RBF.BK,-348800.0,-16.14889578221214
2026-07-22,RCL.BK,2125700.0,19.983185808845228
2026-07-22,RJH.BK,-78100.0,-30.505071809954575
2026-07-22,ROCTEC.BK,-275400.0,-3.583573181600108
2026-07-22,ROJNA.BK,-576400.0,-14.124864883806811
2026-07-22,RP.BK,-200.0,-0.0150690463704694
2026-07-22,RPC.BK,127900.0,13.870197078257624
2026-07-22,RS.BK,-2500.0,-0.0708170961534702
2026-07-22,S.BK,15100.0,0.2080268610895813
2026-07-22,S&J.BK,-70.0,-11.11111111111111
2026-07-22,S11.BK,100.0,0.0069199363365857
2026-07-22,SA.BK,100.0,0.8688097306689836
2026-07-22,SABINA.BK,-110900.0,-19.20539205669141
2026-07-22,SAFE.BK,1000.0,0.5552470849528041
2026-07-22,SAK.BK,-208400.0,-7.999745113687356
2026-07-22,SALEE.BK,16100.0,0.1712124639270758
2026-07-22,SAMART.BK,-198800.0,-16.492450638792103
2026-07-22,SAMCO.BK,-300.0,-0.2827254735651682
2026-07-22,SAMTEL.BK,300.0,0.0951761552005837
2026-07-22,SANKO.BK,32800.0,1.4346687708475307
2026-07-22,SAPPE.BK,-462200.0,-34.01783618005165
2026-07-22,SAT.BK,-200400.0,-11.19818325681614
2026-07-22,SAV.BK,-34000.0,-6.8231851832526935
2026-07-22,SAWAD.BK,-3125500.0,-10.340267416419591
2026-07-22,SC.BK,-406100.0,-4.139594760074246
2026-07-22,SCAP.BK,-2483100.0,-17.589598144517346
2026-07-22,SCB.BK,2368550.0,3.5666903482276693
2026-07-22,SCC.BK,956807.0,14.647375585477404
2026-07-22,SCCC.BK,0.0,0.0
2026-07-22,SCG.BK,-100.0,-0.6902263942573164
2026-07-22,SCGD.BK,-11700.0,-1.8252530783595189
2026-07-22,SCGP.BK,7844600.0,17.21275083789449
2026-07-22,SCN.BK,-100.0,-0.1283911307406884
2026-07-22,SEAFCO.BK,-27200.0,-4.692762104565781
2026-07-22,SEAOIL.BK,7300.0,0.940382336270418
2026-07-22,SECURE.BK,18800.0,2.5482161809016617
2026-07-22,SEI.BK,-10000.0,-1.527841862255889
2026-07-22,SFLEX.BK,-26100.0,-4.148098232051925
2026-07-22,SGC.BK,-12253800.0,-13.926067218520991
2026-07-22,SGF.BK,-600.0,-0.2958579881656805
2026-07-22,SGP.BK,-1200.0,-1.6666666666666667
2026-07-22,SHR.BK,-435700.0,-9.350186703291987
2026-07-22,SICT.BK,61700.0,0.5191320784752695
2026-07-22,SIMAT.BK,-7600.0,-0.6716100702627851
2026-07-22,SINGER.BK,-1333300.0,-16.167887008866934
2026-07-22,SINO.BK,54900.0,1.661871757987882
2026-07-22,SIRI.BK,-15360790.0,-30.736075748044296
2026-07-22,SIS.BK,-100600.0,-13.291599999471506
2026-07-22,SISB.BK,-360600.0,-4.857885954728167
2026-07-22,SJWD.BK,-941000.0,-15.191473918451006
2026-07-22,SKE.BK,-100.0,-0.028787747934479
2026-07-22,SKR.BK,200.0,0.8264462809917356
2026-07-22,SKY.BK,92300.0,1.3390025026145365
2026-07-22,SMD100.BK,200.0,0.2523914085964513
2026-07-22,SMIT.BK,-10100.0,-12.061141628851209
2026-07-22,SMO.BK,-304700.0,-9.908885086201122
2026-07-22,SMPC.BK,-20100.0,-10.371195938206249
2026-07-22,SMT.BK,6763700.0,6.213076359238482
2026-07-22,SNNP.BK,-55300.0,-11.855453508613962
2026-07-22,SPA.BK,-775500.0,-28.50399772703131
2026-07-22,SPACK.BK,-22400.0,-4.477224121044952
2026-07-22,SPALI.BK,-560800.0,-19.24501081330761
2026-07-22,SPCG.BK,-86200.0,-5.041100761194519
2026-07-22,SPRC.BK,-1447269.0,-3.0432068723740264
2026-07-22,SPVI.BK,74400.0,8.938547486033519
2026-07-22,SRICHA.BK,-153600.0,-22.9430769713346
2026-07-22,SSP.BK,112579.0,5.607210843559519
2026-07-22,STA.BK,1628800.0,6.664637978362594
2026-07-22,STANLY.BK,-4500.0,-19.44264419961115
2026-07-22,STARM.BK,-300.0,-0.4594180704441041
2026-07-22,STECON.BK,-10034100.0,-31.878644034389325
2026-07-22,STELLA.BK,-4000.0,-0.2443643472417374
2026-07-22,STGT.BK,-112610.0,-1.9952232289979768
2026-07-22,STOWER.BK,-30600.0,-11.925175370226032
2026-07-22,STPI.BK,4651900.0,8.018683451425868
2026-07-22,SUC.BK,900.0,0.8429965718139414
2026-07-22,SUN.BK,-16100.0,-2.1047237321327255
2026-07-22,SUPER.BK,-669001.0,-1.3831799205084172
2026-07-22,SUSCO.BK,-27800.0,-1.8275850961092817
2026-07-22,SVOA.BK,136800.0,1.4514655080123973
2026-07-22,SVT.BK,-300.0,-0.0695410292072322
2026-07-22,SWC.BK,-100.0,-0.8333333333333334
2026-07-22,SYNEX.BK,180100.0,3.8703150062492377
2026-07-22,SYNTEC.BK,1000.0,0.0365469959648461
2026-07-22,TACC.BK,-410900.0,-16.651200110224543
2026-07-22,TAE.BK,288100.0,3.4021646789412268
2026-07-22,TAKUNI.BK,-27100.0,-1.881005248074052
2026-07-22,TASCO.BK,-382400.0,-6.904770503051533
2026-07-22,TATG.BK,20000.0,4.031372137977743
2026-07-22,TBSP.BK,26.0,17.449664429530202
2026-07-22,TCAP.BK,-961240.0,-17.504509335987187
2026-07-22,TCC.BK,-300.0,-0.1663699735471742
2026-07-22,TCJ.BK,6300.0,73.25581395348837
2026-07-22,TCMC.BK,-200.0,-0.0167217369202573
2026-07-22,TEAM.BK,2231900.0,10.154771659819929
2026-07-22,TEAMG.BK,526700.0,4.178445567476065
2026-07-22,TEGH.BK,-91100.0,-7.865531359381395
2026-07-22,TFG.BK,-8459100.0,-31.088267990859077
2026-07-22,TFM.BK,35100.0,4.946427791314298
2026-07-22,TFMAMA.BK,300.0,7.073803348266919
2026-07-22,TGE.BK,3200.0,0.2834241176210088
2026-07-22,THAI.BK,-1806200.0,-3.941932639088765
2026-07-22,THANI.BK,10947800.0,27.692452846654287
2026-07-22,THCOM.BK,-204000.0,-5.78903562328475
2026-07-22,THG.BK,-209600.0,-22.934675566254516
2026-07-22,THMUI.BK,-485695.0,-65.4657524460613
2026-07-22,THRE.BK,-400.0,-0.0159007728173108
2026-07-22,THREL.BK,21900.0,1.8003990473504947
2026-07-22,TIDLOR.BK,67173.0,0.5557303482148301
2026-07-22,TIPH.BK,-74100.0,-34.55093114992586
2026-07-22,TISCO.BK,455307.0,10.669161488973064
2026-07-22,TITLE.BK,-82000.0,-15.894522398677266
2026-07-22,TK.BK,100.0,0.3173595683909869
2026-07-22,TKN.BK,-328500.0,-29.24393088283733
2026-07-22,TKS.BK,1200.0,0.4667989263624693
2026-07-22,TLI.BK,-5629200.0,-33.206526936001815
2026-07-22,TMAN.BK,-42400.0,-18.10062925300752
2026-07-22,TMI.BK,1000.0,0.136761487964989
2026-07-22,TMT.BK,100.0,0.3635570420999054
2026-07-22,TMW.BK,-1300.0,-1.146273289187116
2026-07-22,TNDT.BK,-100.0,-0.0828493550177711
2026-07-22,TNR.BK,-100.0,-0.0319487797163587
2026-07-22,TOA.BK,491200.0,10.213470261481056
2026-07-22,TOP.BK,6432464.0,24.017273566248488
2026-07-22,TPAC.BK,2500.0,1.7146776406035666
2026-07-22,TPIPL.BK,-780100.0,-1.6118102612746292
2026-07-22,TPIPP.BK,-65500.0,-0.9839193035954364
2026-07-22,TQM.BK,-73800.0,-10.110669359191805
2026-07-22,TQR.BK,1000.0,4.337077677061196
2026-07-22,TRC.BK,-100.0,-0.0363674714788104
2026-07-22,TRP.BK,200.0,1.1234061674998594
2026-07-22,TRT.BK,31500.0,1.5305304381204117
2026-07-22,TRU.BK,-100.0,-0.7633587786259541
2026-07-22,TRUBB.BK,-300.0,-0.0158039967254118
2026-07-22,TRUE.BK,20730725.0,10.911691239307917
2026-07-22,TSC.BK,-1100.0,-3.467515682627746
2026-07-22,TSE.BK,-765400.0,-14.356090694330994
2026-07-22,TSTH.BK,-113900.0,-3.5473262845665765
2026-07-22,TTA.BK,2372500.0,39.563941165542865
2026-07-22,TTB.BK,5752210.0,1.263842944578707
2026-07-22,TTW.BK,-625100.0,-10.018790641734714
2026-07-22,TU.BK,-2517200.0,-16.87936191559434
2026-07-22,TURBO.BK,-905400.0,-4.643010492311418
2026-07-22,TURTLE.BK,-1600.0,-88.88888888888889
2026-07-22,TVH.BK,-6.0,-0.0051576079014553
2026-07-22,TVO.BK,-69500.0,-9.214353709208254
2026-07-22,TWPC.BK,500.0,0.2089750609162302
2026-07-22,UBE.BK,58677.0,0.2227558732372277
2026-07-22,UKEM.BK,378500.0,8.428368664193751
2026-07-22,UMS.BK,110000.0,1.5734695862633243
2026-07-22,UNIQ.BK,4592.0,0.6948016970591974
2026-07-22,UNIX.BK,-87000.0,-1.9380168741124384
2026-07-22,UREKA.BK,261100.0,1.1196758523398416
2026-07-22,UTP.BK,58600.0,9.905676324419352
2026-07-22,UV.BK,-2800.0,-0.1078184968022189
2026-07-22,UVAN.BK,-160600.0,-22.54715457997852
2026-07-22,VCOM.BK,20600.0,6.63279433829827
2026-07-22,VGI.BK,-90278400.0,-26.58431758424201
2026-07-22,VIBHA.BK,-13500.0,-1.6049933125278644
2026-07-22,VIBHA-W5.BK,200000.0,26.26384925601081
2026-07-22,VIH.BK,-9700.0,-2.873171685337346
2026-07-22,VNG.BK,100.0,0.037792894935752
2026-07-22,WARRIX.BK,200.0,0.0315949277502989
2026-07-22,WASH.BK,-101100.0,-9.567521529289296
2026-07-22,WAVE.BK,-100.0,-0.0023944072393466
2026-07-22,WHA.BK,-547750.0,-0.4252508628788355
2026-07-22,WHAUP.BK,-3189400.0,-10.342241483523752
2026-07-22,WICE.BK,334700.0,4.190622621098602
2026-07-22,WIIK.BK,-52900.0,-4.07152648377893
2026-07-22,WIN.BK,30.0,0.064751462303857
2026-07-22,WORK.BK,-2800.0,-2.192999631889347
2026-07-22,WP.BK,24600.0,12.523609039398458
2026-07-22,WPH.BK,-173800.0,-23.082879223947756
2026-07-22,XO.BK,-113800.0,-32.73482490608154
2026-07-22,XPG.BK,-3739900.0,-5.304761821952994
2026-07-22,YGG.BK,-200.0,-0.0708463661127661
2026-07-22,YUASA.BK,-900.0,-6.293266205160478
2026-07-22,ZIGA.BK,30000.0,4.816785534229684
2026-07-23,2S.BK,100.0,0.0284333238555587
2026-07-23,88TH.BK,40100.0,8.724978241949522
2026-07-23,AAI.BK,206899.0,1.0939449458045212
2026-07-23,AAV.BK,-2411600.0,-13.415683243012785
2026-07-23,ACE.BK,31199.0,1.052945270065494
2026-07-23,ADB.BK,89900.0,1.212241835638885
2026-07-23,ADVANC.BK,-4780.0,-0.0763599987347883
2026-07-23,ADVICE.BK,158299.0,7.542533630716555
2026-07-23,AEONTS.BK,-72500.0,-9.606567977400053
2026-07-23,AGE.BK,-151100.0,-14.79853522903451
2026-07-23,AH.BK,83500.0,35.32148900169204
2026-07-23,AI.BK,-2.0,-0.0030669672294551
2026-07-23,AIE.BK,27200.0,4.771687054518279
2026-07-23,AIT.BK,-15500.0,-3.14932472382454
2026-07-23,AJ.BK,147500.0,2.6471121352593543
2026-07-23,AJA.BK,3000.0,0.1614492546156996
2026-07-23,AKP.BK,-900.0,-0.2225519287833827
2026-07-23,AKR.BK,-700.0,-0.0939575875449822
2026-07-23,ALPHAX.BK,-4000.0,-0.1843656967340999
2026-07-23,ALT.BK,-61700.0,-1.732939185630929
2026-07-23,ALUCON.BK,-600.0,-50.0
2026-07-23,AMARC.BK,-409401.0,-7.604637814684308
2026-07-23,AMATA.BK,-210715.0,-1.508050858132217
2026-07-23,AMATAV.BK,-1.0,-0.0015867978419549
2026-07-23,ANAN.BK,-301200.0,-6.26451867718823
2026-07-23,AOT.BK,-3397610.0,-7.514067714961836
2026-07-23,AP.BK,-523780.0,-4.820869067081116
2026-07-23,APCS.BK,-100.0,-0.2164361621539726
2026-07-23,APO.BK,-15600.0,-3.159128971440259
2026-07-23,APURE.BK,-100001.0,-7.115473010569218
2026-07-23,AQUA.BK,-24500.0,-0.1205857019810508
2026-07-23,AS.BK,-20001.0,-2.832597602892504
2026-07-23,ASEFA.BK,83100.0,8.447757582904423
2026-07-23,ASIA.BK,100.0,99.009900990099
2026-07-23,ASIAN.BK,-29800.0,-1.8551605211880495
2026-07-23,ASK.BK,81500.0,26.555794865445208
2026-07-23,ASP.BK,-697400.0,-11.003254116950991
2026-07-23,ATLAS.BK,-16801.0,-1.670157552092394
2026-07-23,AU.BK,-37900.0,-13.37436215937723
2026-07-23,AUCT.BK,-146100.0,-46.44981607653251
2026-07-23,AURA.BK,512600.0,10.40874952256004
2026-07-23,AWC.BK,-10585300.0,-8.940650980206271
2026-07-23,AYUD.BK,2676.0,21.366975407218145
2026-07-23,BA.BK,242100.0,1.5250562777892844
2026-07-23,BAFS.BK,14200.0,1.6344891012957354
2026-07-23,BAM.BK,-2801701.0,-28.040740879005902
2026-07-23,BAY.BK,-730700.0,-19.204587864866145
2026-07-23,BBGI.BK,-859500.0,-13.666402401852334
2026-07-23,BBIK.BK,-672400.0,-15.740418862752396
2026-07-23,BBL.BK,4501392.0,19.77355996138232
2026-07-23,BCH.BK,-1342300.0,-5.798608031679071
2026-07-23,BCP.BK,6088999.0,32.50328329122247
2026-07-23,BCPG.BK,-584000.0,-9.562751380417549
2026-07-23,BDMS.BK,-5308097.0,-8.245653281866153
2026-07-23,BE8.BK,-470600.0,-13.690185800781324
2026-07-23,BEAUTY.BK,100.0,0.001619971002519
2026-07-23,BEC.BK,-7100.0,-1.3775681459678968
2026-07-23,BEM.BK,-5236780.0,-12.758917065723413
2026-07-23,BEYOND.BK,-300.0,-0.8
2026-07-23,BGRIM.BK,2631190.0,7.868881541541045
2026-07-23,BH.BK,-268700.0,-11.97700877883096
2026-07-23,BIG.BK,-3600.0,-1.2112892154883514
2026-07-23,BIOTEC.BK,-800.0,-0.070258577913689
2026-07-23,BIZ.BK,-200.0,-0.0760317508591587
2026-07-23,BJC.BK,-1324877.0,-28.74596922398639
2026-07-23,BKGI.BK,-15800.0,-1.9146873485215703
2026-07-23,BLA.BK,-61800.0,-4.16325903689941
2026-07-23,BLAND.BK,-1018800.0,-1.0345851624239808
2026-07-23,BLC.BK,-35701.0,-5.740347401882202
2026-07-23,BM.BK,-4200.0,-0.1923633578947754
2026-07-23,BR.BK,-400.0,-0.7067137809187279
2026-07-23,BRI.BK,300.0,0.6183399633118288
2026-07-23,BRR.BK,1000.0,0.942507068803016
2026-07-23,BSBM.BK,-100.0,-0.0091759871756403
2026-07-23,BSM.BK,700.0,0.8845643520566122
2026-07-23,BTC.BK,-5700.0,-0.3878490301052499
2026-07-23,BTG.BK,1017899.0,12.03140958639167
2026-07-23,BTS.BK,-14237610.0,-31.91025705964858
2026-07-23,BUI.BK,-14390.0,-80.77462812236878
2026-07-23,BVG.BK,193700.0,34.755553801130766
2026-07-23,BWG.BK,600.0,0.0094180951431668
2026-07-23,BWG-W7.BK,-33.0,-0.0061728625995607
2026-07-23,BWG-W8.BK,-33.0,-0.0103754008677608
2026-07-23,BYD.BK,-58000.0,-3.5056904003921536
2026-07-23,CAZ.BK,-2800.0,-0.4599952029071696
2026-07-23,CBG.BK,443890.0,5.428916044000772
2026-07-23,CCET.BK,1062550.0,2.6115835349237577
2026-07-23,CCP.BK,900.0,0.1044833819181059
2026-07-23,CEN.BK,-3200.0,-2.222191358453355
2026-07-23,CENTEL.BK,-1101395.0,-18.233600735307142
2026-07-23,CFARM.BK,44400.0,1.514273046621875
2026-07-23,CFRESH.BK,-3600.0,-0.016476431768739
2026-07-23,CGH.BK,-600.0,-0.0320709837774273
2026-07-23,CHASE.BK,700.0,0.1048192915413826
2026-07-23,CHAYO.BK,-114301.0,-6.3844107793381495
2026-07-23,CHG.BK,-4848600.0,-25.44823476030682
2026-07-23,CHOW.BK,100.0,0.3773584905660377
2026-07-23,CI.BK,-5000.0,-2.730733311123369
2026-07-23,CITY.BK,-48800.0,-57.88849347568209
2026-07-23,CIVIL.BK,-100.0,-0.0114836008438149
2026-07-23,CK.BK,-1905200.0,-17.88944544315392
2026-07-23,CKP.BK,964500.0,7.919011135960595
2026-07-23,CMAN.BK,-100100.0,-15.37870640651406
2026-07-23,CMC.BK,-546500.0,-40.21043337502759
2026-07-23,CMO.BK,13500.0,6.660088801184017
2026-07-23,CMR.BK,9900.0,14.102564102564102
2026-07-23,CNT.BK,-505500.0,-22.382012920022493
2026-07-23,COCOCO.BK,14900.0,1.1894232335069306
2026-07-23,COM7.BK,1078000.0,14.693414678694005
2026-07-23,COMAN.BK,100.0,0.1
2026-07-23,CPALL.BK,-1307700.0,-9.401616615058549
2026-07-23,CPANEL.BK,-16.0,-0.0319170157590265
2026-07-23,CPAXT.BK,-117986.0,-2.449031780788138
2026-07-23,CPF.BK,-3556900.0,-14.675527022811329
2026-07-23,CPL.BK,-1000.0,-0.5310646252542471
2026-07-23,CPN.BK,-966268.0,-21.905697869094215
2026-07-23,CPW.BK,100.0,0.0617745353010582
2026-07-23,CRANE.BK,-100.0,-0.0065728933876692
2026-07-23,CRC.BK,-2900.0,-0.0194446239905893
2026-07-23,CREDIT.BK,-36401.0,-1.1495969888965878
2026-07-23,CSS.BK,-152700.0,-3.995290423861853
2026-07-23,CTW.BK,-2400.0,-4.355637828714542
2026-07-23,CWT.BK,-4700.0,-0.1374107889688957
2026-07-23,DCC.BK,-51001.0,-5.877553372324181
2026-07-23,DCON.BK,200.0,0.0277469863304471
2026-07-23,DELTA.BK,-1266623.0,-7.272432572465208
2026-07-23,DEMCO.BK,14400.0,9.200690051753885
2026-07-23,DITTO.BK,-769400.0,-15.0072100535434
2026-07-23,DMT.BK,-8400.0,-1.6682289763429243
2026-07-23,DOD.BK,-4700.0,-5.896300385141323
2026-07-23,DOHOME.BK,-1915900.0,-19.072487198069556
2026-07-23,DRT.BK,-200000.0,-82.03243562504613
2026-07-23,DUSIT.BK,-6400.0,-6.734431887534988
2026-07-23,EA.BK,-8267000.0,-13.609689993914571
2026-07-23,EAST.BK,16000.0,4.205977219375886
2026-07-23,EASTW.BK,-965400.0,-32.06781609004499
2026-07-23,EFORL.BK,-97400.0,-13.241917875637457
2026-07-23,EGCO.BK,313400.0,21.22925084588471
2026-07-23,EKH.BK,-21800.0,-6.2079786764475555
2026-07-23,EMPIRE.BK,-28800.0,-2.0962956708582876
2026-07-23,EP.BK,600.0,0.2200187749354611
2026-07-23,EPG.BK,-2061050.0,-15.35164049639193
2026-07-23,ERW.BK,-5708400.0,-15.197855665737908
2026-07-23,ESTAR.BK,639700.0,86.53950216450217
2026-07-23,ETC.BK,-2900.0,-0.3006115890950554
2026-07-23,EVER.BK,-28200.0,-3.4314918471647604
2026-07-23,FLOYD.BK,49999.0,3.268502381478465
2026-07-23,FM.BK,75300.0,9.030975165417962
2026-07-23,FN.BK,-100.0,-0.3366890003703579
2026-07-23,FNS.BK,300000.0,80.36410296248872
2026-07-23,FORTH.BK,-2488900.0,-10.347214331929107
2026-07-23,FPT.BK,5700.0,8.062234794908061
2026-07-23,FSMART.BK,98400.0,2.2814169546839644
2026-07-23,GABLE.BK,282700.0,19.562660023527783
2026-07-23,GBX.BK,60000.0,2.982685510610904
2026-07-23,GCAP.BK,120000.0,10.53001053001053
2026-07-23,GFPT.BK,-664800.0,-14.203176785753582
2026-07-23,GJS.BK,-6400.0,-1.428533164290242
2026-07-23,GLOBAL.BK,-1864600.0,-12.360454341823374
2026-07-23,GPI.BK,-5001.0,-1.0287985418668135
2026-07-23,GPSC.BK,4149390.0,30.32245325563408
2026-07-23,GRAND.BK,72000.0,2.5903380391141044
2026-07-23,GREEN.BK,-2900.0,-1.520681265206813
2026-07-23,GULF.BK,-4809763.0,-8.492615536471321
2026-07-23,GUNKUL.BK,7381637.0,8.916847300492249
2026-07-23,HANA.BK,-2853218.0,-11.064590555338736
2026-07-23,HANN.BK,100.0,0.0353800704063401
2026-07-23,HENG.BK,353800.0,14.36226353819924
2026-07-23,HL.BK,400.0,0.6144393241167435
2026-07-23,HMPRO.BK,-7665102.0,-24.35183443438272
2026-07-23,HTC.BK,13500.0,22.53831513573074
2026-07-23,HTECH.BK,-10400.0,-1.383898868928809
2026-07-23,HUMAN.BK,-284600.0,-10.776339459994071
2026-07-23,ICHI.BK,460799.0,11.23867380434568
2026-07-23,ICN.BK,28499.0,1.2648985870808933
2026-07-23,III.BK,200.0,0.0223788743426205
2026-07-23,ILINK.BK,66400.0,22.19243919639306
2026-07-23,ILM.BK,25800.0,7.798567239972192
2026-07-23,IND.BK,-2100.0,-0.1204266544328478
2026-07-23,INET.BK,52500.0,7.306391074234325
2026-07-23,INGRS.BK,200000.0,4.716869885144218
2026-07-23,INSET.BK,-2431000.0,-27.16505244497764
2026-07-23,IP.BK,800.0,0.1601438091406082
2026-07-23,IROYAL.BK,2900.0,0.2738109288327629
2026-07-23,IRPC.BK,28256200.0,14.793296866215952
2026-07-23,IT.BK,-11900.0,-1.676819172665875
2026-07-23,ITC.BK,16085500.0,31.765774811098257
2026-07-23,ITD.BK,-744200.0,-7.261047436826838
2026-07-23,ITEL.BK,-1612600.0,-28.22686586392396
2026-07-23,ITEL-W6.BK,40000.0,1.3847658447504392
2026-07-23,IVL.BK,2261935.0,4.965997309151262
2026-07-23,J.BK,5700.0,0.0425566163518049
2026-07-23,JAS.BK,-98000.0,-0.9818964347741228
2026-07-23,JCK.BK,800.0,1.6428116721769308
2026-07-23,JDF.BK,-1.0,-0.0014705666093145
2026-07-23,JMART.BK,885400.0,5.984698125918887
2026-07-23,JMT.BK,-1321100.0,-10.12310324952304
2026-07-23,JPARK.BK,-116100.0,-10.213210669242402
2026-07-23,JTS.BK,65550.0,3.490015786265151
2026-07-23,KAMART.BK,-18201.0,-4.407950343050473
2026-07-23,KBANK.BK,572272.0,3.317137513988971
2026-07-23,KBS.BK,19000.0,8.716835880331606
2026-07-23,KCC.BK,-5200.0,-0.4503720332824932
2026-07-23,KCE.BK,-2603400.0,-16.1013983613608
2026-07-23,KCG.BK,-64100.0,-8.88673228892278
2026-07-23,KCM.BK,-100.0,-0.1298701298701298
2026-07-23,KGEN.BK,-3517500.0,-14.541493381398462
2026-07-23,KGI.BK,3178800.0,38.15783645499439
2026-07-23,KIAT.BK,-200.0,-0.2840707336126695
2026-07-23,KISS.BK,156298.0,9.446613560264485
2026-07-23,KJL.BK,-100.0,-0.0871604012864875
2026-07-23,KK.BK,-1600.0,-4.968944099378882
2026-07-23,KKP.BK,4350299.0,22.591477771617622
2026-07-23,KLINIQ.BK,-25800.0,-7.1956892800963885
2026-07-23,KOOL.BK,-109000.0,-29.32472423997848
2026-07-23,KSL.BK,1698900.0,19.387021388258624
2026-07-23,KTB.BK,12081095.0,13.13199483694155
2026-07-23,KTC.BK,1483902.0,2.684112281661127
2026-07-23,KUMWEL.BK,322700.0,7.125781638845867
2026-07-23,KYE.BK,-2000.0,-20.755500207555
2026-07-23,LALIN.BK,200.0,1.0966716016888745
2026-07-23,LANNA.BK,400.0,0.3301092661671013
2026-07-23,LEE.BK,31500.0,20.23121387283237
2026-07-23,LH.BK,-6047000.0,-35.68628105929535
2026-07-23,LHFG.BK,527400.0,5.702385433032598
2026-07-23,LOXLEY.BK,37000.0,5.138746145940391
2026-07-23,LPH.BK,-100.0,-0.2025439520375921
2026-07-23,LPN.BK,-9400.0,-7.562227478238484
2026-07-23,LTS.BK,55700.0,2.7495215486963964
2026-07-23,M.BK,-171201.0,-12.291672799304433
2026-07-23,MADAME.BK,-15100.0,-1.2941145214218803
2026-07-23,MADAME-W6.BK,-50000.0,-6.675567423230974
2026-07-23,MAGURO.BK,-3797.0,-0.4716600271543013
2026-07-23,MAJOR.BK,-280900.0,-11.91410814481346
2026-07-23,MALEE.BK,-57700.0,-8.194742298788542
2026-07-23,MASTEC.BK,-658101.0,-17.144136615193524
2026-07-23,MASTER.BK,-58300.0,-14.155329858033936
2026-07-23,MATI.BK,-17.0,-100.0
2026-07-23,MBK.BK,55200.0,4.26468883995828
2026-07-23,MC.BK,-184100.0,-12.232720700607318
2026-07-23,MCOT.BK,4300.0,1.1540216311961569
2026-07-23,MCS.BK,-126400.0,-20.30241605175831
2026-07-23,MDX.BK,5300.0,0.3327473631341034
2026-07-23,MEB.BK,-31800.0,-11.74281029822307
2026-07-23,MEDEZE.BK,-16300.0,-4.958612318653204
2026-07-23,MEGA.BK,43400.0,7.684653004274367
2026-07-23,METCO.BK,600.0,44.0852314474651
2026-07-23,MFC.BK,2900.0,7.3221229106701005
2026-07-23,MFEC.BK,4000.0,1.1324419128076348
2026-07-23,MGC.BK,-625000.0,-14.756220159971592
2026-07-23,MGI.BK,-400.0,-0.3709130023552975
2026-07-23,MICRO.BK,6400.0,0.2860681673623934
2026-07-23,MIDA.BK,900.0,0.1221168549753798
2026-07-23,MINT.BK,-523787.0,-0.553628840148917
2026-07-23,ML.BK,-7600.0,-0.1776237540920656
2026-07-23,MMM.BK,-2300.0,-0.4115218974380077
2026-07-23,MONO.BK,-207400.0,-2.7403685756095304
2026-07-23,MORE.BK,-1100.0,-0.9598603839441536
2026-07-23,MOSHI.BK,-46500.0,-15.587184317616536
2026-07-23,MPJ.BK,-1.0,-0.0003021011132426
2026-07-23,MRDIYT.BK,-245500.0,-4.419838178112097
2026-07-23,MSC.BK,700.0,0.4791238877481177
2026-07-23,MST.BK,2600.0,3.0767046126902233
2026-07-23,MTC.BK,-197500.0,-1.4648942361195894
2026-07-23,MTI.BK,-100.0,-1.8501387604070303
2026-07-23,NAT.BK,200.0,0.3418803418803419
2026-07-23,NCAP.BK,-208200.0,-2.041493702697919
2026-07-23,NCH.BK,2.0,0.0065355205542121
2026-07-23,NCL.BK,-100.0,-0.0210040348750995
2026-07-23,NCP.BK,-200.0,-36.42987249544626
2026-07-23,NDR.BK,-2400.0,-3.630862329803328
2026-07-23,NEO.BK,-11000.0,-2.0440055819934257
2026-07-23,NER.BK,748698.0,17.22635798570487
2026-07-23,NETBAY.BK,800.0,0.0370088178134542
2026-07-23,NEX.BK,-2057000.0,-19.907748827504243
2026-07-23,NNCL.BK,100.0,0.1485663348685187
2026-07-23,NOBLE.BK,-133800.0,-14.670344851783469
2026-07-23,NSL.BK,-10300.0,-3.3710255445188104
2026-07-23,NTF.BK,-102900.0,-15.448154103218892
2026-07-23,NTV.BK,1000.0,4.689551678859501
2026-07-23,NV.BK,-2600.0,-0.3863298662704309
2026-07-23,NVD.BK,-400.0,-0.3997481586600441
2026-07-23,NYT.BK,-131700.0,-12.018616535864208
2026-07-23,OKJ.BK,-24400.0,-2.575116355154982
2026-07-23,ONEE.BK,-182400.0,-33.804758983559104
2026-07-23,OR.BK,-1238500.0,-2.9554841328802848
2026-07-23,ORI.BK,-250700.0,-12.275748468102153
2026-07-23,OSP.BK,-2629000.0,-26.506897994217283
2026-07-23,PACO.BK,-2900.0,-1.5247028143910917
2026-07-23,PCC.BK,-400.0,-0.303951367781155
2026-07-23,PCE.BK,-96400.0,-3.503160293931138
2026-07-23,PCSGH.BK,-100.0,-0.37243947858473
2026-07-23,PDJ.BK,-7.0,-0.1271109497003813
2026-07-23,PEER.BK,-4400.0,-1.3941256614175723
2026-07-23,PF.BK,-1000000.0,-40.913684400021275
2026-07-23,PHG.BK,9300.0,9.289595652868789
2026-07-23,PHOL.BK,-2001.0,-0.7015710844725245
2026-07-23,PIMO.BK,-600.0,-0.0836933308969274
2026-07-23,PIN.BK,140000.0,14.513472130505145
2026-07-23,PIS.BK,14100.0,1.7767137096774197
2026-07-23,PJW.BK,-1.0,-0.000626170155478
2026-07-23,PK.BK,-1000.0,-0.3930817610062893
2026-07-23,PLANB.BK,-182201.0,-0.2875389145961085
2026-07-23,PLANET.BK,-5200.0,-0.4763213336997344
2026-07-23,PLAT.BK,-116800.0,-1.6017970846744496
2026-07-23,PLE.BK,-27900.0,-1.0119695321001088
2026-07-23,PLUS.BK,-7700.0,-0.6632784908260833
2026-07-23,PM.BK,10100.0,8.198318127211921
2026-07-23,PMC.BK,4800.0,0.9257473481195756
2026-07-23,POLY.BK,0.0,0.0
2026-07-23,PORT.BK,0.0,0.0
2026-07-23,POWER.BK,100.0,0.0064238453138048
2026-07-23,PPPM.BK,-100.0,-0.0455566337292204
2026-07-23,PR9.BK,-46700.0,-2.5515249595963017
2026-07-23,PREB.BK,-200.0,-0.4878048780487805
2026-07-23,PRG.BK,-2.0,-0.0039206461224809
2026-07-23,PRI.BK,-1.0,-0.0012984146357297
2026-07-23,PRIME.BK,-100.0,-0.0222025359736589
2026-07-23,PRIN.BK,800.0,6.779086518091687
2026-07-23,PRINC.BK,200.0,0.1386875992483132
2026-07-23,PRM.BK,1400599.0,12.242901935212048
2026-07-23,PROEN.BK,-5100.0,-0.2870732599701669
2026-07-23,PROS.BK,1000.0,0.2922267679719462
2026-07-23,PSH.BK,-108800.0,-22.21564283453634
2026-07-23,PSL.BK,2021599.0,35.48665238844282
2026-07-23,PSP.BK,446300.0,23.25811662931888
2026-07-23,PT.BK,-4800.0,-2.8272380828969768
2026-07-23,PTG.BK,-89100.0,-2.733362763254892
2026-07-23,PTL.BK,47200.0,17.489189679895954
2026-07-23,PTT.BK,11346389.0,11.709574932544026
2026-07-23,PTTEP.BK,3144640.0,12.440478156747002
2026-07-23,PTTGC.BK,11057555.0,15.948885529298726
2026-07-23,PYLON.BK,-56300.0,-14.52513389954696
2026-07-23,Q-CON.BK,7.0,0.0502729100833094
2026-07-23,QDC.BK,-1100.0,-12.002182214948173
2026-07-23,QH.BK,-2992900.0,-24.29765615175429
2026-07-23,QTC.BK,100.0,0.2314707652423498
2026-07-23,QTCG.BK,-100.0,-0.0092600823776928
2026-07-23,RABBIT.BK,19899.0,0.5557366212252346
2026-07-23,RABBIT-P.BK,-100.0,-0.0052584529631382
2026-07-23,RAM.BK,-400.0,-0.2680515999329871
2026-07-23,RATCH.BK,1063200.0,15.174550144238152
2026-07-23,RBF.BK,-208200.0,-10.167217024667954
2026-07-23,RCL.BK,-713601.0,-15.833226831956804
2026-07-23,RJH.BK,-26400.0,-13.795770342229169
2026-07-23,ROJNA.BK,-104701.0,-2.360343718671358
2026-07-23,RP.BK,-100.0,-0.0197497314036529
2026-07-23,RPC.BK,-1500.0,-0.0969939630957369
2026-07-23,RPH.BK,1000.0,0.2658471485234849
2026-07-23,RS.BK,17900.0,1.9390929811333837
2026-07-23,S.BK,2800.0,0.0608695122873806
2026-07-23,SA.BK,500.0,2.6439638305747977
2026-07-23,SABINA.BK,-20200.0,-12.65965580777378
2026-07-23,SAFE.BK,-99500.0,-24.568629193951423
2026-07-23,SAK.BK,-92100.0,-5.661393354347901
2026-07-23,SALEE.BK,-1200.0,-0.037876396692128
2026-07-23,SAMART.BK,-68900.0,-6.150687377254062
2026-07-23,SAMCO.BK,9500.0,20.38276690696876
2026-07-23,SAMTEL.BK,300.0,0.2036659877800407
2026-07-23,SANKO.BK,10099.0,0.528936475771525
2026-07-23,SAPPE.BK,-133600.0,-35.57989097000477
2026-07-23,SAT.BK,286299.0,21.20010959228707
2026-07-23,SAV.BK,-76900.0,-17.475048630174342
2026-07-23,SAWAD.BK,-1488800.0,-8.947100867083929
2026-07-23,SC.BK,-1120000.0,-25.84514787347508
2026-07-23,SCAP.BK,-667300.0,-4.786767546734647
2026-07-23,SCB.BK,-1463119.0,-6.208463063603989
2026-07-23,SCC.BK,374647.0,4.143949332029616
2026-07-23,SCCC.BK,-16400.0,-21.47861960578875
2026-07-23,SCGD.BK,-4500.0,-0.5957061500702934
2026-07-23,SCGP.BK,2646000.0,15.95379837871785
2026-07-23,SCM.BK,-100.0,-0.0516307574748429
2026-07-23,SCN.BK,-600.0,-0.6091370558375634
2026-07-23,SE-ED.BK,-2.0,-0.0256278831368528
2026-07-23,SEAFCO.BK,-58600.0,-9.133829303381855
2026-07-23,SEAOIL.BK,-5200.0,-0.2520664602306989
2026-07-23,SECURE.BK,29600.0,10.440806622857608
2026-07-23,SEI.BK,1000.0,0.5643340857787811
2026-07-23,SFLEX.BK,-34300.0,-11.52747437405478
2026-07-23,SGC.BK,-4689900.0,-7.016343027079189
2026-07-23,SGF.BK,-300.0,-0.559711934924159
2026-07-23,SGP.BK,-400.0,-0.6649599361638461
2026-07-23,SHR.BK,-1267601.0,-25.19460411349886
2026-07-23,SICT.BK,-56800.0,-0.9429664662530896
2026-07-23,SIMAT.BK,595500.0,37.426937338947894
2026-07-23,SINGER.BK,1225900.0,9.524186881965033
2026-07-23,SIRI.BK,-1787000.0,-5.339910557245216
2026-07-23,SIS.BK,129500.0,17.079610769518897
2026-07-23,SISB.BK,-344700.0,-7.908332174729403
2026-07-23,SITHAI.BK,200.0,0.0118126513495954
2026-07-23,SJWD.BK,-476500.0,-18.470323829547404
2026-07-23,SKE.BK,-100.0,-0.0766871165644171
2026-07-23,SKR.BK,-4400.0,-10.679611650485436
2026-07-23,SKY.BK,-124500.0,-6.7661903522277616
2026-07-23,SMART.BK,-1.0,-0.0002964640730013
2026-07-23,SMD100.BK,-1300.0,-2.6091319618665327
2026-07-23,SMIT.BK,-10000.0,-19.380220546909825
2026-07-23,SMO.BK,-148400.0,-6.1243077654489175
2026-07-23,SMPC.BK,-1200.0,-0.2826748579558839
2026-07-23,SMT.BK,-1924900.0,-5.641892557309365
2026-07-23,SNC.BK,300.0,0.1181516358093977
2026-07-23,SNNP.BK,-6200.0,-3.9377079998983815
2026-07-23,SORKON.BK,-1.0,-0.0008686135191008
2026-07-23,SPA.BK,-1486100.0,-43.050368148579246
2026-07-23,SPACK.BK,-300.0,-0.0934579439252336
2026-07-23,SPALI.BK,-1353601.0,-28.698124616256155
2026-07-23,SPCG.BK,63300.0,9.733864159543108
2026-07-23,SPRC.BK,4779122.0,11.313702520710956
2026-07-23,SPVI.BK,226400.0,27.67607742944984
2026-07-23,SQ.BK,-7200.0,-1.4351205899940205
2026-07-23,SRICHA.BK,-38400.0,-8.132112951660519
2026-07-23,SRS.BK,-6000.0,-3.2414910858995136
2026-07-23,SSP.BK,411500.0,7.926496051487744
2026-07-23,SSSC.BK,400.0,13.101867016049788
2026-07-23,STA.BK,2025999.0,8.381987984294314
2026-07-23,STANLY.BK,-3800.0,-22.060957910014515
2026-07-23,STARM.BK,-1700.0,-7.6923076923076925
2026-07-23,STECON.BK,-3594400.0,-16.29270665218285
2026-07-23,STELLA.BK,-3700.0,-0.2358189929891651
2026-07-23,STGT.BK,316500.0,11.85147795231924
2026-07-23,STPI.BK,-4484000.0,-11.973313076609552
2026-07-23,SUC.BK,20600.0,16.057495186648893
2026-07-23,SUN.BK,-30000.0,-2.8386806190973184
2026-07-23,SUPER.BK,-408000.0,-2.244186278682062
2026-07-23,SUSCO.BK,1500.0,0.1659848378383462
2026-07-23,SVOA.BK,5400.0,0.1304001352297698
2026-07-23,SVT.BK,-300.0,-0.1901140684410646
2026-07-23,SYNEX.BK,-106600.0,-6.359361176517611
2026-07-23,SYNTEC.BK,-3500.0,-0.2151992129857353
2026-07-23,TACC.BK,-200800.0,-17.32315799099679
2026-07-23,TAE.BK,-1649400.0,-29.29400801313843
2026-07-23,TAKUNI.BK,-15300.0,-1.5681049502920978
2026-07-23,TASCO.BK,100400.0,12.88888090109196
2026-07-23,TATG.BK,-20000.0,-7.057163020465773
2026-07-23,TCAP.BK,1339940.0,17.99851089234031
2026-07-23,TCC.BK,-200.0,-0.16
2026-07-23,TCJ.BK,6500.0,73.39656729900632
2026-07-23,TCMC.BK,-300.0,-0.0233617568041116
2026-07-23,TEAM.BK,-1056600.0,-12.678842963782138
2026-07-23,TEAMG.BK,1867600.0,6.377966359676663
2026-07-23,TEGH.BK,156600.0,9.113844488481112
2026-07-23,TFG.BK,-2099300.0,-20.02340658302994
2026-07-23,TFM.BK,-28702.0,-4.209671008534623
2026-07-23,TFMAMA.BK,500.0,21.673168617251843
2026-07-23,TGE.BK,2900.0,0.0120021135308061
2026-07-23,TH.BK,400.0,0.0636170760955655
2026-07-23,THAI.BK,-3285300.0,-10.616871483017915
2026-07-23,THANI.BK,2108000.0,11.141930541374142
2026-07-23,THCOM.BK,-466500.0,-12.648216628568376
2026-07-23,THG.BK,-49800.0,-6.610911987256072
2026-07-23,THIP.BK,2000.0,5.26288090100521
2026-07-23,THRE.BK,-99200.0,-14.87905517999607
2026-07-23,THREL.BK,-237000.0,-20.249245138899568
2026-07-23,TIDLOR.BK,-670001.0,-4.416910942353136
2026-07-23,TIPCO.BK,100.0,0.0813543878489086
2026-07-23,TIPH.BK,8400.0,2.741970758840407
2026-07-23,TISCO.BK,162713.0,5.471345487021808
2026-07-23,TITLE.BK,-81400.0,-17.703349282296653
2026-07-23,TK.BK,200.0,1.574803149606299
2026-07-23,TKC.BK,400.0,0.5442176870748299
2026-07-23,TKN.BK,-194801.0,-27.345211875172836
2026-07-23,TKS.BK,-1500.0,-0.5197487188194081
2026-07-23,TL-W2.BK,-33.0,-0.0810512096279012
2026-07-23,TLI.BK,-711300.0,-5.659276694632336
2026-07-23,TMAN.BK,-78400.0,-18.627725849295995
2026-07-23,TMT.BK,400.0,3.0282383223559695
2026-07-23,TMW.BK,8400.0,10.675478172459808
2026-07-23,TNDT.BK,-100.0,-20.04008016032064
2026-07-23,TNDT-W2.BK,-1800.0,-0.3850827500042787
2026-07-23,TNH.BK,-200.0,-66.66666666666666
2026-07-23,TNITY-W2.BK,-2000.0,-0.0729395666514466
2026-07-23,TNP.BK,800.0,0.411789534368984
2026-07-23,TOA.BK,479500.0,11.446957496575465
2026-07-23,TOG.BK,-2101.0,-7.671242880093472
2026-07-23,TOP.BK,11272015.0,40.89136750352983
2026-07-23,TPAC.BK,2000.0,1.7921307538598017
2026-07-23,TPCH.BK,-3500.0,-3.219871205151794
2026-07-23,TPIPL.BK,3121305.0,8.805613149747234
2026-07-23,TPIPP.BK,-137200.0,-3.41524443641248
2026-07-23,TPP.BK,-2000.0,-76.92307692307693
2026-07-23,TQM.BK,-14700.0,-5.10409577644755
2026-07-23,TRC.BK,-100.0,-0.090824046574571
2026-07-23,TRP.BK,400.0,3.7037037037037033
2026-07-23,TRT.BK,1138000.0,26.52507528646149
2026-07-23,TRU.BK,-200.0,-0.2063962188212711
2026-07-23,TRUBB.BK,-2600.0,-0.0734747213047301
2026-07-23,TRUE.BK,-1545862.0,-0.967946556315083
2026-07-23,TSC.BK,-1000.0,-3.7037037037037033
2026-07-23,TSE.BK,-1956300.0,-4.920544635851778
2026-07-23,TSTH.BK,-148700.0,-1.68102452283548
2026-07-23,TTA.BK,454100.0,23.30234393561759
2026-07-23,TTB.BK,7524090.0,2.0346920636538712
2026-07-23,TTW.BK,525399.0,12.340041844424048
2026-07-23,TU.BK,3636099.0,8.647080927458365
2026-07-23,TURBO.BK,296800.0,2.386209829689097
2026-07-23,TVDH-W5.BK,-25.0,-0.2750577621300473
2026-07-23,TVO.BK,-67111.0,-23.82526270945754
2026-07-23,TVT.BK,-60000.0,-26.67733760170735
2026-07-23,TWPC.BK,1000.0,0.1700969552645007
2026-07-23,TWZ.BK,-10000.0,-0.1290838749585156
2026-07-23,TYCN.BK,100.0,1.408252358822701
2026-07-23,UAC.BK,4900.0,2.604997341839447
2026-07-23,UBA.BK,2000.0,0.8378718056137411
2026-07-23,UBE.BK,22800.0,0.2624770116761977
2026-07-23,UBIS.BK,199.0,0.2611411474463282
2026-07-23,UKEM.BK,1631200.0,3.151636979026891
2026-07-23,UMI.BK,-30800.0,-11.462341741531636
2026-07-23,UMS.BK,-48900.0,-0.6847056500818076
2026-07-23,UNIQ.BK,-2300.0,-0.2586013042500562
2026-07-23,UNIX.BK,493099.0,13.196458492624712
2026-07-23,UP.BK,100.0,6.648936170212766
2026-07-23,UREKA.BK,-456800.0,-8.702112662640733
2026-07-23,UTP.BK,-481400.0,-33.20751176817928
2026-07-23,UV.BK,43300.0,3.06829326364363
2026-07-23,UVAN.BK,-45000.0,-9.71014148755052
2026-07-23,VCOM.BK,14300.0,6.343629532035329
2026-07-23,VGI.BK,47215500.0,29.55001773357801
2026-07-23,VIBHA.BK,-43.0,-0.0018976135964455
2026-07-23,VIBHA-W5.BK,-900.0,-0.3775056940442184
2026-07-23,VIH.BK,-1500.0,-1.7139527177576928
2026-07-23,VNG.BK,800.0,0.3773584905660377
2026-07-23,WARRIX.BK,900.0,0.1961639058413252
2026-07-23,WASH.BK,-265200.0,-8.813559322033898
2026-07-23,WAVE.BK,-5300.0,-0.0194992360714381
2026-07-23,WHA.BK,-1166776.0,-1.061446788281423
2026-07-23,WHAUP.BK,-3649500.0,-14.667682050470813
2026-07-23,WICE.BK,-161200.0,-4.961268558206729
2026-07-23,WIIK.BK,-2500.0,-0.4438030011734152
2026-07-23,WORK.BK,-3700.0,-1.9372133447820896
2026-07-23,WP.BK,-400.0,-0.2321316650804336
2026-07-23,WPH.BK,-41100.0,-18.452255350480613
2026-07-23,XBIO.BK,569300.0,11.739250481952627
2026-07-23,XO.BK,-17500.0,-11.699268628578304
2026-07-23,XPG.BK,-81500.0,-0.2390187035801482
2026-07-23,XYZ.BK,-1700.0,-1.3980263157894737
2026-07-23,YGG.BK,4100.0,2.9839883551673942
2026-07-23,YUASA.BK,900.0,4.433497536945813
2026-07-23,ZIGA.BK,400.0,0.0717383272774228
2026-07-24,2S.BK,100.0,0.0896852943022932
2026-07-24,88TH.BK,-3800.0,-1.4143639828489758
2026-07-24,AAI.BK,-7200.0,-0.1290552937406031
2026-07-24,AAV.BK,-179900.0,-0.3611315570545403
2026-07-24,ACE.BK,-20900.0,-0.7709611044589587
2026-07-24,ADB.BK,-124800.0,-1.9918334827208448
2026-07-24,ADVANC.BK,-389735.0,-7.824940264144814
2026-07-24,ADVICE.BK,653600.0,27.278433677012657
2026-07-24,AEONTS.BK,-6500.0,-1.5040099218377612
2026-07-24,AGE.BK,-16100.0,-2.957558122446581
2026-07-24,AH.BK,76700.0,33.85745437851486
2026-07-24,AI.BK,-10.0,-0.0131860017405522
2026-07-24,AIE.BK,56000.0,9.893293760158292
2026-07-24,AIT.BK,22500.0,5.462663303284638
2026-07-24,AJ.BK,384600.0,12.391821269082309
2026-07-24,AJA.BK,4900.0,0.3982117852809546
2026-07-24,AKP.BK,-700.0,-0.1380915744412223
2026-07-24,AKR.BK,18100.0,0.908429776621635
2026-07-24,ALT.BK,-48500.0,-1.8578076184668375
2026-07-24,AMANAH.BK,200.0,0.0096137022174965
2026-07-24,AMARC.BK,-166700.0,-4.789335325298436
2026-07-24,AMARIN.BK,-100.0,-2.079002079002079
2026-07-24,AMATA.BK,-2469795.0,-21.01472267325375
2026-07-24,ANAN.BK,-1300.0,-0.0284819139846197
2026-07-24,AOT.BK,4845400.0,9.145530140546606
2026-07-24,AP.BK,187616.0,4.1319258087455895
2026-07-24,APO.BK,-16700.0,-4.013294337890545
2026-07-24,APURE.BK,100.0,0.0829180520891203
2026-07-24,AQUA.BK,-2100.0,-0.3042525818004798
2026-07-24,ARROW.BK,1.0,0.0029238911142949
2026-07-24,AS.BK,28700.0,7.37156271992685
2026-07-24,ASAP.BK,100.0,0.2169197396963123
2026-07-24,ASEFA.BK,149100.0,29.865993630190495
2026-07-24,ASIA.BK,100.0,2.774694783573807
2026-07-24,ASIAN.BK,168200.0,13.87827711338437
2026-07-24,ASK.BK,110100.0,11.617441145156814
2026-07-24,ASP.BK,563900.0,11.221260816805904
2026-07-24,ASW.BK,-600.0,-0.4615313610559837
2026-07-24,ATLAS.BK,285700.0,12.787489118101885
2026-07-24,AU.BK,27600.0,4.649736683389995
2026-07-24,AUCT.BK,-52800.0,-16.181378543124296
2026-07-24,AURA.BK,-1332800.0,-44.72325639532835
2026-07-24,AWC.BK,-6163500.0,-8.03036934943455
2026-07-24,AYUD.BK,-341.0,-0.9593473062315376
2026-07-24,BA.BK,2054500.0,24.6557762021176
2026-07-24,BAFS.BK,78000.0,21.080853179965622
2026-07-24,BAM.BK,-1032100.0,-19.514240801307174
2026-07-24,BAY.BK,191800.0,6.948842318522179
2026-07-24,BBGI.BK,49700.0,1.1669263488682458
2026-07-24,BBIK.BK,119900.0,5.859146890620625
2026-07-24,BBL.BK,2750511.0,9.1156375560114
2026-07-24,BCH.BK,-1457600.0,-19.679330600332992
2026-07-24,BCP.BK,5723400.0,30.310996736830596
2026-07-24,BCPG.BK,578600.0,13.063596187218083
2026-07-24,BDMS.BK,-5607796.0,-5.036703030296934
2026-07-24,BE8.BK,-44400.0,-3.9342867776064647
2026-07-24,BEAUTY.BK,700.0,0.0207217074686954
2026-07-24,BEC.BK,10000.0,2.331437097827101
2026-07-24,BEM.BK,2348801.0,7.863429350960692
2026-07-24,BEYOND.BK,-300.0,-2.2058823529411766
2026-07-24,BGC.BK,-800.0,-2.36651382931519
2026-07-24,BGRIM.BK,2709300.0,11.618597131480596
2026-07-24,BH.BK,-813600.0,-23.07489414080337
2026-07-24,BIG.BK,-1600.0,-0.3492687186203885
2026-07-24,BIOTEC.BK,-100.0,-0.0051332067142343
2026-07-24,BIZ.BK,40300.0,4.85831326114579
2026-07-24,BJC.BK,4446294.0,19.438691770737236
2026-07-24,BKGI.BK,-1100.0,-0.2847373039518949
2026-07-24,BKIH.BK,-700.0,-16.66269935729588
2026-07-24,BLA.BK,561100.0,37.94754568448959
2026-07-24,BLAND.BK,-814200.0,-0.942919354291791
2026-07-24,BLC.BK,-1700.0,-0.6263794164354589
2026-07-24,BM.BK,3700.0,0.6434390950116079
2026-07-24,BR.BK,-4000.0,-6.790595025889143
2026-07-24,BRI.BK,500.0,0.6719707558327062
2026-07-24,BSBM.BK,-2600.0,-0.2013162988772744
2026-07-24,BSM.BK,1500.0,0.8059749610445435
2026-07-24,BTC.BK,-82200.0,-8.606374580413064
2026-07-24,BTG.BK,-856100.0,-15.585914600621178
2026-07-24,BTS.BK,-18615000.0,-28.595023498150656
2026-07-24,BUI.BK,-1.0,-0.0058820069407681
2026-07-24,BVG.BK,183500.0,39.07580919931857
2026-07-24,BWG.BK,2400.0,0.0302114803625377
2026-07-24,BYD.BK,-29900.0,-2.2768548942861604
2026-07-24,CAZ.BK,-400.0,-0.0958522341957638
2026-07-24,CBG.BK,-621300.0,-7.99333772733185
2026-07-24,CCET.BK,-1112700.0,-5.092504215492334
2026-07-24,CCP.BK,1400.0,0.4771642808452624
2026-07-24,CENTEL.BK,-364200.0,-11.534156875934656
2026-07-24,CFRESH.BK,-800.0,-0.012351197023979
2026-07-24,CHASE.BK,-200.0,-0.0302343159486016
2026-07-24,CHAYO.BK,20000.0,1.0671948569745453
2026-07-24,CHG.BK,-616200.0,-3.2466088690905344
2026-07-24,CHOW.BK,300.0,0.3329633740288568
2026-07-24,CITY.BK,1900.0,67.61565836298932
2026-07-24,CIVIL.BK,0.0,0.0
2026-07-24,CK.BK,-2111300.0,-23.190421113794855
2026-07-24,CKP.BK,-1116000.0,-19.01236877249094
2026-07-24,CMAN.BK,-200000.0,-7.35275195123655
2026-07-24,CMR.BK,-200.0,-0.1212848921474096
2026-07-24,CNT.BK,-54300.0,-7.735208017265325
2026-07-24,COCOCO.BK,-13000.0,-3.230905349385134
2026-07-24,COM7.BK,41400.0,0.6432793698596889
2026-07-24,COMAN.BK,0.0,0.0
2026-07-24,CPALL.BK,-1169211.0,-7.562825942474034
2026-07-24,CPAXT.BK,1116900.0,12.256117634149016
2026-07-24,CPF.BK,475100.0,2.380835213630224
2026-07-24,CPL.BK,-500.0,-1.003129764866383
2026-07-24,CPN.BK,500287.0,4.601551654472345
2026-07-24,CRANE.BK,600.0,0.1168907071887784
2026-07-24,CRC.BK,1001800.0,9.996086579001512
2026-07-24,CREDIT.BK,158100.0,5.82757241615723
2026-07-24,CSC.BK,500.0,19.63864886095837
2026-07-24,CSS.BK,-104100.0,-12.973272068582622
2026-07-24,CTW.BK,-3000.0,-10.51487855315271
2026-07-24,CWT.BK,-600.0,-0.0555864369093941
2026-07-24,DCC.BK,-22300.0,-5.039001419055108
2026-07-24,DELTA.BK,-2093395.0,-15.752116446448284
2026-07-24,DEMCO.BK,-3400.0,-7.606093823404398
2026-07-24,DEXON.BK,-5000.0,-73.50779182593354
2026-07-24,DITTO.BK,122900.0,4.188568037988165
2026-07-24,DMT.BK,-73800.0,-4.53576617572222
2026-07-24,DOD.BK,1400.0,0.6029285099052542
2026-07-24,DOHOME.BK,2939200.0,19.73469485181085
2026-07-24,DPAINT.BK,-3300.0,-0.3558718861209964
2026-07-24,DRT.BK,100.0,0.1368738023542293
2026-07-24,DTCENT.BK,10000.0,1.7241230679045871
2026-07-24,DUSIT.BK,16500.0,8.2789348773965
2026-07-24,EA.BK,-2532600.0,-7.247533310365355
2026-07-24,EA-W1.BK,-5000.0,-0.0991441480563186
2026-07-24,EAST.BK,12100.0,2.4769703172978508
2026-07-24,EASTW.BK,187550.0,9.618106553543443
2026-07-24,EFORL.BK,-231800.0,-27.18073193325594
2026-07-24,EGCO.BK,-34600.0,-3.101600730758646
2026-07-24,EKH.BK,-190300.0,-26.217321341974163
2026-07-24,EMC.BK,1601000.0,93.45630727920144
2026-07-24,EMPIRE.BK,-45300.0,-1.755056150173917
2026-07-24,EP.BK,300.0,0.1974567569702235
2026-07-24,EPG.BK,-1027700.0,-10.055767090547697
2026-07-24,ERW.BK,-1572550.0,-6.692830795252834
2026-07-24,ESTAR.BK,613200.0,49.32428464906318
2026-07-24,ETC.BK,-16500.0,-0.6355684929053222
2026-07-24,EURO.BK,-100000.0,-56.59309564233163
2026-07-24,EVER.BK,1700.0,0.0624415528699974
2026-07-24,FM.BK,42700.0,11.113945268374447
2026-07-24,FORTH.BK,1105500.0,8.026029455346599
2026-07-24,FPT.BK,-5100.0,-5.795454545454545
2026-07-24,FSMART.BK,-35900.0,-1.436327482666048
2026-07-24,FTE.BK,-43800.0,-41.087409241852875
2026-07-24,GABLE.BK,195900.0,30.4287045666356
2026-07-24,GBX.BK,8400.0,0.4706375401792793
2026-07-24,GEL.BK,-1000000.0,-49.580794383487614
2026-07-24,GFPT.BK,-467700.0,-13.03906366308197
2026-07-24,GJS.BK,1300.0,0.3871351995235259
2026-07-24,GLOBAL.BK,-1344800.0,-10.254935969561568
2026-07-24,GPSC.BK,4083000.0,28.002743898549827
2026-07-24,GRAND.BK,1264000.0,57.86750904179829
2026-07-24,GREEN.BK,-1300.0,-1.8457519309404815
2026-07-24,GULF.BK,-1150653.0,-2.523680235359518
2026-07-24,GUNKUL.BK,-2358740.0,-3.9456428869170694
2026-07-24,HANA.BK,-1372600.0,-7.968419839008428
2026-07-24,HARN.BK,-2400.0,-0.6938902959442111
2026-07-24,HENG.BK,-88800.0,-3.2077471428292768
2026-07-24,HFT.BK,-1000.0,-25.634452704434764
2026-07-24,HMPRO.BK,822200.0,3.833381883909046
2026-07-24,HTC.BK,14100.0,12.103315965217988
2026-07-24,HTECH.BK,-45700.0,-5.191311766102438
2026-07-24,HUMAN.BK,-5200.0,-0.3178155801753975
2026-07-24,ICHI.BK,1121500.0,20.382411478269148
2026-07-24,ICN.BK,73300.0,6.050845260982944
2026-07-24,III.BK,400.0,0.0819819967535129
2026-07-24,ILINK.BK,36300.0,9.243673940224244
2026-07-24,ILM.BK,8200.0,5.14064684383091
2026-07-24,IMH.BK,-12300.0,-29.28571428571429
2026-07-24,IND.BK,-300.0,-0.100873904257215
2026-07-24,INET.BK,83400.0,8.927730344006646
2026-07-24,INGRS.BK,300000.0,21.29774243930143
2026-07-24,INOX.BK,3100.0,10.021335747074415
2026-07-24,INSET.BK,1840100.0,26.545085242600237
2026-07-24,IP.BK,300.0,0.0333411499807177
2026-07-24,IROYAL.BK,8000.0,2.611494493010988
2026-07-24,IRPC.BK,-756900.0,-0.409969664953009
2026-07-24,IT.BK,-38900.0,-4.448724165378176
2026-07-24,ITC.BK,-1118406.0,-4.8599803881028105
2026-07-24,ITD.BK,-317000.0,-2.582279404912489
2026-07-24,ITEL.BK,69400.0,1.3847265065385428
2026-07-24,ITEL-W6.BK,50000.0,9.65325507761217
2026-07-24,ITTHI.BK,70000.0,46.0520256312417
2026-07-24,IVL.BK,911300.0,2.7166646643698384
2026-07-24,J.BK,-300.0,-0.0077391374112224
2026-07-24,JAS.BK,-938200.0,-6.702024572899519
2026-07-24,JDF.BK,-400.0,-0.2302555836979047
2026-07-24,JMART.BK,-1945500.0,-11.462452176445996
2026-07-24,JMT.BK,475000.0,5.547151782802031
2026-07-24,JPARK.BK,-29700.0,-7.117113662941166
2026-07-24,JTS.BK,-368500.0,-30.958711915953607
2026-07-24,KAMART.BK,-15200.0,-1.9967946191639736
2026-07-24,KBANK.BK,2774183.0,11.926122245436646
2026-07-24,KBS.BK,-4400.0,-3.981540132114741
2026-07-24,KCC.BK,2800.0,0.9943181818181818
2026-07-24,KCE.BK,-3169264.0,-28.84987435556306
2026-07-24,KCG.BK,-4900.0,-2.407625786163522
2026-07-24,KGEN.BK,-1548000.0,-6.351934077757029
2026-07-24,KGI.BK,1263600.0,13.51311031568127
2026-07-24,KIAT.BK,-300.0,-0.2707581227436823
2026-07-24,KISS.BK,31800.0,8.500332796048147
2026-07-24,KJL.BK,200.0,0.1826150474799123
2026-07-24,KKP.BK,-1314604.0,-12.463266137515122
2026-07-24,KLINIQ.BK,-147700.0,-30.209503005610337
2026-07-24,KSL.BK,-938100.0,-21.258062133093915
2026-07-24,KTB.BK,31671306.0,20.509888875178778
2026-07-24,KTC.BK,-2188900.0,-8.498670900898718
2026-07-24,KTIS.BK,-300.0,-3.4079291150744067
2026-07-24,KUMWEL.BK,200000.0,21.533021965835708
2026-07-24,KWM.BK,-5000.0,-7.440476190476191
2026-07-24,LANNA.BK,-3500.0,-1.7288817099134075
2026-07-24,LEE.BK,199.0,0.5141853134204951
2026-07-24,LEO.BK,100.0,0.0625379136101261
2026-07-24,LH.BK,-2061500.0,-11.753123628493425
2026-07-24,LHFG.BK,956900.0,10.134125452191263
2026-07-24,LOXLEY.BK,1800.0,0.2463492411074767
2026-07-24,LPH.BK,-200.0,-0.3012048192771084
2026-07-24,LPN.BK,-7200.0,-1.4726727168970786
2026-07-24,LST.BK,-300.0,-1.5544041450777202
2026-07-24,LTS.BK,408200.0,13.337572254712995
2026-07-24,M.BK,-201800.0,-11.17808607680198
2026-07-24,MAGURO.BK,20900.0,2.215320691519244
2026-07-24,MAJOR.BK,-182900.0,-5.817135838232099
2026-07-24,MALEE.BK,-12400.0,-2.9622905194758657
2026-07-24,MASTEC.BK,-149700.0,-5.553492523559681
2026-07-24,MASTER.BK,-44400.0,-8.741482468799406
2026-07-24,MBK.BK,318400.0,13.936043888033693
2026-07-24,MC.BK,-97600.0,-19.767689144986683
2026-07-24,MCOT.BK,8900.0,0.9352669188734763
2026-07-24,MCS.BK,-3400.0,-0.8839020636513475
2026-07-24,MDX.BK,-300.0,-0.0130365235589535
2026-07-24,MEB.BK,34400.0,6.546956331420632
2026-07-24,MEDEZE.BK,-14700.0,-10.999371464487744
2026-07-24,MEGA.BK,98700.0,19.475637693942424
2026-07-24,METCO.BK,4100.0,23.809523809523807
2026-07-24,MFC.BK,400.0,3.5961521172345594
2026-07-24,MFEC.BK,-100.0,-0.0575251528730937
2026-07-24,MGC.BK,1186600.0,27.634261733673817
2026-07-24,MGI.BK,900.0,1.25791437796134
2026-07-24,MICRO.BK,-3400.0,-0.6517155453325666
2026-07-24,MIDA.BK,1200.0,0.1142110963694196
2026-07-24,MINT.BK,170400.0,0.2918185484596039
2026-07-24,MJD.BK,27000.0,5.6987513402618895
2026-07-24,ML.BK,186000.0,18.73085374425738
2026-07-24,MMM.BK,-8900.0,-2.1054623737314
2026-07-24,MONO.BK,2600.0,0.0582197954022036
2026-07-24,MORE.BK,-200.0,-0.027314978578228
2026-07-24,MOSHI.BK,3900.0,0.8970548997598653
2026-07-24,MRDIYT.BK,-1622300.0,-33.09058473631253
2026-07-24,MST.BK,1400.0,2.3890784982935154
2026-07-24,MTC.BK,154110.0,1.0519086295414113
2026-07-24,MTI.BK,2600.0,27.993109388458222
2026-07-24,NAT.BK,300.0,0.7771819382917541
2026-07-24,NCAP.BK,768300.0,7.14894253712928
2026-07-24,NCH.BK,-278539.0,-48.84404010788024
2026-07-24,NDR.BK,-800.0,-4.761904761904762
2026-07-24,NEO.BK,185700.0,41.92441414187023
2026-07-24,NER.BK,-1252300.0,-28.162875559355683
2026-07-24,NETBAY.BK,33200.0,5.457689753351876
2026-07-24,NEX.BK,27000.0,0.2788789479446621
2026-07-24,NNCL.BK,1800.0,3.225806451612903
2026-07-24,NOBLE.BK,200.0,0.0781353773548049
2026-07-24,NRF.BK,-400.0,-0.2211166390270867
2026-07-24,NSL.BK,-1400.0,-0.5497267072940881
2026-07-24,NTF.BK,13800.0,5.015045135406218
2026-07-24,NTSC.BK,-100.0,-0.1129815840018076
2026-07-24,NTV.BK,1000.0,7.99744081893794
2026-07-24,NV.BK,-1300.0,-1.1904761904761905
2026-07-24,NVD.BK,-300.0,-0.3865979381443299
2026-07-24,NYT.BK,367800.0,27.492446678257647
2026-07-24,OHTL.BK,100.0,40.0
2026-07-24,OKJ.BK,87000.0,9.735616465948842
2026-07-24,ONEE.BK,-27100.0,-6.827985164879465
2026-07-24,OR.BK,-4024700.0,-19.37468489720518
2026-07-24,ORI.BK,22300.0,0.8630535298308841
2026-07-24,OSP.BK,1048100.0,12.82834460745033
2026-07-24,PACO.BK,-5000.0,-4.71934080247671
2026-07-24,PAP.BK,-4400.0,-4.9326801269044065
2026-07-24,PCC.BK,600.0,0.4316453601720826
2026-07-24,PCE.BK,-343200.0,-10.342586110618058
2026-07-24,PCSGH.BK,900.0,0.5192257766752243
2026-07-24,PDJ.BK,-1.0,-0.0017695669869582
2026-07-24,PHG.BK,9700.0,18.570635422051193
2026-07-24,PIN.BK,163500.0,12.768419909988497
2026-07-24,PIS.BK,-6300.0,-0.1969231230882046
2026-07-24,PK.BK,-600.0,-0.7721808962446268
2026-07-24,PLANB.BK,-4166200.0,-5.488391561788332
2026-07-24,PLANET.BK,-300.0,-0.1328609388839681
2026-07-24,PLAT.BK,1171600.0,15.465568254030272
2026-07-24,PM.BK,6400.0,4.403861636172218
2026-07-24,PMC.BK,29950.0,11.346845993559386
2026-07-24,POLY.BK,-12.0,-0.0241390408754425
2026-07-24,PPPM.BK,1400.0,9.559576647319904
2026-07-24,PQS.BK,226800.0,57.15725806451613
2026-07-24,PR9.BK,-10400.0,-0.4437528347912463
2026-07-24,PREB.BK,-200.0,-0.6191950464396285
2026-07-24,PRIME.BK,-500.0,-0.263758987587502
2026-07-24,PRINC.BK,300.0,0.1622498647917793
2026-07-24,PRM.BK,1785817.0,16.97056531077658
2026-07-24,PROEN.BK,-1000.0,-0.1037339017951151
2026-07-24,PROUD.BK,7000.0,0.6259478639082039
2026-07-24,PRTR.BK,300.0,0.0887043837706459
2026-07-24,PSH.BK,-49700.0,-11.02653245505634
2026-07-24,PSL.BK,-508800.0,-10.910202046735035
2026-07-24,PSP.BK,793000.0,13.314056772951345
2026-07-24,PT.BK,20000.0,18.03263907672888
2026-07-24,PTG.BK,-132600.0,-4.083505532441696
2026-07-24,PTL.BK,63600.0,36.32687331859696
2026-07-24,PTT.BK,-4449100.0,-5.621754328009116
2026-07-24,PTTEP.BK,-2911780.0,-11.45877216197364
2026-07-24,PTTGC.BK,8239900.0,15.307715758277087
2026-07-24,PYLON.BK,11800.0,6.920821114369502
2026-07-24,QH.BK,-1834500.0,-9.193754581529308
2026-07-24,QTC.BK,-24400.0,-55.57959955354092
2026-07-24,QTCG.BK,-200.0,-0.010842459069717
2026-07-24,RABBIT.BK,-105010.0,-0.8417221662775208
2026-07-24,RAM.BK,-800.0,-1.1787240312361869
2026-07-24,RATCH.BK,2545200.0,34.7308739347875
2026-07-24,RBF.BK,426600.0,11.261695294322005
2026-07-24,RCL.BK,-575100.0,-17.976492711565285
2026-07-24,RJH.BK,-29200.0,-19.39593615282935
2026-07-24,ROCTEC.BK,113800.0,0.8787325865393303
2026-07-24,ROJNA.BK,671800.0,14.129748020194729
2026-07-24,RPC.BK,50000.0,1.2069656401021576
2026-07-24,RPH.BK,1000.0,1.9047619047619049
2026-07-24,RS.BK,2300.0,0.5511529880879065
2026-07-24,RWI.BK,-5300.0,-3.341655948147588
2026-07-24,S.BK,17900.0,0.4903484898499232
2026-07-24,S&J.BK,7.0,100.0
2026-07-24,S11.BK,100.0,0.1295336787564767
2026-07-24,SA.BK,-600.0,-4.87685930260912
2026-07-24,SABINA.BK,-5900.0,-2.925919681025163
2026-07-24,SAFE.BK,500.0,0.4459786108658228
2026-07-24,SAK.BK,193600.0,15.539541551417743
2026-07-24,SALEE.BK,-5000.0,-0.6429958462468333
2026-07-24,SAMART.BK,-84400.0,-10.23514146081178
2026-07-24,SANKO.BK,262300.0,13.302552690381692
2026-07-24,SAPPE.BK,-68900.0,-11.882854713561114
2026-07-24,SAT.BK,44500.0,8.372987425466299
2026-07-24,SAV.BK,-18700.0,-4.993324432576769
2026-07-24,SAWAD.BK,488100.0,1.9188736695111417
2026-07-24,SC.BK,-1882700.0,-27.965103852030776
2026-07-24,SCAP.BK,-511800.0,-6.520420522533097
2026-07-24,SCB.BK,1044900.0,2.566040360285917
2026-07-24,SCC.BK,134964.0,1.9834681594163817
2026-07-24,SCCC.BK,-1900.0,-4.305753846851134
2026-07-24,SCG.BK,-400.0,-0.7883326763894364
2026-07-24,SCGD.BK,-35000.0,-4.3252755509474206
2026-07-24,SCGP.BK,-1707728.0,-18.28756573006852
2026-07-24,SCM.BK,45700.0,26.914016489988224
2026-07-24,SCN.BK,-200.0,-0.1694915254237288
2026-07-24,SCP.BK,-1500.0,-3.066794790537916
2026-07-24,SEAFCO.BK,40700.0,8.640950462089156
2026-07-24,SEAOIL.BK,-16000.0,-0.6949973655256113
2026-07-24,SFLEX.BK,-26500.0,-12.139257901969764
2026-07-24,SGC.BK,-6471200.0,-12.29022276997372
2026-07-24,SGF.BK,-1100.0,-0.0422963048410043
2026-07-24,SGP.BK,-1200.0,-0.5080440304826418
2026-07-24,SHR.BK,-717300.0,-34.161014438779254
2026-07-24,SICT.BK,-16600.0,-0.5720350664387716
2026-07-24,SIMAT.BK,57800.0,19.720232002729443
2026-07-24,SINGER.BK,292800.0,3.701282251593145
2026-07-24,SINO.BK,100.0,0.03149596379224
2026-07-24,SIRI.BK,-4161800.0,-9.732042163047272
2026-07-24,SIS.BK,219500.0,29.676559303770343
2026-07-24,SISB.BK,146900.0,3.612335646719967
2026-07-24,SITHAI.BK,-1761600.0,-76.37420237602849
2026-07-24,SJWD.BK,123400.0,5.1560412800854385
2026-07-24,SKE.BK,-100.0,-0.0491400491400491
2026-07-24,SKY.BK,176500.0,7.407158714637636
2026-07-24,SMD100.BK,295.0,0.7651407080793671
2026-07-24,SMIT.BK,-40400.0,-45.92474707286575
2026-07-24,SMO.BK,-170700.0,-29.686956521739138
2026-07-24,SMPC.BK,-900.0,-0.764733872612331
2026-07-24,SMT.BK,13789700.0,22.826825675933733
2026-07-24,SNC.BK,-20700.0,-2.5190234950659995
2026-07-24,SNNP.BK,-86100.0,-13.036408068340457
2026-07-24,SO.BK,3600.0,23.1809401159047
2026-07-24,SOLAR.BK,300.0,0.0183272028839686
2026-07-24,SPA.BK,-499600.0,-21.753442408240183
2026-07-24,SPACK.BK,-7700.0,-8.191489361702127
2026-07-24,SPALI.BK,139200.0,13.481317915044452
2026-07-24,SPCG.BK,75600.0,17.604157934445468
2026-07-24,SPRC.BK,8850220.0,13.716120010989982
2026-07-24,SPVI.BK,40000.0,11.167070542384616
2026-07-24,SQ.BK,252000.0,99.39260077305356
2026-07-24,SRICHA.BK,-22575.0,-9.9051388255116
2026-07-24,SSF.BK,-100.0,-19.49317738791423
2026-07-24,SSP.BK,-384000.0,-23.73893110517088
2026-07-24,STA.BK,-3211000.0,-17.33186819403013
2026-07-24,STANLY.BK,-800.0,-3.972786413070467
2026-07-24,STARM.BK,-3000.0,-59.76095617529881
2026-07-24,STECON.BK,-2328300.0,-16.31548169842742
2026-07-24,STELLA.BK,-19700.0,-3.4953805972665055
2026-07-24,STGT.BK,-127300.0,-8.17743426415618
2026-07-24,STOWER.BK,-200.0,-0.3352329869259135
2026-07-24,STPI.BK,7734500.0,6.473923726606951
2026-07-24,STX.BK,-110000.0,-25.374563153827523
2026-07-24,SUN.BK,-33400.0,-11.28839829795288
2026-07-24,SUPER.BK,14075700.0,77.1680836836517
2026-07-24,SUSCO.BK,-18400.0,-2.1388335452793386
2026-07-24,SVOA.BK,-74700.0,-4.054447924768552
2026-07-24,SVT.BK,-200.0,-0.076628058896326
2026-07-24,SYMC.BK,100.0,0.1959823615874571
2026-07-24,SYNEX.BK,-186800.0,-5.683265066204866
2026-07-24,SYNTEC.BK,-25300.0,-1.8578352180936992
2026-07-24,TACC.BK,587300.0,44.632170272527546
2026-07-24,TAE.BK,-971900.0,-26.139441913905248
2026-07-24,TAKUNI.BK,-6800.0,-1.436720895837735
2026-07-24,TASCO.BK,255800.0,4.185257357332299
2026-07-24,TCAP.BK,323314.0,5.52912438058703
2026-07-24,TCC.BK,-200.0,-0.0540102619497704
2026-07-24,TCJ.BK,9100.0,15.392422192151557
2026-07-24,TCMC.BK,-200.0,-0.0124153737089563
2026-07-24,TEAM.BK,250100.0,1.9579947878664137
2026-07-24,TEAMG.BK,-464000.0,-3.775072092486663
2026-07-24,TEGH.BK,-257800.0,-14.486604947810571
2026-07-24,TFG.BK,-734000.0,-9.70807655096112
2026-07-24,TFM.BK,-29300.0,-4.668906041851245
2026-07-24,TFMAMA.BK,2700.0,28.556319407720785
2026-07-24,TGE.BK,51700.0,0.5467498050683601
2026-07-24,TH.BK,1500.0,0.3232062055591467
2026-07-24,THAI.BK,-3853390.0,-32.468296270307064
2026-07-24,THANI.BK,5148100.0,14.987128292304345
2026-07-24,THCOM.BK,-324100.0,-19.56519508147537
2026-07-24,THG.BK,-28500.0,-7.163467822205242
2026-07-24,THIP.BK,500.0,6.7503712704198735
2026-07-24,THRE.BK,-300.0,-0.09426906906152
2026-07-24,TIDLOR.BK,-1851400.0,-9.671268799005396
2026-07-24,TIPCO.BK,200.0,0.4516609832659606
2026-07-24,TIPH.BK,32700.0,17.663263652568464
2026-07-24,TISCO.BK,991100.0,29.717080559944037
2026-07-24,TITLE.BK,-139200.0,-13.019079685746352
2026-07-24,TK.BK,100.0,1.0091835704914724
2026-07-24,TKC.BK,400.0,0.516795865633075
2026-07-24,TKN.BK,17700.0,1.477135692021381
2026-07-24,TKS.BK,8100.0,3.984024553395766
2026-07-24,TLI.BK,1826200.0,20.00091779482598
2026-07-24,TMAN.BK,-26700.0,-11.312360978709885
2026-07-24,TMT.BK,100.0,0.1497005988023952
2026-07-24,TMW.BK,-19100.0,-14.831956265142573
2026-07-24,TNDT-W2.BK,-67.0,-0.0858985371607328
2026-07-24,TNP.BK,500.0,0.3823623877766392
2026-07-24,TNR.BK,-100.0,-0.049480455220188
2026-07-24,TOA.BK,596700.0,14.605354366479595
2026-07-24,TOP.BK,1666200.0,6.603736306967282
2026-07-24,TPAC.BK,400.0,0.4156664692250938
2026-07-24,TPCH.BK,800.0,0.3685243364258667
2026-07-24,TPIPL.BK,-4015300.0,-14.73586188681054
2026-07-24,TPIPP.BK,-24000.0,-0.86575714069275
2026-07-24,TPL.BK,50000.0,15.220700152207002
2026-07-24,TPOLY.BK,26000.0,5.417795374036258
2026-07-24,TQM.BK,222300.0,18.74524096024879
2026-07-24,TRITN.BK,-52000.0,-0.455190081688237
2026-07-24,TRP.BK,300.0,0.5714285714285714
2026-07-24,TRT.BK,4900.0,0.1472250039735728
2026-07-24,TRU.BK,-100.0,-1.1492931846914147
2026-07-24,TRUBB.BK,1600.0,0.0508872510261732
2026-07-24,TRUE.BK,14626106.0,8.724082896081066
2026-07-24,TSE.BK,96000.0,0.4071150651784858
2026-07-24,TSTH.BK,-566000.0,-14.6967140899683
2026-07-24,TTA.BK,2800.0,0.1297931930886978
2026-07-24,TTB.BK,93740000.0,11.179037164912982
2026-07-24,TTW.BK,877000.0,35.202829713436124
2026-07-24,TU.BK,1355000.0,5.021270174574185
2026-07-24,TURBO.BK,179200.0,3.097746700433028
2026-07-24,TVO.BK,182400.0,17.321114856844407
2026-07-24,TWPC.BK,600.0,0.2462932860450224
2026-07-24,UAC.BK,19900.0,15.435929258454856
2026-07-24,UBA.BK,2000.0,0.6542361792607131
2026-07-24,UBE.BK,-89100.0,-0.4461244627166877
2026-07-24,UBIS.BK,500.0,0.7703685443115986
2026-07-24,UKEM.BK,2013000.0,5.6593299297135395
2026-07-24,UMI.BK,-300.0,-0.3424657534246575
2026-07-24,UMS.BK,-2200.0,-0.0472649695678048
2026-07-24,UNIQ.BK,100.0,0.0587164582232399
2026-07-24,UNIX.BK,-374700.0,-10.639527306274426
2026-07-24,UREKA.BK,146800.0,2.220440760516086
2026-07-24,UTP.BK,-4500.0,-1.175008355614973
2026-07-24,UV.BK,-12100.0,-0.4893630272886619
2026-07-24,UVAN.BK,-21100.0,-3.6940293281418506
2026-07-24,VCOM.BK,-5400.0,-7.637366522876741
2026-07-24,VGI.BK,-23635531.0,-14.146887734868224
2026-07-24,VIBHA.BK,-21302.0,-4.7162751566409105
2026-07-24,VIBHA-W5.BK,-2083.0,-3.002955380955813
2026-07-24,VIH.BK,-27600.0,-8.324762246599967
2026-07-24,WARRIX.BK,100500.0,11.703806357321284
2026-07-24,WASH.BK,-36700.0,-12.62904335856848
2026-07-24,WFX.BK,-200.0,-0.1096413084593751
2026-07-24,WHA.BK,-8908545.0,-4.182184334008618
2026-07-24,WHAUP.BK,4923000.0,17.480960560140684
2026-07-24,WICE.BK,-170800.0,-6.96271523065421
2026-07-24,WIIK.BK,26600.0,2.640198511166253
2026-07-24,WORK.BK,-1300.0,-2.433317735142724
2026-07-24,WP.BK,-200.0,-0.7052683546089287
2026-07-24,WPH.BK,-44800.0,-24.313470096602625
2026-07-24,XBIO.BK,490700.0,49.59571457448959
2026-07-24,XO.BK,720100.0,29.182485159524973
2026-07-24,XPG.BK,-3054600.0,-8.620899865479418
2026-07-24,YGG.BK,-4200.0,-1.2004150006144982
2026-07-24,YUASA.BK,-200.0,-1.4592149423610097
2026-07-24,ZIGA.BK,1200.0,0.0900291919654948
2026-07-27,88TH.BK,-29400.0,-12.599964000102856
2026-07-27,A5.BK,-1000.0,-2.638522427440633
2026-07-27,AAI.BK,-692200.0,-27.43313520073113
2026-07-27,AAV.BK,600800.0,1.5794053118386997
2026-07-27,ACE.BK,-4500.0,-0.1768382036539488
2026-07-27,ADB.BK,617000.0,23.028394346137297
2026-07-27,ADVANC.BK,-878200.0,-17.188301542543392
2026-07-27,ADVICE.BK,-560300.0,-25.15504721678236
2026-07-27,AE.BK,-1200.0,-0.4190807463828093
2026-07-27,AEONTS.BK,29900.0,9.834199992764134
2026-07-27,AGE.BK,16500.0,2.1775853877421736
2026-07-27,AH.BK,30200.0,4.62662238182197
2026-07-27,AIE.BK,22400.0,3.770085382335467
2026-07-27,AIT.BK,42700.0,11.016170809985242
2026-07-27,AJ.BK,512200.0,13.388270024834432
2026-07-27,AJA.BK,2600.0,0.3212220274298902
2026-07-27,AKP.BK,-900.0,-0.7281494486290564
2026-07-27,AKR.BK,-500.0,-0.1052403373584254
2026-07-27,ALPHAX.BK,-5400.0,-0.2122382885733263
2026-07-27,ALT.BK,35300.0,2.614772203712236
2026-07-27,ALUCON.BK,-400.0,-100.0
2026-07-27,AMANAH.BK,-1900.0,-0.0668000793163047
2026-07-27,AMARC.BK,56400.0,1.8949798154410615
2026-07-27,AMATA.BK,3846613.0,17.383784914327777
2026-07-27,ANAN.BK,-2100.0,-0.5494491118547571
2026-07-27,AOT.BK,4914100.0,8.193534619071837
2026-07-27,AP.BK,-121200.0,-1.506214813821534
2026-07-27,APO.BK,-22700.0,-3.9272880778260473
2026-07-27,APURE.BK,334.0,0.3131709969901829
2026-07-27,AQUA.BK,-100.0,-0.1337130784762057
2026-07-27,AS.BK,-3500.0,-0.2347951680496102
2026-07-27,ASEFA.BK,7000.0,1.1097529848391887
2026-07-27,ASIA.BK,100.0,4.761904761904762
2026-07-27,ASIAN.BK,-13300.0,-8.115942028985506
2026-07-27,ASK.BK,-94600.0,-8.864110192321206
2026-07-27,ASN.BK,-100.0,-0.0764525993883792
2026-07-27,ASP.BK,211800.0,8.019179393359302
2026-07-27,ASW.BK,-900.0,-0.5475018706313913
2026-07-27,ATLAS.BK,393400.0,18.888017199906663
2026-07-27,AU.BK,21500.0,5.334100782252083
2026-07-27,AUCT.BK,-48800.0,-24.521996934750383
2026-07-27,AURA.BK,-2042100.0,-44.58895235067472
2026-07-27,AWC.BK,46369300.0,18.345166177114606
2026-07-27,AYUD.BK,599.0,2.2543374355500356
2026-07-27,B.BK,-100.0,-0.0033938271713875
2026-07-27,BA.BK,4942300.0,35.888225782055514
2026-07-27,BAFS.BK,-93200.0,-38.157781608113034
2026-07-27,BAM.BK,1099000.0,2.446746092631091
2026-07-27,BAY.BK,-77700.0,-2.5685373023019644
2026-07-27,BBGI.BK,-292800.0,-19.27547137019767
2026-07-27,BBIK.BK,43300.0,1.7719953527068764
2026-07-27,BBL.BK,1664747.0,5.858396211571834
2026-07-27,BCH.BK,11100.0,0.1557870248215045
2026-07-27,BCP.BK,4559600.0,36.72996051827299
2026-07-27,BCPG.BK,-729000.0,-5.644470374079725
2026-07-27,BDMS.BK,5061075.0,13.156547072367214
2026-07-27,BE8.BK,-31300.0,-4.428716761631748
2026-07-27,BEAUTY.BK,1600000.0,15.930860067307885
2026-07-27,BEC.BK,4900.0,1.0486644509171532
2026-07-27,BEM.BK,2050315.0,8.03325350028545
2026-07-27,BGRIM.BK,-545600.0,-1.942053895697468
2026-07-27,BH.BK,124398.0,2.8108534127675804
2026-07-27,BIG.BK,-1200.0,-0.0689932731558673
2026-07-27,BIOTEC.BK,11600.0,0.6725378447481172
2026-07-27,BIZ.BK,19100.0,10.790533707706476
2026-07-27,BJC.BK,8938389.0,28.818089647569582
2026-07-27,BKGI.BK,-4900.0,-0.8962376310061639
2026-07-27,BKIH.BK,400.0,28.530670470756064
2026-07-27,BLA.BK,59300.0,4.675549948750295
2026-07-27,BLAND.BK,-3608300.0,-4.7745368128326655
2026-07-27,BLC.BK,20500.0,5.549539794260964
2026-07-27,BM.BK,-700.0,-0.1195841205954605
2026-07-27,BR.BK,-900.0,-0.2457673402512288
2026-07-27,BRI.BK,400.0,0.0513015853472411
2026-07-27,BSBM.BK,-4800.0,-0.1934079323845868
2026-07-27,BSM.BK,800.0,0.6854009595613434
2026-07-27,BTC.BK,-59000.0,-3.1986589486821253
2026-07-27,BTG.BK,-492400.0,-17.119185899965405
2026-07-27,BTS.BK,-14281600.0,-32.60314428945938
2026-07-27,BTW.BK,-200.0,-0.5405405405405406
2026-07-27,BUI.BK,-550.0,-4.417670682730924
2026-07-27,BWG.BK,-70900.0,-0.6988251064500868
2026-07-27,BWG-W7.BK,-33.0,-0.0004907868160383
2026-07-27,BYD.BK,11700.0,0.7712849937605021
2026-07-27,CAZ.BK,3800.0,1.3471355643788996
2026-07-27,CBG.BK,-288200.0,-3.83853537898944
2026-07-27,CCET.BK,-7974160.0,-18.996122477031328
2026-07-27,CCP.BK,1000.0,1.0683760683760684
2026-07-27,CEN.BK,-100.0,-0.2409638554216867
2026-07-27,CENTEL.BK,1890687.0,22.666422581652192
2026-07-27,CFARM.BK,-44400.0,-5.202706344723823
2026-07-27,CFRESH.BK,4200.0,0.0241515766753043
2026-07-27,CGH.BK,-200.0,-0.0147199095608756
2026-07-27,CHASE.BK,-300.0,-0.0538110800601249
2026-07-27,CHAYO.BK,448800.0,17.4061906001141
2026-07-27,CHEWA.BK,-2000.0,-28.57142857142857
2026-07-27,CHG.BK,1554300.0,14.932856906376664
2026-07-27,CHOW.BK,100.0,0.6578947368421052
2026-07-27,CIVIL.BK,1600.0,0.1764446404940449
2026-07-27,CK.BK,-2182300.0,-16.241884174668094
2026-07-27,CKP.BK,-1565900.0,-34.17824767017587
2026-07-27,CMAN.BK,-200000.0,-23.36170222707107
2026-07-27,CMO.BK,10000.0,2.519526329050138
2026-07-27,CMR.BK,-100.0,-0.1950268161872257
2026-07-27,CNT.BK,207700.0,4.196124897849511
2026-07-27,COCOCO.BK,-314400.0,-46.52057470073835
2026-07-27,COM7.BK,3219500.0,13.458295315756605
2026-07-27,COMAN.BK,100.0,100.0
2026-07-27,CPALL.BK,-2061240.0,-11.104947203228711
2026-07-27,CPAXT.BK,364500.0,7.791588162942309
2026-07-27,CPF.BK,-3159300.0,-15.808586454773998
2026-07-27,CPL.BK,-1300.0,-0.8915712228242233
2026-07-27,CPN.BK,3548500.0,26.818953884701095
2026-07-27,CPR.BK,-2600.0,-8.249777890595253
2026-07-27,CRANE.BK,700.0,0.2291325695581014
2026-07-27,CRC.BK,5567400.0,18.47532354298924
2026-07-27,CREDIT.BK,330700.0,10.194151263695597
2026-07-27,CSS.BK,-30100.0,-3.118847787794011
2026-07-27,CTW.BK,-3800.0,-3.47985347985348
2026-07-27,CWT.BK,6200.0,0.611439842209073
2026-07-27,DCC.BK,-28500.0,-8.75457695426732
2026-07-27,DCON.BK,600.0,0.4243281471004243
2026-07-27,DELTA.BK,-8367612.0,-29.706043507597222
2026-07-27,DEMCO.BK,-2400.0,-3.167062549485352
2026-07-27,DITTO.BK,-167300.0,-7.303995979964436
2026-07-27,DMT.BK,-32500.0,-7.244777629910009
2026-07-27,DOD.BK,600.0,0.3610108303249097
2026-07-27,DOHOME.BK,2834993.0,23.616695503819916
2026-07-27,DRT.BK,100.0,0.0958396028406858
2026-07-27,DTCENT.BK,-15000.0,-3.4722061471937633
2026-07-27,DUSIT.BK,-3300.0,-4.182350480970305
2026-07-27,EA.BK,-6905200.0,-19.529880048999487
2026-07-27,EAST.BK,100.0,0.0157454279213673
2026-07-27,EASTW.BK,-503800.0,-10.653611094135163
2026-07-27,EFORL.BK,11000.0,1.365323271314558
2026-07-27,EGCO.BK,-169200.0,-10.808580172898957
2026-07-27,EKH.BK,-12800.0,-14.401602178242328
2026-07-27,EMC.BK,82000.0,58.32147937411095
2026-07-27,EMPIRE.BK,-116500.0,-9.19061815387698
2026-07-27,EP.BK,200.0,0.2481389578163771
2026-07-27,EPG.BK,519801.0,2.7568302220140373
2026-07-27,ERW.BK,13878400.0,25.82896577142791
2026-07-27,ESTAR.BK,2001700.0,64.10564348717791
2026-07-27,ETC.BK,6400.0,0.93185789167152
2026-07-27,FM.BK,63000.0,21.347031576664648
2026-07-27,FN.BK,-1100.0,-26.82926829268293
2026-07-27,FORTH.BK,-1255800.0,-9.123915899262611
2026-07-27,FPI.BK,-1000.0,-0.6285315617123713
2026-07-27,FPT.BK,-100.0,-0.0776819700147595
2026-07-27,FSMART.BK,85400.0,3.61248753184192
2026-07-27,FSX.BK,-5800.0,-11.576615237220814
2026-07-27,GABLE.BK,58300.0,15.5177002927868
2026-07-27,GBX.BK,-5000.0,-0.1968132006549943
2026-07-27,GFPT.BK,-799400.0,-11.70112624437906
2026-07-27,GLOBAL.BK,3856600.0,17.58053444715314
2026-07-27,GPSC.BK,-1155900.0,-11.813046656168906
2026-07-27,GRAND.BK,-1000.0,-0.0718184429761562
2026-07-27,GREEN.BK,-300.0,-0.0497332639278005
2026-07-27,GULF.BK,-6851500.0,-14.01530930395615
2026-07-27,GUNKUL.BK,-2018190.0,-3.4180677463300175
2026-07-27,GYT.BK,-100.0,-100.0
2026-07-27,HANA.BK,-4162534.0,-27.769917389423593
2026-07-27,HENG.BK,223800.0,3.2984913602518526
2026-07-27,HFT.BK,-300.0,-0.5366726296958855
2026-07-27,HL.BK,1700.0,2.333754324309483
2026-07-27,HMPRO.BK,10837905.0,13.728402767659112
2026-07-27,HTC.BK,-100.0,-0.2207749199690915
2026-07-27,HTECH.BK,28500.0,10.23339317773788
2026-07-27,HUMAN.BK,14100.0,0.4688522496927521
2026-07-27,ICHI.BK,558096.0,13.944772209601346
2026-07-27,ICN.BK,114000.0,18.73003772295317
2026-07-27,IFS.BK,-500.0,-3.4223134839151266
2026-07-27,IIG.BK,500.0,0.4757373929590865
2026-07-27,III.BK,-1000.0,-0.1256867208208851
2026-07-27,ILINK.BK,22100.0,5.747724317295189
2026-07-27,ILM.BK,-20400.0,-9.13561007066663
2026-07-27,INET.BK,-51500.0,-4.084708121827411
2026-07-27,INSET.BK,-780100.0,-5.24560365493705
2026-07-27,INSURE.BK,200.0,22.22222222222222
2026-07-27,IP.BK,300.0,0.0787345778645607
2026-07-27,IRCP.BK,-100.0,-0.0225017438851511
2026-07-27,IROYAL.BK,26700.0,9.737382431136284
2026-07-27,IRPC.BK,11857000.0,9.754280244724583
2026-07-27,IT.BK,100.0,0.0313651689798478
2026-07-27,ITC.BK,-6270300.0,-44.1699012937992
2026-07-27,ITD.BK,-218000.0,-4.149877588129218
2026-07-27,ITEL.BK,-176300.0,-7.021350401228557
2026-07-27,ITTHI.BK,100000.0,38.66901258676359
2026-07-27,IVL.BK,3281718.0,11.46586769976886
2026-07-27,J.BK,-6800.0,-0.3810420379024756
2026-07-27,JAS.BK,-90600.0,-0.4648263204158646
2026-07-27,JCK.BK,-46400.0,-7.141647812100784
2026-07-27,JDF.BK,-7000.0,-1.1362271415446843
2026-07-27,JMART.BK,-464000.0,-3.4752980086767105
2026-07-27,JMT.BK,1921700.0,14.85100960512636
2026-07-27,JPARK.BK,33400.0,4.336794978666604
2026-07-27,JR.BK,400.0,4.651162790697675
2026-07-27,JTS.BK,-10385.0,-1.8444810321278935
2026-07-27,JUBILE.BK,-14002.0,-5.933000567791798
2026-07-27,KAMART.BK,5600.0,0.4860001579500513
2026-07-27,KBANK.BK,655120.0,3.6031544871736343
2026-07-27,KBS.BK,-7700.0,-5.987325531666732
2026-07-27,KCAR.BK,500.0,5.728689275893675
2026-07-27,KCC.BK,8600.0,1.4296781229323696
2026-07-27,KCE.BK,-3309484.0,-31.575409206210697
2026-07-27,KCG.BK,-600.0,-0.1655578886954314
2026-07-27,KCM.BK,-100.0,-0.1663893510815307
2026-07-27,KGEN.BK,-142000.0,-1.4173908668922248
2026-07-27,KGI.BK,-1123320.0,-6.551865729097162
2026-07-27,KIAT.BK,0.0,0.0
2026-07-27,KISS.BK,-7200.0,-0.9374511744179992
2026-07-27,KJL.BK,100.0,0.0966930961129375
2026-07-27,KKP.BK,-1285000.0,-11.860415553887409
2026-07-27,KLINIQ.BK,-105200.0,-25.030693531040914
2026-07-27,KSL.BK,-460200.0,-11.028164234815064
2026-07-27,KTB.BK,8363575.0,9.52634093080543
2026-07-27,KTC.BK,1751900.0,6.045543833056995
2026-07-27,KUMWEL.BK,-61300.0,-18.455017024979
2026-07-27,LALIN.BK,100.0,0.2145922746781116
2026-07-27,LANNA.BK,-674.0,-0.3232086853942282
2026-07-27,LEE.BK,100.0,0.0574564049527421
2026-07-27,LH.BK,946100.0,4.929923798520616
2026-07-27,LHFG.BK,162300.0,1.4315196458651485
2026-07-27,LHK.BK,4100.0,2.209051724137931
2026-07-27,LOXLEY.BK,-1800.0,-0.3109071406733903
2026-07-27,LPH.BK,-100.0,-0.0871072551632825
2026-07-27,LPN.BK,-13700.0,-7.236195768145949
2026-07-27,LTS.BK,556300.0,13.039964220382194
2026-07-27,M.BK,-72800.0,-6.734224754751191
2026-07-27,MADAME.BK,-200.0,-0.0314597480388779
2026-07-27,MADAME-W6.BK,-50000.0,-7.742335088262619
2026-07-27,MAGURO.BK,581397.0,27.356962204001928
2026-07-27,MAJOR.BK,-27100.0,-2.325854837477675
2026-07-27,MALEE.BK,-6400.0,-3.3120808147718805
2026-07-27,MASTEC.BK,-39400.0,-1.9297455086887527
2026-07-27,MASTER.BK,-30300.0,-6.9282163615660055
2026-07-27,MATCH.BK,2.0,0.1063829787234042
2026-07-27,MBK.BK,54800.0,4.041855329606664
2026-07-27,MC.BK,-28600.0,-3.382525824283697
2026-07-27,MCOT.BK,8800.0,2.3255813953488373
2026-07-27,MCS.BK,2800.0,0.9569214470019308
2026-07-27,MDX.BK,3100.0,0.4677106168801287
2026-07-27,MEB.BK,-63600.0,-29.957042731177935
2026-07-27,MEDEZE.BK,4200.0,1.3676282395693926
2026-07-27,MEGA.BK,151500.0,17.816696184757376
2026-07-27,METCO.BK,1600.0,56.29838142153413
2026-07-27,MFC.BK,6800.0,17.52486985206948
2026-07-27,MGC.BK,468000.0,2.539565949109052
2026-07-27,MGI.BK,-300.0,-0.5411255411255411
2026-07-27,MICRO.BK,157600.0,0.8213408535357474
2026-07-27,MIDA.BK,2200.0,0.5026273703449852
2026-07-27,MINT.BK,22847814.0,29.315149273293244
2026-07-27,ML.BK,-240500.0,-9.5607501193603
2026-07-27,MODERN.BK,-17200.0,-72.26890756302521
2026-07-27,MONO.BK,73400.0,0.6299602936198583
2026-07-27,MORE.BK,-200.0,-0.0520562207183758
2026-07-27,MOSHI.BK,19600.0,5.317850069186314
2026-07-27,MRDIYT.BK,-286200.0,-6.91392024350914
2026-07-27,MST.BK,400.0,0.2383790226460071
2026-07-27,MTC.BK,775600.0,4.315651034543237
2026-07-27,MTI.BK,-100.0,-0.4816491667469416
2026-07-27,NCAP.BK,2862500.0,14.591016979865923
2026-07-27,NCH.BK,-100.0,-0.0320614553977063
2026-07-27,NDR.BK,-700.0,-0.1621083346842361
2026-07-27,NEO.BK,100300.0,13.092866672062195
2026-07-27,NER.BK,-1218200.0,-35.70006203992065
2026-07-27,NETBAY.BK,-168300.0,-34.5950345950346
2026-07-27,NEX.BK,-29300.0,-0.3945436099959306
2026-07-27,NNCL.BK,-100.0,-0.0564968559499663
2026-07-27,NOBLE.BK,200.0,0.0864532136820856
2026-07-27,NRF.BK,-300.0,-0.3130543671084211
2026-07-27,NSL.BK,-1700.0,-0.6323534334931576
2026-07-27,NTF.BK,-18800.0,-4.9656367372597074
2026-07-27,NTSC.BK,-3000.0,-5.928853754940711
2026-07-27,NTV.BK,1000.0,15.144631228229594
2026-07-27,NV.BK,-300.0,-0.2870813397129186
2026-07-27,NVD.BK,-100.0,-0.1336898395721925
2026-07-27,NYT.BK,-390300.0,-25.585842369446976
2026-07-27,OKJ.BK,-38500.0,-10.93181669756916
2026-07-27,ONEE.BK,-32900.0,-18.612176549788988
2026-07-27,ONSENS.BK,6000.0,0.6325110689437065
2026-07-27,OR.BK,-3582500.0,-21.35174134551194
2026-07-27,ORI.BK,-52000.0,-2.279699886278048
2026-07-27,OSP.BK,1288600.0,15.11526415290651
2026-07-27,PACO.BK,100.0,0.0227426757212839
2026-07-27,PAP.BK,-10200.0,-0.4688676478564934
2026-07-27,PCC.BK,-600.0,-0.07930727736795
2026-07-27,PCE.BK,-33900.0,-2.059663406039249
2026-07-27,PCSGH.BK,-100.0,-0.1180623605388366
2026-07-27,PDJ.BK,-10.0,-0.0300066014523195
2026-07-27,PEER.BK,500000.0,42.52008010783092
2026-07-27,PERM.BK,-100.0,-0.4672897196261681
2026-07-27,PF.BK,-200.0,-0.0080191754523416
2026-07-27,PHG.BK,1000.0,5.308419152776303
2026-07-27,PHOL.BK,20000.0,7.50911418734489
2026-07-27,PIN.BK,104900.0,10.89724078539084
2026-07-27,PIS.BK,174400.0,11.98279534429924
2026-07-27,PK.BK,700.0,0.5998286203941731
2026-07-27,PLANB.BK,662200.0,2.3357910167565668
2026-07-27,PLANET.BK,-300.0,-0.2148997134670487
2026-07-27,PLAT.BK,43600.0,1.053668457903045
2026-07-27,PLE.BK,-600.0,-0.085427615046081
2026-07-27,PLUS.BK,500.0,0.1341633573038531
2026-07-27,PM.BK,500.0,0.7538180886188545
2026-07-27,PMC.BK,-30000.0,-8.41528889686783
2026-07-27,POLY.BK,-200.0,-0.301659125188537
2026-07-27,PORT.BK,5000.0,1.0011453102349088
2026-07-27,PPPM.BK,1300.0,0.4636002482044405
2026-07-27,PQS.BK,3800.0,11.47689519782543
2026-07-27,PR9.BK,119000.0,5.837173277715046
2026-07-27,PRG.BK,2990.0,4.37057826112378
2026-07-27,PRI.BK,100.0,0.1275493935026339
2026-07-27,PRINC.BK,100.0,0.1464107406919371
2026-07-27,PRM.BK,1693220.0,19.6516298810343
2026-07-27,PSGC.BK,-7.0,-0.0292007341898882
2026-07-27,PSH.BK,-173900.0,-12.446722088816202
2026-07-27,PSL.BK,136700.0,4.603420540145902
2026-07-27,PSP.BK,-385600.0,-22.10451491596157
2026-07-27,PT.BK,19645.0,5.999224330374185
2026-07-27,PTG.BK,143300.0,5.2454739027607005
2026-07-27,PTL.BK,478110.0,57.181915057748824
2026-07-27,PTT.BK,-23856227.0,-18.43551749170541
2026-07-27,PTTEP.BK,6969500.0,28.874871441672884
2026-07-27,PTTGC.BK,6694235.0,16.93255459469506
2026-07-27,PYLON.BK,-74800.0,-19.047522039612737
2026-07-27,QH.BK,1658900.0,10.108036379425547
2026-07-27,QLT.BK,0.0,0.0
2026-07-27,QTCG.BK,-200.0,-0.0299429437207401
2026-07-27,RABBIT.BK,-55000.0,-0.8101474055839484
2026-07-27,RATCH.BK,17800.0,0.3952226024697859
2026-07-27,RBF.BK,179400.0,10.810530686179456
2026-07-27,RCL.BK,-606700.0,-16.929685577202658
2026-07-27,RJH.BK,-20400.0,-9.148474357364522
2026-07-27,ROCTEC.BK,264000.0,4.703958006483979
2026-07-27,ROJNA.BK,327000.0,6.220732121197363
2026-07-27,RPC.BK,-200.0,-0.6472073004983496
2026-07-27,RPH.BK,-200.0,-0.8658008658008658
2026-07-27,RS.BK,-21700.0,-2.375185116674128
2026-07-27,RT.BK,-8300.0,-0.5993645291738879
2026-07-27,RWI.BK,-300.0,-0.1384402399630826
2026-07-27,S.BK,-6400.0,-0.5913813559635266
2026-07-27,S&J.BK,-17.0,-68.0
2026-07-27,SA.BK,200.0,0.673151358082865
2026-07-27,SABINA.BK,-69300.0,-20.56038165764739
2026-07-27,SAK.BK,-215600.0,-18.56271546009016
2026-07-27,SALEE.BK,-17100.0,-2.335953881986517
2026-07-27,SAMART.BK,169200.0,6.420277756697275
2026-07-27,SAMCO.BK,-500.0,-0.2407295066970948
2026-07-27,SAMTEL.BK,200.0,0.0786472670074714
2026-07-27,SANKO.BK,158300.0,7.41995541464567
2026-07-27,SAPPE.BK,-36720.0,-10.94270575684068
2026-07-27,SAT.BK,86000.0,19.9541055572184
2026-07-27,SAV.BK,-21200.0,-8.369489263761295
2026-07-27,SAWAD.BK,2212700.0,11.372632605374172
2026-07-27,SC.BK,160800.0,0.8995232526760816
2026-07-27,SCAP.BK,3110300.0,22.43799090995529
2026-07-27,SCB.BK,-6895275.0,-26.31561170651863
2026-07-27,SCC.BK,1403700.0,16.972892946594335
2026-07-27,SCCC.BK,-9400.0,-19.2982816317313
2026-07-27,SCG.BK,-10100.0,-44.47380008806693
2026-07-27,SCGD.BK,-19200.0,-1.740784495412761
2026-07-27,SCGP.BK,-159400.0,-3.158594120457366
2026-07-27,SCN.BK,-100.0,-0.17825311942959
2026-07-27,SCP.BK,1000.0,1.1383687176276396
2026-07-27,SE-ED.BK,-2.0,-50.0
2026-07-27,SEAFCO.BK,25900.0,1.1879556887941378
2026-07-27,SEAOIL.BK,4800.0,0.4638931654040074
2026-07-27,SENX.BK,-100.0,-0.0070554352603843
2026-07-27,SFLEX.BK,-19900.0,-5.81344395431042
2026-07-27,SGC.BK,-8083800.0,-10.886228968834624
2026-07-27,SGF.BK,-800.0,-0.0179775280898876
2026-07-27,SGP.BK,-1000.0,-0.4809796593702052
2026-07-27,SHR.BK,98900.0,4.455414545013878
2026-07-27,SICT.BK,116500.0,3.0248206657825016
2026-07-27,SIMAT.BK,413500.0,39.291144051691376
2026-07-27,SINGER.BK,-1270100.0,-25.814264123762133
2026-07-27,SIRI.BK,9567100.0,24.135746475743563
2026-07-27,SIS.BK,28100.0,7.517871666452634
2026-07-27,SISB.BK,-85600.0,-1.7132534161992914
2026-07-27,SITHAI.BK,400.0,3.404255319148936
2026-07-27,SJWD.BK,-4700.0,-0.1559098801086194
2026-07-27,SKE.BK,-100.0,-0.1272264631043257
2026-07-27,SKR.BK,-2200.0,-10.891089108910892
2026-07-27,SKY.BK,2084000.0,21.262233946605267
2026-07-27,SMD100.BK,200.0,0.3471920840204843
2026-07-27,SMIT.BK,-1800.0,-1.7812611328820809
2026-07-27,SMO.BK,-205200.0,-14.325527363712014
2026-07-27,SMPC.BK,4600.0,2.917097361295191
2026-07-27,SMT.BK,-13785500.0,-31.42605776080009
2026-07-27,SNC.BK,-2000.0,-1.2155911723769062
2026-07-27,SNNP.BK,2100.0,0.5956838450541222
2026-07-27,SNP.BK,-500.0,-0.5687052855469239
2026-07-27,SPA.BK,-21500.0,-1.151188535233062
2026-07-27,SPACK.BK,-7200.0,-10.682334089998664
2026-07-27,SPALI.BK,-498100.0,-12.952946814903925
2026-07-27,SPCG.BK,-87500.0,-12.74451257701327
2026-07-27,SPRC.BK,-5218748.0,-7.398568266089235
2026-07-27,SPVI.BK,219000.0,26.47475891649329
2026-07-27,SQ.BK,121300.0,27.270438215483672
2026-07-27,SRICHA.BK,368100.0,27.069580072200257
2026-07-27,SSP.BK,-364000.0,-27.17519114088769
2026-07-27,STA.BK,385900.0,4.06250381616386
2026-07-27,STANLY.BK,-2500.0,-14.746652509880256
2026-07-27,STARM.BK,-1000.0,-11.11111111111111
2026-07-27,STECON.BK,-3248300.0,-27.488215346891582
2026-07-27,STELLA.BK,-1400.0,-0.3716001900469544
2026-07-27,STGT.BK,-93100.0,-17.617660806097867
2026-07-27,STPI.BK,-3857100.0,-5.623682188691443
2026-07-27,STX.BK,-63000.0,-8.613982818522524
2026-07-27,SUC.BK,4900.0,5.05639427492338
2026-07-27,SUN.BK,-9900.0,-4.084377462487675
2026-07-27,SUPER.BK,-10159500.0,-5.728663433887451
2026-07-27,SUSCO.BK,700.0,0.1314879932678147
2026-07-27,SVOA.BK,121600.0,14.039851934982552
2026-07-27,SVT.BK,-300.0,-0.2664298401420959
2026-07-27,SYMC.BK,100.0,0.1798561151079137
2026-07-27,SYNEX.BK,222900.0,22.443784813542393
2026-07-27,SYNTEC.BK,80800.0,4.227896161195867
2026-07-27,TACC.BK,-172300.0,-21.46799735855169
2026-07-27,TAE.BK,-550500.0,-17.245597673520315
2026-07-27,TAKUNI.BK,-10500.0,-0.878730945137898
2026-07-27,TASCO.BK,110400.0,1.768117478594007
2026-07-27,TC.BK,-15000.0,-41.66666666666667
2026-07-27,TCAP.BK,-1039500.0,-16.949301776815116
2026-07-27,TCC.BK,-10300.0,-2.8669166172610647
2026-07-27,TCJ.BK,7100.0,92.2077922077922
2026-07-27,TEAM.BK,-1102100.0,-19.80520419882549
2026-07-27,TEAMG.BK,-323500.0,-5.5516847260882844
2026-07-27,TEGH.BK,200.0,0.0165612817107141
2026-07-27,TFG.BK,764300.0,5.400210115724743
2026-07-27,TFM.BK,-3600.0,-0.8788097010826448
2026-07-27,TFMAMA.BK,200.0,11.074197120708748
2026-07-27,TGE.BK,-48000.0,-2.3445513603282375
2026-07-27,TGPRO.BK,-39000.0,-2.125539832616463
2026-07-27,TH.BK,2800.0,0.2058644911691485
2026-07-27,THAI.BK,-3073895.0,-15.444048130804402
2026-07-27,THANI.BK,5231500.0,19.868582137493323
2026-07-27,THCOM.BK,-29600.0,-0.3562108980317422
2026-07-27,THG.BK,-77400.0,-4.369299517739977
2026-07-27,THRE.BK,-200.0,-0.0089393385425838
2026-07-27,THREL.BK,-100.0,-1.5342129487572875
2026-07-27,TIDLOR.BK,1546100.0,5.710293937759015
2026-07-27,TIGER.BK,-100.0,-0.0735818929677784
2026-07-27,TIPCO.BK,100.0,0.3174603174603174
2026-07-27,TIPH.BK,-45600.0,-11.660912926735712
2026-07-27,TISCO.BK,-394501.0,-8.145374223765355
2026-07-27,TITLE.BK,109400.0,7.658382919145958
2026-07-27,TK.BK,300.0,0.6593406593406593
2026-07-27,TKC.BK,200.0,0.3252032520325203
2026-07-27,TKN.BK,-99800.0,-20.504096710304644
2026-07-27,TKS.BK,3600.0,2.451948618054515
2026-07-27,TL.BK,-5800.0,-1.288316303864949
2026-07-27,TLI.BK,-1627300.0,-19.689216968564768
2026-07-27,TMAN.BK,-2900.0,-0.7898442372692089
2026-07-27,TMT.BK,-3800.0,-1.6979445933869526
2026-07-27,TMW.BK,24000.0,13.045108899482
2026-07-27,TNDT.BK,-100.0,-3.8461538461538463
2026-07-27,TNP.BK,400.0,1.0245114361089056
2026-07-27,TOA.BK,608700.0,16.02919013747921
2026-07-27,TOG.BK,-20300.0,-18.490517916674257
2026-07-27,TOP.BK,5749971.0,26.900446605806167
2026-07-27,TPAC.BK,1713.0,1.7566888517428447
2026-07-27,TPBI.BK,100.0,0.116686114352392
2026-07-27,TPCH.BK,700.0,0.2189552705661557
2026-07-27,TPIPL.BK,5717880.0,3.845357304440765
2026-07-27,TPIPP.BK,-265000.0,-7.894063455758839
2026-07-27,TPOLY.BK,40400.0,16.673545191910854
2026-07-27,TQM.BK,-109600.0,-36.3195323528827
2026-07-27,TRC.BK,1700.0,0.3401027110187276
2026-07-27,TRP.BK,-2200.0,-9.439629280013731
2026-07-27,TRT.BK,-2006400.0,-40.78215390506807
2026-07-27,TRUBB.BK,300.0,0.0128038459338826
2026-07-27,TRUE.BK,14674335.0,11.014933022794477
2026-07-27,TSE.BK,162900.0,2.209131674283131
2026-07-27,TSI.BK,-500000.0,-99.7207818109294
2026-07-27,TSTH.BK,-211960.0,-3.2396054760887285
2026-07-27,TTA.BK,39900.0,3.8104078568891033
2026-07-27,TTB.BK,-11312700.0,-1.5279731963729872
2026-07-27,TTW.BK,372200.0,9.208419791125726
2026-07-27,TU.BK,-3388400.0,-37.60697382728206
2026-07-27,TURBO.BK,502500.0,3.909415459532532
2026-07-27,TVH.BK,1800.0,2.2929060035922193
2026-07-27,TVO.BK,-9800.0,-3.603285608183135
2026-07-27,TVT.BK,-1000.0,-0.0195358287098538
2026-07-27,TYCN.BK,500.0,29.411764705882355
2026-07-27,UAC.BK,-100.0,-0.0427089428255382
2026-07-27,UBA.BK,1200.0,0.1296735145088453
2026-07-27,UBE.BK,1135100.0,15.412902436504098
2026-07-27,UBIS.BK,100.0,0.2984272881912322
2026-07-27,UKEM.BK,-2135300.0,-24.937387921606
2026-07-27,UMI.BK,-15500.0,-5.352209944751381
2026-07-27,UMS.BK,48000.0,1.9698158550478173
2026-07-27,UNIQ.BK,1600.0,0.8311688311688312
2026-07-27,UNIX.BK,25900.0,2.251130562965165
2026-07-27,UREKA.BK,68600.0,2.3420139203025636
2026-07-27,UTP.BK,36000.0,4.887738158436032
2026-07-27,UV.BK,11800.0,0.5369728564771669
2026-07-27,UVAN.BK,-52000.0,-14.41325576045169
2026-07-27,VCOM.BK,-49300.0,-17.354877318970676
2026-07-27,VGI.BK,6033921.0,7.738136841033684
2026-07-27,VIBHA.BK,-24645.0,-0.5838223985968364
2026-07-27,VIBHA-W5.BK,-800.0,-0.4478280340349305
2026-07-27,VIH.BK,-2500.0,-1.721751227608625
2026-07-27,VS.BK,-300.0,-3.9473684210526314
2026-07-27,WARRIX.BK,400.0,0.0793628748407782
2026-07-27,WASH.BK,-4300.0,-1.3573232323232325
2026-07-27,WFX.BK,-400.0,-1.2556110117085728
2026-07-27,WHA.BK,-31271040.0,-9.013717190501245
2026-07-27,WHAUP.BK,-5492800.0,-17.888626818942754
2026-07-27,WICE.BK,-392300.0,-12.244291563330425
2026-07-27,WIIK.BK,-8100.0,-5.304344978880849
2026-07-27,WORK.BK,-700.0,-1.993336560640146
2026-07-27,WPH.BK,-13300.0,-7.579643243859349
2026-07-27,XO.BK,-509000.0,-39.84119877392428
2026-07-27,XPG.BK,-2419200.0,-11.225012029118588
2026-07-27,YGG.BK,300.0,0.0529083732791551
2026-07-27,YUASA.BK,-100.0,-1.098780353807274
2026-07-27,ZIGA.BK,1800.0,0.4785910280135282
2026-07-30,2S.BK,100.0,0.3623188405797101
2026-07-30,88TH.BK,1000.0,0.2554917961584253
2026-07-30,AAI.BK,-456200.0,-7.032767269050984
2026-07-30,AAV.BK,-2147800.0,-7.437657415640177
2026-07-30,ACC.BK,-50100.0,-1.015625015837466
2026-07-30,ACE.BK,-20200.0,-0.9559406029619016
2026-07-30,ADB.BK,-75200.0,-8.995968561960929
2026-07-30,ADVANC.BK,2285581.0,17.844306197286308
2026-07-30,ADVICE.BK,132700.0,12.08281508649183
2026-07-30,AEONTS.BK,42600.0,13.797123979790127
2026-07-30,AGE.BK,-18100.0,-2.258629274081543
2026-07-30,AH.BK,68600.0,23.469038658912076
2026-07-30,AI.BK,99900.0,74.97692151815131
2026-07-30,AIE.BK,18700.0,4.351640475375998
2026-07-30,AIT.BK,129400.0,7.825577907438048
2026-07-30,AJ.BK,-540900.0,-16.291457150214825
2026-07-30,AJA.BK,12100.0,0.1383639729488141
2026-07-30,AKP.BK,-1300.0,-0.2723083368244658
2026-07-30,AKR.BK,-1500.0,-0.2736726874657909
2026-07-30,ALPHAX.BK,-10300.0,-0.0910505125259869
2026-07-30,ALT.BK,5200.0,0.2540673991950949
2026-07-30,AMA.BK,5000.0,1.6851925501007743
2026-07-30,AMARC.BK,768000.0,14.49864971885268
2026-07-30,AMATA.BK,220800.0,1.908592096094846
2026-07-30,ANAN.BK,-4400.0,-0.739369049339441
2026-07-30,ANI.BK,-100.0,-0.0082351836693013
2026-07-30,AOT.BK,3513578.0,8.708765061572093
2026-07-30,AP.BK,7160996.0,40.51704783605688
2026-07-30,APCO.BK,-300.0,-0.1839351076940055
2026-07-30,APCS.BK,-200.0,-0.261437908496732
2026-07-30,APO.BK,-11700.0,-2.819902243388896
2026-07-30,APURE.BK,300.0,0.3134730726630582
2026-07-30,AQUA.BK,5000.0,0.0602300353694859
2026-07-30,ARROW.BK,100.0,0.9174311926605504
2026-07-30,AS.BK,-77900.0,-21.23049669550998
2026-07-30,ASAP.BK,-1100.0,-0.5336438170086838
2026-07-30,ASEFA.BK,-217900.0,-16.580265147278254
2026-07-30,ASIAN.BK,83100.0,23.878967256217585
2026-07-30,ASK.BK,357600.0,30.888671217044745
2026-07-30,ASP.BK,45900.0,1.360499454466395
2026-07-30,ASW.BK,-500.0,-0.1185705138846071
2026-07-30,ATLAS.BK,-169000.0,-7.559799580319291
2026-07-30,AU.BK,18800.0,3.4892159100821636
2026-07-30,AUCT.BK,-118300.0,-23.310298895962767
2026-07-30,AURA.BK,-397500.0,-7.559491773941719
2026-07-30,AWC.BK,5806200.0,4.487026363965365
2026-07-30,AYUD.BK,701.0,4.124499882325253
2026-07-30,B-W8.BK,-33.0,-1.1518324607329842
2026-07-30,BA.BK,1713654.0,11.612525492234331
2026-07-30,BAFS.BK,-29500.0,-11.197740713466896
2026-07-30,BAM.BK,-905300.0,-3.530590088623934
2026-07-30,BAY.BK,-201600.0,-5.178066675313901
2026-07-30,BBGI.BK,86200.0,3.074945189637078
2026-07-30,BBIK.BK,356500.0,12.27926175631676
2026-07-30,BBL.BK,-2445015.0,-12.206811169128748
2026-07-30,BCH.BK,-37700.0,-0.3200385200739705
2026-07-30,BCP.BK,4089418.0,25.61046117665567
2026-07-30,BCPG.BK,-2216378.0,-15.62573167030394
2026-07-30,BDMS.BK,6664473.0,10.481012729893797
2026-07-30,BE8.BK,54400.0,3.2601986084225794
2026-07-30,BEAUTY.BK,2700.0,0.0657702426191172
2026-07-30,BEC.BK,1700.0,0.2454519203003176
2026-07-30,BEM.BK,-898555.0,-2.7908623472849583
2026-07-30,BGC.BK,-200.0,-0.8129750823137272
2026-07-30,BGRIM.BK,235600.0,0.711906813694561
2026-07-30,BH.BK,1290600.0,17.28412852020486
2026-07-30,BIG.BK,-500.0,-0.066577896138482
2026-07-30,BIOTEC.BK,-3500.0,-0.1295576531556542
2026-07-30,BIZ.BK,2300.0,0.4482530797909971
2026-07-30,BJC.BK,2693600.0,16.136812564955225
2026-07-30,BJCHI.BK,-14250.0,-64.71977472976656
2026-07-30,BKGI.BK,-4000.0,-0.3392679784463053
2026-07-30,BKIH.BK,-507.0,-7.6171875
2026-07-30,BLA.BK,604400.0,25.208899358766352
2026-07-30,BLAND.BK,-1716300.0,-1.056806986903629
2026-07-30,BLC.BK,7600.0,3.688353538392848
2026-07-30,BM.BK,99400.0,19.419031041145292
2026-07-30,BOL.BK,-100.0,-0.0261424922683579
2026-07-30,BR.BK,3000.0,0.9049609961810644
2026-07-30,BRI.BK,4600.0,1.1632464691676467
2026-07-30,BRR.BK,2300.0,3.7953795379537953
2026-07-30,BSM.BK,300.0,1.477832512315271
2026-07-30,BTC.BK,-385000.0,-3.0397011018482254
2026-07-30,BTG.BK,-342300.0,-4.412435204040001
2026-07-30,BTS.BK,-8495300.0,-27.21302729865161
2026-07-30,BVG.BK,10000.0,2.7381281608266956
2026-07-30,BWG.BK,7200.0,0.0303783368704406
2026-07-30,BYD.BK,169500.0,3.1792870294092492
2026-07-30,CAZ.BK,-1800.0,-0.6941739522793973
2026-07-30,CBG.BK,611900.0,12.556732565400589
2026-07-30,CCET.BK,-2883425.0,-2.034897978987112
2026-07-30,CCP.BK,2700.0,0.2513498417426922
2026-07-30,CENTEL.BK,360000.0,6.099915600889978
2026-07-30,CFRESH.BK,-42200.0,-0.8380996111178084
2026-07-30,CGD.BK,8998800.0,94.48249446888718
2026-07-30,CH.BK,100.0,1.282051282051282
2026-07-30,CHASE.BK,-1100.0,-0.0936967632027257
2026-07-30,CHAYO.BK,199700.0,6.965005121737618
2026-07-30,CHG.BK,829900.0,2.0777736281279924
2026-07-30,CHOW.BK,1100.0,0.738255033557047
2026-07-30,CIG.BK,-1000000.0,-90.97517196581882
2026-07-30,CITY.BK,-2000.0,-100.0
2026-07-30,CIVIL.BK,14700.0,2.03571502759294
2026-07-30,CK.BK,-642300.0,-8.550524373587226
2026-07-30,CKP.BK,-1942300.0,-21.04857514378172
2026-07-30,CMAN.BK,-100000.0,-10.117351156059131
2026-07-30,CMC.BK,38.0,0.0198019801980198
2026-07-30,CMR.BK,-23100.0,-15.670578658164304
2026-07-30,CNT.BK,255600.0,13.007613728834002
2026-07-30,COCOCO.BK,-32000.0,-2.6730642003194314
2026-07-30,COM7.BK,-1265900.0,-8.128934834055812
2026-07-30,COMAN.BK,-100.0,-0.6644959797993223
2026-07-30,CPALL.BK,6014864.0,18.317331014080423
2026-07-30,CPAXT.BK,-1037100.0,-20.1601694457285
2026-07-30,CPF.BK,5649124.0,17.170715445058427
2026-07-30,CPL.BK,-1800.0,-0.5986032590621883
2026-07-30,CPN.BK,2688300.0,27.26478883809991
2026-07-30,CPW.BK,-100.0,-0.0414411577001815
2026-07-30,CRANE.BK,2000.0,1.1841326228537596
2026-07-30,CRC.BK,-2476400.0,-8.13204812120758
2026-07-30,CREDIT.BK,454800.0,17.25336190178482
2026-07-30,CSS.BK,47700.0,2.200792562151628
2026-07-30,CTW.BK,-25900.0,-12.65878465892151
2026-07-30,CWT.BK,33600.0,1.3799459356895911
2026-07-30,D.BK,11500.0,6.0399159663865545
2026-07-30,DCC.BK,-67500.0,-12.723269823796851
2026-07-30,DCON.BK,600.0,0.1915433606282622
2026-07-30,DDD.BK,-7.0,-0.0558302759610783
2026-07-30,DELTA.BK,-4242352.0,-10.143779855106144
2026-07-30,DEMCO.BK,-18800.0,-16.924738926899533
2026-07-30,DITTO.BK,620100.0,12.265637996141692
2026-07-30,DMT.BK,49300.0,13.726014277282196
2026-07-30,DOD.BK,300.0,0.1105379513633014
2026-07-30,DOHOME.BK,1039500.0,9.561304009180324
2026-07-30,DRT.BK,200.0,0.1882884579175296
2026-07-30,DUSIT.BK,16300.0,9.383455183927234
2026-07-30,EA.BK,-6383300.0,-10.362101160034896
2026-07-30,EASON.BK,1600.0,0.4961178776077196
2026-07-30,EAST.BK,8500.0,0.8954909397387273
2026-07-30,EASTW.BK,-1561500.0,-38.269545039688566
2026-07-30,EFORL.BK,-84400.0,-5.509969192482679
2026-07-30,EGCO.BK,28300.0,1.2144260077697515
2026-07-30,EKH.BK,-54500.0,-14.325856725661158
2026-07-30,EMC.BK,68000.0,0.0847344633753973
2026-07-30,EMPIRE.BK,-404200.0,-7.052413811634249
2026-07-30,EP.BK,300.0,0.2489626556016597
2026-07-30,EPG.BK,-590000.0,-4.099696559916822
2026-07-30,ERW.BK,15167281.0,15.63140846759156
2026-07-30,ESTAR.BK,2032500.0,90.01727268701005
2026-07-30,ETC.BK,-3000.0,-0.1930414974872431
2026-07-30,EVER.BK,3700.0,0.4704954826075623
2026-07-30,FM.BK,93901.0,5.515117663400507
2026-07-30,FN.BK,-400.0,-44.44444444444444
2026-07-30,FNS.BK,-31900.0,-44.99294781382229
2026-07-30,FORTH.BK,10800.0,0.0826202681440802
2026-07-30,FPT.BK,-400.0,-0.6349206349206349
2026-07-30,FSMART.BK,22400.0,0.6013385689162187
2026-07-30,FSX.BK,39000.0,77.53479125248509
2026-07-30,GABLE.BK,24400.0,11.84092398029748
2026-07-30,GBX.BK,5000.0,0.3599452883161759
2026-07-30,GEL.BK,-200100.0,-6.77065481130987
2026-07-30,GFPT.BK,266200.0,5.009836179109736
2026-07-30,GJS.BK,3900.0,0.5489857137025427
2026-07-30,GLOBAL.BK,2138800.0,12.971593193419082
2026-07-30,GPSC.BK,1551300.0,12.587423481885974
2026-07-30,GRAND.BK,72100.0,6.7063528974048925
2026-07-30,GREEN.BK,-3700.0,-0.866614045237253
2026-07-30,GULF.BK,-14220680.0,-19.25986053304384
2026-07-30,GUNKUL.BK,31456760.0,22.0154534727412
2026-07-30,HANA.BK,-18742556.0,-29.31470961358503
2026-07-30,HENG.BK,-194300.0,-2.7026545826617268
2026-07-30,HMPRO.BK,-18686095.0,-27.93003959734851
2026-07-30,HTC.BK,-7900.0,-5.142894342816223
2026-07-30,HTECH.BK,465600.0,21.404514991895155
2026-07-30,HUMAN.BK,-163700.0,-5.381697822105464
2026-07-30,HYDRO.BK,-100.0,-0.0142542531127725
2026-07-30,ICHI.BK,1063500.0,15.011172631590536
2026-07-30,ICN.BK,39600.0,7.599309153713299
2026-07-30,IIG.BK,100.0,0.4650946467606158
2026-07-30,III.BK,-17900.0,-0.613111124507456
2026-07-30,ILINK.BK,-87300.0,-19.766738895643847
2026-07-30,ILM.BK,-4100.0,-1.0148364133205945
2026-07-30,IND.BK,100.0,0.0172413198575177
2026-07-30,INET.BK,52300.0,7.384085389958773
2026-07-30,INGRS.BK,200000.0,4.450835844717458
2026-07-30,INSET.BK,-1168600.0,-9.60259820702745
2026-07-30,INSURE.BK,500.0,100.0
2026-07-30,IP.BK,900.0,0.2462292722830651
2026-07-30,IRCP.BK,-100.0,-0.0012962098823041
2026-07-30,IROYAL.BK,29600.0,2.3994422917916376
2026-07-30,IRPC.BK,-7433900.0,-4.83520355482391
2026-07-30,IT.BK,46400.0,9.732625480600822
2026-07-30,ITC.BK,-4946900.0,-22.78291336303139
2026-07-30,ITD.BK,-406600.0,-4.4220059724269545
2026-07-30,ITEL.BK,87500.0,1.048514464706404
2026-07-30,IVL.BK,-20632973.0,-22.7367220890007
2026-07-30,J.BK,-5000.0,-0.3659180958207762
2026-07-30,JAS.BK,-1687100.0,-5.522630871228327
2026-07-30,JCK.BK,4700.0,0.3212352932331443
2026-07-30,JDF.BK,0.0,0.0
2026-07-30,JMART.BK,-1921736.0,-11.387635997837355
2026-07-30,JMT.BK,1228100.0,12.985035647787385
2026-07-30,JPARK.BK,-63300.0,-7.577888845658876
2026-07-30,JR.BK,800.0,1.1644832605531297
2026-07-30,JTS.BK,-2093.0,-0.6193058921348448
2026-07-30,KAMART.BK,-45800.0,-5.791156726656138
2026-07-30,KBANK.BK,2247330.0,7.832757301840909
2026-07-30,KBS.BK,-8000.0,-14.27577223005407
2026-07-30,KCAR.BK,300.0,1.5527950310559009
2026-07-30,KCC.BK,15100.0,5.798771121351766
2026-07-30,KCE.BK,-11892586.0,-28.57735425955091
2026-07-30,KCG.BK,-2300.0,-1.6366612111292964
2026-07-30,KGEN.BK,1028400.0,12.511329419994524
2026-07-30,KGI.BK,-509400.0,-7.849077070879755
2026-07-30,KIAT.BK,-300.0,-0.0903587241348152
2026-07-30,KISS.BK,435000.0,24.38738605904887
2026-07-30,KJL.BK,-500.0,-0.1442501875252438
2026-07-30,KKP.BK,-5515300.0,-18.5301912631692
2026-07-30,KLINIQ.BK,-62000.0,-11.296346907169536
2026-07-30,KSL.BK,137400.0,6.636693670700206
2026-07-30,KTB.BK,-15829936.0,-13.895683410073136
2026-07-30,KTC.BK,682500.0,2.3121537676774317
2026-07-30,KUMWEL.BK,99900.0,20.096560048280026
2026-07-30,KYE.BK,900.0,5.698005698005698
2026-07-30,LALIN.BK,200.0,0.3093580819798917
2026-07-30,LANNA.BK,-4000.0,-1.1781234261007354
2026-07-30,LEE.BK,-5.0,-0.0174715214200852
2026-07-30,LEO.BK,100.0,0.0621848007909906
2026-07-30,LH.BK,-3027700.0,-12.265120730237507
2026-07-30,LHFG.BK,-2481500.0,-13.731699252821803
2026-07-30,LIT.BK,15000.0,0.3404830228355153
2026-07-30,LOXLEY.BK,-184000.0,-5.0737262051892085
2026-07-30,LPH.BK,-300.0,-0.5657388549445576
2026-07-30,LPN.BK,-12400.0,-3.8059108250539424
2026-07-30,LTS.BK,340900.0,15.428648497460545
2026-07-30,M.BK,72900.0,6.5026523507222045
2026-07-30,M-CHAI.BK,400.0,17.368649587494573
2026-07-30,MAGURO.BK,-354200.0,-9.999935065356718
2026-07-30,MAJOR.BK,-83800.0,-3.277448533693774
2026-07-30,MALEE.BK,-7900.0,-2.3169465577212978
2026-07-30,MASTEC.BK,-52900.0,-1.887802440939262
2026-07-30,MASTER.BK,67600.0,12.284186290775413
2026-07-30,MBAX.BK,-75000.0,-39.24071826210707
2026-07-30,MBK.BK,139500.0,6.6563409878868915
2026-07-30,MC.BK,43400.0,3.924011605671191
2026-07-30,MCOT.BK,1100.0,0.6493506493506493
2026-07-30,MCS.BK,-3600.0,-0.6059687926071807
2026-07-30,MDX.BK,-38500.0,-2.517819293820356
2026-07-30,MEB.BK,-40300.0,-22.066835681470977
2026-07-30,MEDEZE.BK,-7300.0,-4.294117647058823
2026-07-30,MEGA.BK,570600.0,47.42349781956631
2026-07-30,METCO.BK,2100.0,17.746978788134875
2026-07-30,MFC.BK,15300.0,6.915035456505331
2026-07-30,MFEC.BK,-200.0,-0.1466157421322327
2026-07-30,MGC.BK,1915100.0,13.652869362479226
2026-07-30,MGI.BK,-1100.0,-1.1020718951629065
2026-07-30,MICRO.BK,381100.0,2.272538079771513
2026-07-30,MIDA.BK,5900.0,0.7059831473446657
2026-07-30,MINT.BK,3052600.0,9.109262660303967
2026-07-30,MJD.BK,18000.0,37.81512605042017
2026-07-30,ML.BK,1538400.0,19.9489088009129
2026-07-30,MMM.BK,-9300.0,-12.525252525252526
2026-07-30,MODERN.BK,-46600.0,-55.41022592152199
2026-07-30,MONO.BK,-30000.0,-0.34416232438974
2026-07-30,MORE.BK,-100.0,-0.0109911850695742
2026-07-30,MOSHI.BK,364300.0,46.60194671541344
2026-07-30,MRDIYT.BK,-471300.0,-5.646267623021965
2026-07-30,MSC.BK,100.0,0.3134206732276061
2026-07-30,MST.BK,32100.0,12.990429169786124
2026-07-30,MTC.BK,-565900.0,-2.8497134449218473
2026-07-30,MTI.BK,900.0,16.974726518294982
2026-07-30,MTW.BK,24000.0,13.62088535754824
2026-07-30,NAT.BK,300.0,1.0135135135135136
2026-07-30,NCAP.BK,7573300.0,16.06676960193413
2026-07-30,NDR.BK,-1200.0,-0.4642166344294003
2026-07-30,NEO.BK,197500.0,34.749347240110076
2026-07-30,NER.BK,-577400.0,-19.743964481380697
2026-07-30,NETBAY.BK,171800.0,20.171919232480786
2026-07-30,NEX.BK,-18600.0,-0.1324190250542491
2026-07-30,NNCL.BK,0.0,0.0
2026-07-30,NOBLE.BK,300.0,0.0678395368820948
2026-07-30,NRF.BK,-56900.0,-4.954188988814329
2026-07-30,NSL.BK,1400.0,0.562857062448991
2026-07-30,NTF.BK,133900.0,12.872338891479163
2026-07-30,NV.BK,-15800.0,-4.726293748130422
2026-07-30,NYT.BK,168100.0,11.242252142113838
2026-07-30,OKJ.BK,-44200.0,-4.576005168194072
2026-07-30,ONEE.BK,-44900.0,-13.810752701401686
2026-07-30,OR.BK,567409.0,4.1647579718728425
2026-07-30,ORI.BK,-122900.0,-8.799646582135644
2026-07-30,OSP.BK,1960800.0,21.31694772357763
2026-07-30,PACO.BK,1300.0,0.4006163328197226
2026-07-30,PAF.BK,100.0,0.0758903839294523
2026-07-30,PAP.BK,-13600.0,-4.916847433116414
2026-07-30,PCC.BK,8300.0,2.3419600230245705
2026-07-30,PCE.BK,-60900.0,-5.083901063445249
2026-07-30,PCSGH.BK,800.0,0.6639004149377593
2026-07-30,PF.BK,-200.0,-0.0170352817720781
2026-07-30,PHG.BK,15300.0,41.00447565191756
2026-07-30,PIMO.BK,10000.0,2.3562510161332506
2026-07-30,PIN.BK,318221.0,16.158099258614588
2026-07-30,PIS.BK,21700.0,1.8606677138996164
2026-07-30,PK.BK,-2900.0,-0.604713428391504
2026-07-30,PLANB.BK,2918300.0,8.811054169882789
2026-07-30,PLANET.BK,-3200.0,-7.350070055355215
2026-07-30,PLAT.BK,-1019000.0,-5.31371212539568
2026-07-30,PLE.BK,376400.0,12.538240968735677
2026-07-30,PLUS.BK,21900.0,3.7062108647825354
2026-07-30,PM.BK,9800.0,12.368896012924234
2026-07-30,PMC.BK,55000.0,27.720097574743463
2026-07-30,PORT.BK,5000.0,0.9339876227960228
2026-07-30,POWER.BK,-200.0,-0.0175500175500175
2026-07-30,PPPM.BK,600.0,0.1791242614855969
2026-07-30,PQS.BK,19400.0,6.137298323315407
2026-07-30,PR9.BK,442200.0,20.33297896994287
2026-07-30,PRG.BK,-500.0,-5.42947116950809
2026-07-30,PRI.BK,300.0,0.1026690531517688
2026-07-30,PRINC.BK,200.0,0.1237616103860743
2026-07-30,PRM.BK,3488700.0,26.27878684157937
2026-07-30,PRTR.BK,-200.0,-0.3354072682755035
2026-07-30,PSGC.BK,10000.0,5.7228536437409145
2026-07-30,PSH.BK,-24700.0,-7.633422647468763
2026-07-30,PSL.BK,614600.0,11.127329162184171
2026-07-30,PSP.BK,-319500.0,-14.342146608609776
2026-07-30,PT.BK,6500.0,7.395860593716932
2026-07-30,PTG.BK,-109200.0,-4.026744664563319
2026-07-30,PTL.BK,2900.0,9.69802360967127
2026-07-30,PTT.BK,-27670047.0,-25.297852681318233
2026-07-30,PTTEP.BK,1365882.0,5.484261579958729
2026-07-30,PTTGC.BK,-2258820.0,-4.418245730214462
2026-07-30,PYLON.BK,-127500.0,-13.807667316439243
2026-07-30,QH.BK,-1087500.0,-6.459710798599047
2026-07-30,QTC.BK,50.0,0.4325633705337832
2026-07-30,QTCG.BK,-1500.0,-0.0370820298999823
2026-07-30,RABBIT.BK,-58200.0,-0.2365650366468507
2026-07-30,RAM.BK,-600.0,-0.6247982422342785
2026-07-30,RATCH.BK,1122910.0,15.8946368640751
2026-07-30,RBF.BK,123500.0,6.770425029192319
2026-07-30,RCL.BK,442300.0,12.77408838409948
2026-07-30,READY.BK,5000.0,6.329194040430891
2026-07-30,RJH.BK,-24600.0,-16.998928929274783
2026-07-30,ROCTEC.BK,620700.0,13.183482988273134
2026-07-30,ROJNA.BK,619800.0,11.666296487311632
2026-07-30,RPC.BK,42800.0,5.883161512027491
2026-07-30,RPH.BK,-200.0,-0.1573551742315166
2026-07-30,RS.BK,-85900.0,-8.675172847011964
2026-07-30,S.BK,15000.0,0.2338840262667353
2026-07-30,S&J.BK,6.0,100.0
2026-07-30,S11.BK,-200.0,-0.56657223796034
2026-07-30,SA.BK,700.0,4.396984924623116
2026-07-30,SABINA.BK,-69000.0,-17.648006670434984
2026-07-30,SAFE.BK,1000.0,0.1617515754603449
2026-07-30,SAK.BK,63800.0,5.55531852089209
2026-07-30,SALEE.BK,-7700.0,-0.8430964633745757
2026-07-30,SAMART.BK,-660200.0,-29.049007990897213
2026-07-30,SAMCO.BK,-38900.0,-22.381919551671164
2026-07-30,SAMTEL.BK,500.0,1.0438413361169103
2026-07-30,SANKO.BK,288300.0,10.998229525382335
2026-07-30,SAPPE.BK,27980.0,7.645498091357964
2026-07-30,SAT.BK,145801.0,11.477492696727836
2026-07-30,SAV.BK,32300.0,6.839539739208138
2026-07-30,SAWAD.BK,2138200.0,8.879034921740164
2026-07-30,SC.BK,1996700.0,17.31991585610669
2026-07-30,SCAP.BK,429900.0,4.941687171775529
2026-07-30,SCB.BK,-1163240.0,-7.651852675326452
2026-07-30,SCC.BK,2061950.0,22.879370972919467
2026-07-30,SCCC.BK,100.0,0.277947634665629
2026-07-30,SCGD.BK,-15500.0,-0.9963424589731886
2026-07-30,SCGP.BK,2225600.0,12.201642002420153
2026-07-30,SCM.BK,57500.0,34.32630887708197
2026-07-30,SCN.BK,-200.0,-0.0465572106643946
2026-07-30,SE.BK,-288500.0,-78.06580798787748
2026-07-30,SE-ED.BK,1.0,0.0072982046416581
2026-07-30,SEAFCO.BK,213600.0,13.560923209367704
2026-07-30,SEAOIL.BK,31200.0,2.881847042273556
2026-07-30,SECURE.BK,-800.0,-0.3694842922990237
2026-07-30,SENA.BK,1900.0,2.4771515364858345
2026-07-30,SFLEX.BK,-8300.0,-1.43128125538886
2026-07-30,SGC.BK,3481200.0,8.094905253310285
2026-07-30,SGF.BK,-1200.0,-0.0656634746922024
2026-07-30,SGP.BK,-100.0,-0.0630449447411059
2026-07-30,SHR.BK,224600.0,5.850779083595025
2026-07-30,SICT.BK,-3300.0,-0.1039144576184884
2026-07-30,SIMAT.BK,-120800.0,-23.08868501529052
2026-07-30,SINGER.BK,-603200.0,-6.128888534395999
2026-07-30,SIRI.BK,12115010.0,19.631749518333844
2026-07-30,SIS.BK,44600.0,5.139267228068235
2026-07-30,SISB.BK,32200.0,1.5927528754877809
2026-07-30,SITHAI.BK,455000.0,83.32906004820265
2026-07-30,SJWD.BK,-679300.0,-6.986587869995778
2026-07-30,SKN.BK,-900.0,-0.7346938775510203
2026-07-30,SKR.BK,-200.0,-0.2222222222222222
2026-07-30,SKY.BK,-272600.0,-4.36637366900485
2026-07-30,SMD100.BK,-1800.0,-2.850581993823739
2026-07-30,SMIT.BK,100.0,0.1186929531993685
2026-07-30,SMO.BK,-75200.0,-6.5314573922287815
2026-07-30,SMPC.BK,83900.0,18.64382298367832
2026-07-30,SMT.BK,-5568700.0,-8.288819646450964
2026-07-30,SNC.BK,-19700.0,-13.961729270021262
2026-07-30,SNNP.BK,-42300.0,-7.330819249379567
2026-07-30,SO.BK,-200.0,-0.6389776357827476
2026-07-30,SOLAR.BK,9800.0,0.780739009305931
2026-07-30,SPA.BK,736100.0,29.792995145130053
2026-07-30,SPACK.BK,-19600.0,-34.385964912280706
2026-07-30,SPALI.BK,888000.0,14.781328718274034
2026-07-30,SPCG.BK,-5299.0,-0.5767022729622515
2026-07-30,SPRC.BK,3814900.0,12.101018716785758
2026-07-30,SPVI.BK,74600.0,29.550054861697028
2026-07-30,SQ.BK,103700.0,94.01631912964642
2026-07-30,SRICHA.BK,-327300.0,-22.06755381873861
2026-07-30,SSF.BK,-1700.0,-14.450867052023122
2026-07-30,SSP.BK,-239150.0,-18.43130091921441
2026-07-30,STA.BK,-1386100.0,-19.676265038622887
2026-07-30,STANLY.BK,-9400.0,-23.43087890722369
2026-07-30,STARM.BK,-3000.0,-8.823529411764707
2026-07-30,STECON.BK,-2180900.0,-9.296736755453791
2026-07-30,STELLA.BK,-2400.0,-0.372960372960373
2026-07-30,STGT.BK,-190400.0,-9.75102119413136
2026-07-30,STOWER.BK,-100.0,-0.1508295625942685
2026-07-30,STPI.BK,-1696600.0,-8.574462505375465
2026-07-30,STX.BK,23000.0,4.289444237224916
2026-07-30,SUC.BK,-8600.0,-9.782509782509782
2026-07-30,SUN.BK,200.0,0.0463928406568298
2026-07-30,SUPER.BK,77300.0,0.3945744733796222
2026-07-30,SUSCO.BK,-12600.0,-2.6023003508974836
2026-07-30,SVOA.BK,77400.0,2.6857160504151234
2026-07-30,SVR.BK,-1000.0,-0.2562788313685289
2026-07-30,SVT.BK,-700.0,-0.1940133037694013
2026-07-30,SYMC.BK,300.0,0.15220700152207
2026-07-30,SYNEX.BK,-227500.0,-16.56600844393116
2026-07-30,SYNTEC.BK,84800.0,3.2483128309122935
2026-07-30,TACC.BK,-111900.0,-5.971458668861004
2026-07-30,TAE.BK,1110600.0,28.398463220205716
2026-07-30,TAKUNI.BK,-6800.0,-0.542048192867124
2026-07-30,TAN.BK,300.0,2.564102564102564
2026-07-30,TASCO.BK,774000.0,27.94690953758697
2026-07-30,TC.BK,-12400.0,-28.37528604118993
2026-07-30,TCAP.BK,-789000.0,-8.963393229400385
2026-07-30,TCC.BK,-600.0,-0.099767209843698
2026-07-30,TCJ.BK,5900.0,45.73643410852713
2026-07-30,TCMC.BK,-800.0,-0.0987228959374294
2026-07-30,TEAM.BK,-720500.0,-17.760246774993078
2026-07-30,TEAMG.BK,1161800.0,16.82524267204781
2026-07-30,TEGH.BK,-11600.0,-1.1093938883873238
2026-07-30,TFG.BK,-2078000.0,-8.344331949892888
2026-07-30,TFI.BK,-100.0,-0.980872976949485
2026-07-30,TFM.BK,128900.0,7.763189592869188
2026-07-30,TFMAMA.BK,1500.0,28.084628346751543
2026-07-30,TGE.BK,-4100.0,-0.2593744899495548
2026-07-30,TH.BK,7300.0,0.659294013520043
2026-07-30,THAI.BK,5836.0,0.0072044466792988
2026-07-30,THANI.BK,3702100.0,9.676860658172902
2026-07-30,THCOM.BK,-321100.0,-10.805379335780444
2026-07-30,THG.BK,20200.0,4.201261210296002
2026-07-30,THRE.BK,-500.0,-0.0305422594919234
2026-07-30,THREL.BK,-600.0,-0.2745053185405467
2026-07-30,TIDLOR.BK,-2175000.0,-9.176856634209145
2026-07-30,TIGER.BK,-100.0,-0.019739439399921
2026-07-30,TIPCO.BK,1400.0,0.931898210089795
2026-07-30,TIPH.BK,800.0,0.0864663888933923
2026-07-30,TISCO.BK,-1328700.0,-15.566250934010204
2026-07-30,TITLE.BK,-53700.0,-5.33691115086464
2026-07-30,TK.BK,100.0,0.3690036900369003
2026-07-30,TKC.BK,100.0,0.3662869491960001
2026-07-30,TKN.BK,-277600.0,-43.66242153425597
2026-07-30,TKS.BK,-3500.0,-1.3542638028501448
2026-07-30,TLI.BK,1204500.0,5.35402412142331
2026-07-30,TMAN.BK,-23800.0,-16.315897717145404
2026-07-30,TMT.BK,400.0,0.90702947845805
2026-07-30,TMW.BK,6900.0,6.012652712664912
2026-07-30,TNITY.BK,-20600.0,-10.246920949481684
2026-07-30,TNITY-W2.BK,-5150.0,-6.537441131294668
2026-07-30,TNP.BK,1000.0,0.6811107554199388
2026-07-30,TNR.BK,19900.0,19.54813359528487
2026-07-30,TOA.BK,-177500.0,-4.790022935439396
2026-07-30,TOP.BK,4226582.0,21.372122827780643
2026-07-30,TPAC.BK,2100.0,7.71378195709668
2026-07-30,TPBI.BK,100.0,0.1321003963011889
2026-07-30,TPCH.BK,-26700.0,-10.32083494395052
2026-07-30,TPCS.BK,-2000.0,-100.0
2026-07-30,TPIPL.BK,7389600.0,6.710256637622577
2026-07-30,TPIPP.BK,167800.0,1.9982589662641963
2026-07-30,TPOLY.BK,94500.0,26.115866010407657
2026-07-30,TQM.BK,-65500.0,-18.253667454407633
2026-07-30,TQR.BK,-1000.0,-3.125
2026-07-30,TRC.BK,2200.0,0.4145921355640903
2026-07-30,TRP.BK,400.0,0.67310604785784
2026-07-30,TRT.BK,-234800.0,-4.937186497593963
2026-07-30,TRUBB.BK,33100.0,1.5465403518542833
2026-07-30,TRUE.BK,158172013.0,26.88676729113688
2026-07-30,TSC.BK,3100.0,21.0226502102265
2026-07-30,TSE.BK,7500.0,0.0400745921742336
2026-07-30,TSTH.BK,109600.0,3.5194329859498845
2026-07-30,TTA.BK,559100.0,16.034939016468293
2026-07-30,TTB.BK,17393089.0,2.861669683234102
2026-07-30,TTW.BK,-165000.0,-3.728401539355312
2026-07-30,TU.BK,-44300.0,-0.2018234636040768
2026-07-30,TURBO.BK,-60900.0,-0.3624803440718185
2026-07-30,TVO.BK,238200.0,33.34028505803757
2026-07-30,TWZ.BK,-95000.0,-1.3820592129449194
2026-07-30,TYCN.BK,1000.0,90.9090909090909
2026-07-30,UAC.BK,-300.0,-0.057372346528973
2026-07-30,UBA.BK,2000.0,0.5710908120054711
2026-07-30,UBE.BK,154700.0,2.502017625719512
2026-07-30,UBIS.BK,-1300.0,-1.6109045848822798
2026-07-30,UKEM.BK,-475700.0,-4.7357266423499
2026-07-30,UMI.BK,-13500.0,-3.628056973931739
2026-07-30,UMS.BK,-5700.0,-0.3341932457786116
2026-07-30,UNIQ.BK,-2800.0,-1.3500482160077143
2026-07-30,UNIX.BK,-60700.0,-5.70247545680868
2026-07-30,UREKA.BK,-161500.0,-4.4966044371880045
2026-07-30,UTP.BK,-900.0,-0.1414093801555503
2026-07-30,UV.BK,-14000.0,-0.8768616869691462
2026-07-30,UVAN.BK,-78000.0,-9.21368302804149
2026-07-30,VCOM.BK,-66900.0,-13.643371646259393
2026-07-30,VGI.BK,1889800.0,1.474973831468216
2026-07-30,VIBHA.BK,9900.0,2.328255854152409
2026-07-30,VIBHA-W5.BK,-700.0,-0.1081958344603732
2026-07-30,VIH.BK,-1000.0,-0.5637359911606197
2026-07-30,VL.BK,-1000.0,-4.184100418410042
2026-07-30,WARRIX.BK,1500.0,0.1819725827975251
2026-07-30,WASH.BK,-24100.0,-1.8340943683409432
2026-07-30,WHA.BK,-18008000.0,-7.064950699155297
2026-07-30,WHAUP.BK,1115200.0,4.7767110322835755
2026-07-30,WICE.BK,364600.0,13.882299725171588
2026-07-30,WIIK.BK,301400.0,6.656507431701231
2026-07-30,WORK.BK,-1600.0,-1.942242561817939
2026-07-30,WP.BK,300.0,0.2367723197373406
2026-07-30,WPH.BK,-3400.0,-1.4374680269060192
2026-07-30,XBIO.BK,-260000.0,-3.580848958689123
2026-07-30,XO.BK,-89900.0,-14.727588754609538
2026-07-30,XPG.BK,619200.0,4.525713353507548
2026-07-30,XYZ.BK,-200.0,-0.0387146728610143
2026-07-30,YGG.BK,-3900.0,-2.084457960758743
2026-07-30,ZAA.BK,100.0,0.5043118664582178
2026-07-30,ZIGA.BK,-5100.0,-0.3344863273794767
2026-07-31,88TH.BK,-400.0,-0.0572689306029416
2026-07-31,AAI.BK,1354900.0,11.529235832650532
2026-07-31,AAV.BK,-3619300.0,-13.496922814964435
2026-07-31,ACC.BK,100000.0,7.856502552184855
2026-07-31,ACE.BK,-18400.0,-2.3325211765033984
2026-07-31,ADB.BK,513000.0,3.734722582185737
2026-07-31,ADVANC.BK,-1263650.0,-14.88568012061683
2026-07-31,ADVICE.BK,1282000.0,30.667391329309417
2026-07-31,AE.BK,7500.0,1.124930254324232
2026-07-31,AEONTS.BK,-38800.0,-8.258376505344533
2026-07-31,AGE.BK,1158600.0,31.652114143216934
2026-07-31,AH.BK,116900.0,27.921752215348604
2026-07-31,AI.BK,3050.0,0.4205747947457108
2026-07-31,AIE.BK,28100.0,7.7619163370384285
2026-07-31,AIT.BK,-48600.0,-3.935847308560711
2026-07-31,AJ.BK,102600.0,7.784468846570851
2026-07-31,AJA.BK,132000.0,5.7599137060201135
2026-07-31,AKP.BK,-900.0,-0.1108087809802883
2026-07-31,AKR.BK,-1090600.0,-71.40233638710463
2026-07-31,ALPHAX.BK,-3400.0,-0.1511916122450976
2026-07-31,ALT.BK,315200.0,9.391856438084814
2026-07-31,AMA.BK,100.0,0.1076426264800861
2026-07-31,AMANAH.BK,-100.0,-0.0011015177482597
2026-07-31,AMARC.BK,-332900.0,-7.871742383811403
2026-07-31,AMARIN.BK,-100.0,-1.085304970696766
2026-07-31,AMATA.BK,-2048200.0,-9.051705870028163
2026-07-31,AMATAV.BK,100.0,0.0324673216407685
2026-07-31,ANAN.BK,-800.0,-0.0207140817175702
2026-07-31,AOT.BK,3333500.0,15.5459955572077
2026-07-31,AP.BK,693700.0,3.87458217124726
2026-07-31,APCO.BK,2000.0,9.47867298578199
2026-07-31,APO.BK,-22800.0,-7.676328290973244
2026-07-31,APP.BK,5500.0,1.3272136717486884
2026-07-31,APURE.BK,100.0,0.0655733405026852
2026-07-31,AQUA.BK,-99900.0,-14.50767570770301
2026-07-31,AS.BK,60200.0,18.353098990884423
2026-07-31,ASAP.BK,3000.0,13.157894736842104
2026-07-31,ASEFA.BK,372400.0,24.38837504919916
2026-07-31,ASIA.BK,1400.0,100.0
2026-07-31,ASIAN.BK,-1900.0,-0.4063910337304558
2026-07-31,ASK.BK,-195600.0,-17.878410357047212
2026-07-31,ASP.BK,147100.0,14.931963639501186
2026-07-31,ASW.BK,-200.0,-0.0981956548422732
2026-07-31,ATLAS.BK,243500.0,16.888552890300698
2026-07-31,AU.BK,10500.0,4.53270019425858
2026-07-31,AUCT.BK,45000.0,11.58867914810332
2026-07-31,AURA.BK,1664800.0,27.77218467568618
2026-07-31,AWC.BK,-3115000.0,-3.24753143302876
2026-07-31,AYUD.BK,555.0,4.168231318062335
2026-07-31,BA.BK,1059900.0,6.0398575895150035
2026-07-31,BAFS.BK,30200.0,12.139922658241078
2026-07-31,BAM.BK,-3082600.0,-19.00842565455464
2026-07-31,BAY.BK,-478200.0,-28.083305584772297
2026-07-31,BBGI.BK,-95200.0,-6.802225299419382
2026-07-31,BBIK.BK,319500.0,5.155846972525388
2026-07-31,BBL.BK,-1364715.0,-11.178090822402591
2026-07-31,BC-W5.BK,-200.0,-0.0454759398171412
2026-07-31,BCH.BK,213200.0,5.805657520668358
2026-07-31,BCP.BK,7080900.0,41.04696097191023
2026-07-31,BCPG.BK,-1008391.0,-13.104004281060789
2026-07-31,BDMS.BK,15057995.0,23.26551711468433
2026-07-31,BE8.BK,783900.0,22.246937888785745
2026-07-31,BEAUTY.BK,400.0,0.0038008361839604
2026-07-31,BEC.BK,-1700.0,-0.187338145352361
2026-07-31,BEM.BK,-1718800.0,-3.946459304124514
2026-07-31,BGC.BK,-1500.0,-3.738597278301181
2026-07-31,BGRIM.BK,-5445900.0,-19.975168128641567
2026-07-31,BGT.BK,-400.0,-2.1976814460743914
2026-07-31,BH.BK,1518400.0,27.598009831609243
2026-07-31,BIG.BK,-100.0,-0.0578703703703703
2026-07-31,BIOTEC.BK,-2500.0,-0.443896774468478
2026-07-31,BIZ.BK,22800.0,9.982180931407532
2026-07-31,BJC.BK,1927800.0,16.434572447922662
2026-07-31,BJCHI.BK,-300.0,-0.7994670219853431
2026-07-31,BKGI.BK,39100.0,8.287374788576564
2026-07-31,BKIH.BK,200.0,6.047777441790142
2026-07-31,BLA.BK,370200.0,15.44667039133651
2026-07-31,BLAND.BK,28700.0,0.0586797669893924
2026-07-31,BLC.BK,-28000.0,-4.098180700496172
2026-07-31,BM.BK,-100200.0,-12.86262790420038
2026-07-31,BR.BK,800.0,2.1164021164021163
2026-07-31,BRI.BK,2500.0,0.3408771724102197
2026-07-31,BSM.BK,-5500.0,-26.82926829268293
2026-07-31,BTC.BK,10300.0,0.2939324914117492
2026-07-31,BTG.BK,613800.0,14.154405702901837
2026-07-31,BTS.BK,18315880.0,8.561361473678918
2026-07-31,BUI.BK,-9.0,-0.0642214927929213
2026-07-31,BWG.BK,2300.0,0.0261706382506635
2026-07-31,BYD.BK,-20800.0,-1.1391636238766505
2026-07-31,CAZ.BK,-500.0,-0.2865329512893982
2026-07-31,CBG.BK,-523100.0,-12.136279913517116
2026-07-31,CCET.BK,5537645.0,7.665681069311738
2026-07-31,CCP.BK,1300.0,0.7436943301888411
2026-07-31,CEN.BK,-800.0,-11.264432554210082
2026-07-31,CENTEL.BK,286750.0,6.445746706318967
2026-07-31,CFRESH.BK,1400.0,0.0442982601858312
2026-07-31,CGH.BK,-95.0,-0.0101047705153432
2026-07-31,CH.BK,100.0,0.398406374501992
2026-07-31,CHASE.BK,-600.0,-0.0399015230411344
2026-07-31,CHAYO.BK,131900.0,10.290802955699617
2026-07-31,CHG.BK,2836500.0,5.884088253316544
2026-07-31,CHOW.BK,200.0,0.4
2026-07-31,CITY.BK,700.0,0.6809338521400778
2026-07-31,CIVIL.BK,-2100.0,-0.3520536462699078
2026-07-31,CK.BK,-613100.0,-9.410144630131894
2026-07-31,CKP.BK,-883900.0,-21.759455971750867
2026-07-31,CMAN.BK,300.0,0.0407442065133688
2026-07-31,CMO.BK,-100000.0,-10.325245224574084
2026-07-31,CMR.BK,-100.0,-0.2426006792819019
2026-07-31,CNT.BK,-4700.0,-0.333048942605038
2026-07-31,COCOCO.BK,-800.0,-0.1126056381643028
2026-07-31,COM7.BK,-76250.0,-0.705575247402442
2026-07-31,COMAN.BK,-300.0,-27.198549410698096
2026-07-31,CPALL.BK,7847700.0,13.507000621779508
2026-07-31,CPAXT.BK,2037800.0,21.416845508221808
2026-07-31,CPF.BK,1409300.0,5.0487306578320865
2026-07-31,CPL.BK,-400.0,-0.7791651245690243
2026-07-31,CPN.BK,2103500.0,21.34571029360474
2026-07-31,CPW.BK,-100.0,-0.0115272712182481
2026-07-31,CRANE.BK,1.0,0.0001197459947958
2026-07-31,CRC.BK,1124690.0,2.994005998340837
2026-07-31,CREDIT.BK,-61400.0,-4.169663187646388
2026-07-31,CSS.BK,51800.0,3.20811367870308
2026-07-31,CTW.BK,-1100.0,-1.5647003598810827
2026-07-31,CWT.BK,1000.0,0.0713317640345245
2026-07-31,D.BK,2500.0,2.9002320185614847
2026-07-31,DCC.BK,-700.0,-0.1484667625337762
2026-07-31,DCON.BK,600.0,0.0409498732601422
2026-07-31,DDD.BK,100.0,4.545454545454546
2026-07-31,DELTA.BK,1057783.0,4.65087393031588
2026-07-31,DEMCO.BK,5900.0,2.507437314067148
2026-07-31,DITTO.BK,828100.0,18.57211997576048
2026-07-31,DMT.BK,-7000.0,-2.2721371072448715
2026-07-31,DOD.BK,-2700.0,-0.4388096232575601
2026-07-31,DOHOME.BK,1474600.0,6.766653074623803
2026-07-31,DUSIT.BK,9300.0,8.237378210806023
2026-07-31,EA.BK,-2862500.0,-10.683143052715684
2026-07-31,EAST.BK,100.0,0.0082877438357833
2026-07-31,EASTW.BK,814300.0,15.42399604806271
2026-07-31,EFORL.BK,24400.0,3.180101945727129
2026-07-31,EGCO.BK,4280.0,0.1438885200158008
2026-07-31,EKH.BK,500.0,0.7217715160088922
2026-07-31,EMC.BK,1219300.0,1.957727315735881
2026-07-31,EP.BK,500.0,0.4516711833785004
2026-07-31,EPG.BK,-1556633.0,-11.769063005567164
2026-07-31,ERW.BK,-4854269.0,-14.094443157058128
2026-07-31,ESTAR.BK,50500.0,8.608932833276508
2026-07-31,ETC.BK,6300.0,0.4944666823640216
2026-07-31,ETL.BK,1.0,0.000183991963231
2026-07-31,EVER.BK,-3200.0,-0.0769748869431348
2026-07-31,FM.BK,170100.0,14.316928484375104
2026-07-31,FNS.BK,-16099.0,-9.715692723640776
2026-07-31,FORTH.BK,11760000.0,43.359146650699486
2026-07-31,FPT.BK,-100.0,-0.2583979328165375
2026-07-31,FSMART.BK,933100.0,24.942822102157844
2026-07-31,GABLE.BK,32300.0,24.48713477779631
2026-07-31,GCAP.BK,-200.0,-0.0043964595311395
2026-07-31,GEL.BK,-830000.0,-74.37935802548793
2026-07-31,GFPT.BK,224300.0,5.967401440104503
2026-07-31,GJS.BK,-3100.0,-0.2651322068920689
2026-07-31,GLOBAL.BK,-4067166.0,-21.07732720963591
2026-07-31,GLORY.BK,11000.0,41.825095057034225
2026-07-31,GPI.BK,99600.0,10.67981985846022
2026-07-31,GPSC.BK,-534400.0,-2.8303668063224587
2026-07-31,GRAMMY.BK,-33000.0,-23.14960961340152
2026-07-31,GRAND.BK,287700.0,27.082643009910537
2026-07-31,GREEN.BK,-100.0,-0.0436681222707423
2026-07-31,GTV.BK,55000.0,16.792816338494326
2026-07-31,GULF.BK,2487398.0,3.8978048464981505
2026-07-31,GUNKUL.BK,-12269700.0,-24.420448483844165
2026-07-31,HANA.BK,8974339.0,19.335767571566084
2026-07-31,HANN.BK,30000.0,5.524170085514153
2026-07-31,HARN.BK,-50000.0,-14.212620807276863
2026-07-31,HENG.BK,873000.0,13.951742313716672
2026-07-31,HFT.BK,200.0,0.3194581988946746
2026-07-31,HL.BK,600.0,0.7652085193215151
2026-07-31,HMPRO.BK,9385310.0,8.58599444322914
2026-07-31,HTC.BK,17900.0,7.30412499438929
2026-07-31,HTECH.BK,305100.0,12.779260989284854
2026-07-31,HUMAN.BK,1777300.0,33.688624833859905
2026-07-31,ICHI.BK,1606000.0,35.45505883641177
2026-07-31,ICN.BK,104000.0,13.511722718662549
2026-07-31,IIG.BK,100.0,0.3436189952580579
2026-07-31,III.BK,-19800.0,-1.2026648136719906
2026-07-31,ILINK.BK,30600.0,10.43585021485574
2026-07-31,ILM.BK,-21600.0,-8.492068172436163
2026-07-31,IND.BK,2200.0,0.1143622924649284
2026-07-31,INET.BK,199100.0,23.813710046849977
2026-07-31,INGRS.BK,650000.0,6.806844376268953
2026-07-31,INOX.BK,500.0,2.2340377999195744
2026-07-31,INSET.BK,267300.0,3.040620436723187
2026-07-31,IP.BK,300.0,0.1952552962999121
2026-07-31,IRCP.BK,-100.0,-0.0213709005270064
2026-07-31,IROYAL.BK,5100.0,1.0685103708359522
2026-07-31,IRPC.BK,53227500.0,36.64923654154346
2026-07-31,IT.BK,-11900.0,-4.937656895085165
2026-07-31,ITC.BK,1835200.0,11.271256055336758
2026-07-31,ITD.BK,2900.0,0.1269857395014539
2026-07-31,ITEL.BK,398200.0,8.794365775385007
2026-07-31,ITEL-W6.BK,-50.0,-0.0024610538232471
2026-07-31,IVL.BK,-852700.0,-2.6789716091844458
2026-07-31,J.BK,7400.0,0.3750004434126864
2026-07-31,JAS.BK,61000.0,0.8100388513224149
2026-07-31,JDF.BK,-600.0,-0.145985401459854
2026-07-31,JMART.BK,-941712.0,-12.418688430722154
2026-07-31,JMT.BK,498200.0,10.258403881308908
2026-07-31,JPARK.BK,107000.0,17.741668048416514
2026-07-31,JR.BK,-100.0,-0.4608294930875576
2026-07-31,JTS.BK,1500.0,0.468023101620296
2026-07-31,JUBILE.BK,199.0,0.2718542096419448
2026-07-31,KAMART.BK,26700.0,2.625069313627944
2026-07-31,KBANK.BK,1713180.0,16.313481509187962
2026-07-31,KBS.BK,-3900.0,-2.5307912940779485
2026-07-31,KCC.BK,16100.0,10.037406483790525
2026-07-31,KCE.BK,1036757.0,2.123776570585417
2026-07-31,KCG.BK,-104700.0,-18.40607277342775
2026-07-31,KGEN.BK,209800.0,8.077631505997006
2026-07-31,KGI.BK,-335400.0,-4.72490860809602
2026-07-31,KISS.BK,134900.0,17.36768246366176
2026-07-31,KJL.BK,400.0,0.1527277170260859
2026-07-31,KKP.BK,-2869350.0,-14.164092693443886
2026-07-31,KLINIQ.BK,-4200.0,-0.8683839994045367
2026-07-31,KSL.BK,365100.0,19.792286700298916
2026-07-31,KTB.BK,20229899.0,14.954721600647844
2026-07-31,KTC.BK,3256418.0,6.008801395043921
2026-07-31,KUMWEL.BK,8700.0,1.5136989757303598
2026-07-31,LANNA.BK,-1298.0,-0.6180628633738232
2026-07-31,LEE.BK,200.0,0.1697691987742663
2026-07-31,LH.BK,5914200.0,18.48784426271632
2026-07-31,LHFG.BK,3678700.0,17.193209385687332
2026-07-31,LIT.BK,-10000.0,-0.6363330923752023
2026-07-31,LOXLEY.BK,-700.0,-0.0291873410332318
2026-07-31,LPH.BK,-100.0,-0.3448275862068966
2026-07-31,LPN.BK,-1000.0,-0.1007228881683845
2026-07-31,LTS.BK,1995100.0,17.351426615841277
2026-07-31,M.BK,73100.0,9.821440567520725
2026-07-31,MAGURO.BK,48300.0,6.919651811143648
2026-07-31,MAJOR.BK,505400.0,8.77996680498502
2026-07-31,MALEE.BK,600.0,0.5283969317751495
2026-07-31,MASTEC.BK,197500.0,11.558494762099842
2026-07-31,MASTER.BK,-8100.0,-1.7824880452267833
2026-07-31,MATI.BK,-68.0,-40.0
2026-07-31,MBAX.BK,-6000.0,-1.4602021893298158
2026-07-31,MBK.BK,39300.0,1.1908293414289528
2026-07-31,MC.BK,51400.0,14.161105998908988
2026-07-31,MCOT.BK,-20100.0,-10.929853181076671
2026-07-31,MCS.BK,29000.0,11.944675557898726
2026-07-31,MDX.BK,88700.0,8.386913767019667
2026-07-31,MEB.BK,100700.0,17.622702661080602
2026-07-31,MEDEZE.BK,-100.0,-0.0406008932196508
2026-07-31,MEGA.BK,-21100.0,-4.564619654689768
2026-07-31,METCO.BK,-100.0,-2.4807740014884643
2026-07-31,MFC.BK,79700.0,16.960297581933983
2026-07-31,MFEC.BK,-100.0,-0.0554182414683617
2026-07-31,MGC.BK,1734100.0,16.662398814674173
2026-07-31,MGI.BK,-100.0,-0.0776554273378166
2026-07-31,MICRO.BK,235600.0,1.994962296821431
2026-07-31,MIDA.BK,-300.0,-0.0304537610394883
2026-07-31,MINT.BK,1681300.0,2.9713400616433328
2026-07-31,ML.BK,-217400.0,-4.8987034209128675
2026-07-31,MMM.BK,-18400.0,-12.875416351778767
2026-07-31,MONO.BK,-34900.0,-0.4484798780957159
2026-07-31,MORE.BK,-100.0,-0.0174715214200852
2026-07-31,MOSHI.BK,126700.0,14.191085713261664
2026-07-31,MRDIYT.BK,535000.0,14.791251209910524
2026-07-31,MSC.BK,100.0,1.3326226012793176
2026-07-31,MST.BK,1200.0,1.1009073311254025
2026-07-31,MTC.BK,-298100.0,-3.1741397373226334
2026-07-31,MTI.BK,0.0,0.0
2026-07-31,NAT.BK,100.0,0.5680527152919791
2026-07-31,NCAP.BK,15771000.0,30.368758294434617
2026-07-31,NCH.BK,1.0,0.0023361756804111
2026-07-31,NDR.BK,-200.0,-0.2098635886673662
2026-07-31,NEO.BK,444000.0,43.879631450627016
2026-07-31,NEP.BK,-100.0,-0.9174311926605504
2026-07-31,NER.BK,433800.0,14.948002453429632
2026-07-31,NETBAY.BK,40700.0,7.688965295751232
2026-07-31,NEX.BK,-11000.0,-0.4116711002396674
2026-07-31,NKT.BK,10000.0,8.196654125785855
2026-07-31,NNCL.BK,800.0,0.1676066606886957
2026-07-31,NOBLE.BK,800.0,0.2127699185889099
2026-07-31,NRF.BK,4000.0,0.7345946323170216
2026-07-31,NSL.BK,45700.0,14.907699484265365
2026-07-31,NTF.BK,-147700.0,-13.49837233573934
2026-07-31,NTSC.BK,-200.0,-0.5537098560354374
2026-07-31,NV.BK,-1200.0,-0.5498306979642519
2026-07-31,NYT.BK,230000.0,21.01466092387759
2026-07-31,OKJ.BK,7900.0,0.6891546253615881
2026-07-31,ONEE.BK,-26400.0,-4.910065820920228
2026-07-31,ONSENS.BK,89400.0,16.92861200530203
2026-07-31,OR.BK,-2637500.0,-25.301522197133348
2026-07-31,ORI.BK,1227900.0,19.58919016191593
2026-07-31,OSP.BK,-317200.0,-6.1458420723965475
2026-07-31,PACO.BK,2600.0,1.6560509554140128
2026-07-31,PAP.BK,-5800.0,-3.874389616635827
2026-07-31,PCC.BK,1300.0,1.1158510939632456
2026-07-31,PCE.BK,26400.0,1.4773363178511472
2026-07-31,PCSGH.BK,2800.0,1.1668125182314455
2026-07-31,PEACE.BK,1.0,0.0004407189006707
2026-07-31,PHG.BK,-14300.0,-66.91936917965276
2026-07-31,PHOL.BK,-100.0,-0.0204144125752781
2026-07-31,PIN.BK,505600.0,47.4329362451052
2026-07-31,PIS.BK,111795.0,3.0449440772916545
2026-07-31,PLANB.BK,-364800.0,-2.303170179906128
2026-07-31,PLANET.BK,-200.0,-0.4830801188377092
2026-07-31,PLAT.BK,-281000.0,-2.3036359409180505
2026-07-31,PLE.BK,6000.0,0.5223104926954878
2026-07-31,PLUS.BK,-4700.0,-2.453014337085923
2026-07-31,PM.BK,5600.0,8.300231220726863
2026-07-31,PMC.BK,54100.0,4.91002671018227
2026-07-31,POLY.BK,500.0,1.2345679012345678
2026-07-31,PPM.BK,-5000.0,-2.7247956403269753
2026-07-31,PPPM.BK,2500.0,19.99360204734485
2026-07-31,PR9.BK,-106100.0,-7.876868436252303
2026-07-31,PRG.BK,-2176.0,-1.1667685444347928
2026-07-31,PRG-W5.BK,-80.0,-3.0639601685178093
2026-07-31,PRI.BK,100.0,0.0637348629700446
2026-07-31,PRIME.BK,-200.0,-0.0096562332675582
2026-07-31,PRINC.BK,300.0,0.2120740845468683
2026-07-31,PRM.BK,3494300.0,32.6308863390299
2026-07-31,PRTR.BK,-300.0,-0.4716981132075472
2026-07-31,PSH.BK,-3400.0,-1.2568340350656697
2026-07-31,PSL.BK,-112500.0,-2.686866168270905
2026-07-31,PSP.BK,359100.0,18.435427233710495
2026-07-31,PT.BK,28600.0,21.690986864059703
2026-07-31,PTG.BK,-2700.0,-0.0484445182874468
2026-07-31,PTL.BK,-116600.0,-11.278690046894589
2026-07-31,PTT.BK,2012602.0,2.8887835375615336
2026-07-31,PTTEP.BK,1235390.0,6.566595700721338
2026-07-31,PTTGC.BK,-2824500.0,-10.828619206707891
2026-07-31,PYLON.BK,29500.0,7.137689662931679
2026-07-31,QH.BK,1710500.0,5.480589549308741
2026-07-31,QLT.BK,0.0,0.0
2026-07-31,QTCG.BK,-16400.0,-0.1708488165073293
2026-07-31,RABBIT.BK,235500.0,0.8557443886060633
2026-07-31,RABBIT-P.BK,-300.0,-0.0110030529804336
2026-07-31,RAM.BK,-700.0,-1.7557060446450965
2026-07-31,RATCH.BK,-549900.0,-6.32968654066228
2026-07-31,RBF.BK,259300.0,28.712022730443604
2026-07-31,RCL.BK,756500.0,10.36661929402569
2026-07-31,RJH.BK,-20500.0,-9.640163271448188
2026-07-31,ROCTEC.BK,351800.0,1.01347725977989
2026-07-31,ROJNA.BK,-137700.0,-6.790322532923448
2026-07-31,RP.BK,101.0,0.3659287706967138
2026-07-31,RPC.BK,-4400.0,-0.5986394557823129
2026-07-31,RS.BK,-21300.0,-2.402203260229664
2026-07-31,RWI.BK,-3300.0,-0.3121405654095284
2026-07-31,S.BK,-52400.0,-1.7274197557481212
2026-07-31,SA.BK,-19200.0,-30.04365718935328
2026-07-31,SAAM.BK,-4000.0,-10.526315789473683
2026-07-31,SABINA.BK,8700.0,3.787928264475763
2026-07-31,SAFE.BK,1000.0,0.2623817970004513
2026-07-31,SAK.BK,191800.0,15.497374415111477
2026-07-31,SALEE.BK,-2100.0,-0.1161246869471981
2026-07-31,SAMART.BK,3347700.0,36.93560987999154
2026-07-31,SAMCO.BK,-179600.0,-71.4362423581915
2026-07-31,SAMTEL.BK,900.0,0.2094445530453238
2026-07-31,SANKO.BK,32200.0,1.131849181448078
2026-07-31,SAPPE.BK,21100.0,3.004884717811419
2026-07-31,SAT.BK,-77900.0,-8.433665808143305
2026-07-31,SAV.BK,62600.0,11.74263740386419
2026-07-31,SAWAD.BK,-357121.0,-2.7162332205831974
2026-07-31,SC.BK,1908900.0,21.28482799530795
2026-07-31,SCAP.BK,9011200.0,23.68637693454933
2026-07-31,SCB.BK,770750.0,6.051523570674493
2026-07-31,SCC.BK,1630552.0,28.516423747013786
2026-07-31,SCCC.BK,4600.0,2.789620187147128
2026-07-31,SCG.BK,-160.0,-0.5104156697610617
2026-07-31,SCGD.BK,-12300.0,-0.7600648341482917
2026-07-31,SCGP.BK,-2247600.0,-19.487750315410057
2026-07-31,SCM.BK,40300.0,7.962853191068958
2026-07-31,SE-ED.BK,-2.0,-0.0394011032308904
2026-07-31,SEAFCO.BK,130900.0,25.268562934936828
2026-07-31,SEAOIL.BK,27600.0,4.041966152926911
2026-07-31,SECURE.BK,100.0,0.0169542675586871
2026-07-31,SFLEX.BK,-5900.0,-2.2222222222222223
2026-07-31,SGC.BK,-5965400.0,-17.017530932387764
2026-07-31,SGP.BK,1700.0,1.0189464094126672
2026-07-31,SHR.BK,472100.0,12.51449332604536
2026-07-31,SICT.BK,-94000.0,-4.1075604018941965
2026-07-31,SIMAT.BK,258700.0,15.160571964369431
2026-07-31,SINGER.BK,-3439200.0,-46.33058581140628
2026-07-31,SINO.BK,100.0,0.2577253163578258
2026-07-31,SIRI.BK,3694000.0,7.474694799146208
2026-07-31,SIS.BK,21280.0,2.0818149356525484
2026-07-31,SISB.BK,617800.0,6.576911378940278
2026-07-31,SITHAI.BK,453500.0,87.33515129105811
2026-07-31,SJWD.BK,334900.0,3.2325696303123723
2026-07-31,SKE.BK,-100.0,-0.0420475473665621
2026-07-31,SKR.BK,-3100.0,-1.0302357578214834
2026-07-31,SKY.BK,437900.0,2.327317579676879
2026-07-31,SMART.BK,-8101.0,-0.2734801864432012
2026-07-31,SMIT.BK,-2700.0,-2.8359557170766547
2026-07-31,SMO.BK,-57100.0,-6.873886454471036
2026-07-31,SMPC.BK,25700.0,21.649397691854094
2026-07-31,SMT.BK,-1521600.0,-2.144788654800988
2026-07-31,SNC.BK,-2107.0,-1.3581894245582822
2026-07-31,SNNP.BK,-45200.0,-4.839037759482694
2026-07-31,SOLAR.BK,300.0,0.1123717557337688
2026-07-31,SPA.BK,811700.0,24.041480365186445
2026-07-31,SPACK.BK,-1600.0,-5.111821086261981
2026-07-31,SPALI.BK,-2025600.0,-15.04217467547117
2026-07-31,SPCG.BK,41499.0,9.073278877772337
2026-07-31,SPG.BK,100.0,16.666666666666664
2026-07-31,SPI.BK,-600.0,-2.941176470588235
2026-07-31,SPRC.BK,6510500.0,25.647297327162015
2026-07-31,SPVI.BK,312900.0,28.578604863568906
2026-07-31,SQ.BK,864000.0,30.7834823814444
2026-07-31,SRICHA.BK,-195400.0,-24.13737302864738
2026-07-31,SSF.BK,-300.0,-1.020408163265306
2026-07-31,SSP.BK,566100.0,31.632802450606224
2026-07-31,STA.BK,703900.0,9.22936687775724
2026-07-31,STANLY.BK,-859.0,-3.902594157466721
2026-07-31,STARM.BK,-3000.0,-52.57623554153522
2026-07-31,STECON.BK,-584700.0,-4.257573357945268
2026-07-31,STELLA.BK,-5300.0,-0.6110066507497512
2026-07-31,STGT.BK,33400.0,2.719874136602828
2026-07-31,STPI.BK,-3568200.0,-36.5644988044448
2026-07-31,STX.BK,6600.0,2.12283494958267
2026-07-31,SUC.BK,1500.0,2.121250689406474
2026-07-31,SUN.BK,100.0,0.0160941184044291
2026-07-31,SUPER.BK,613900.0,1.3279008295367714
2026-07-31,SUSCO.BK,8300.0,0.4480971258618446
2026-07-31,SVOA.BK,525600.0,4.944716265858654
2026-07-31,SVR.BK,1.0,0.0007704100892905
2026-07-31,SVT.BK,-2000.0,-1.229241189413775
2026-07-31,SYMC.BK,100.0,0.2444031674650503
2026-07-31,SYNEX.BK,2314000.0,39.5378547621159
2026-07-31,SYNTEC.BK,84400.0,4.984644460193716
2026-07-31,TACC.BK,55200.0,3.8347740366345966
2026-07-31,TAE.BK,1717100.0,45.53674404987163
2026-07-31,TAKUNI.BK,-2600.0,-0.3572385460391176
2026-07-31,TASCO.BK,630600.0,11.301115774608512
2026-07-31,TBSP.BK,1.0,100.0
2026-07-31,TC.BK,-14000.0,-17.946877243359655
2026-07-31,TCAP.BK,3670250.0,15.44944033058035
2026-07-31,TCC.BK,-200.0,-0.0743218134522482
2026-07-31,TCJ.BK,3600.0,94.24083769633508
2026-07-31,TCMC.BK,-200.0,-0.1013674468581159
2026-07-31,TEAM.BK,1315000.0,24.07724639793408
2026-07-31,TEAMG.BK,4993800.0,39.68149280857371
2026-07-31,TEGH.BK,42900.0,5.087036949200778
2026-07-31,TFG.BK,-139266.0,-0.7686429273712849
2026-07-31,TFI.BK,-200.0,-14.23487544483986
2026-07-31,TFM.BK,-203700.0,-21.02394996361835
2026-07-31,TFMAMA.BK,400.0,22.246941045606228
2026-07-31,TGE.BK,16800.0,1.6872873942557909
2026-07-31,TH.BK,700.0,0.0177408317915705
2026-07-31,THAI.BK,-9429019.0,-14.078918442612858
2026-07-31,THANI.BK,1677900.0,2.6480443658141275
2026-07-31,THCOM.BK,-389900.0,-15.306342769431284
2026-07-31,THG.BK,128300.0,19.680449628479742
2026-07-31,THMUI.BK,4.0,0.0184297825285661
2026-07-31,THREL.BK,-100.0,-0.0290441849185165
2026-07-31,TIDLOR.BK,-2454600.0,-20.2465365975574
2026-07-31,TIPH.BK,106101.0,40.45734288132879
2026-07-31,TISCO.BK,-141900.0,-1.5670656039480777
2026-07-31,TITLE.BK,28600.0,5.33878910289676
2026-07-31,TK.BK,100.0,0.53475935828877
2026-07-31,TKC.BK,300.0,0.3018108651911468
2026-07-31,TKN.BK,162400.0,34.88459514322231
2026-07-31,TKS.BK,6800.0,1.286117683550744
2026-07-31,TLI.BK,1702900.0,11.80305552821602
2026-07-31,TMAN.BK,21100.0,4.423238984877135
2026-07-31,TMT.BK,-25400.0,-4.608963890401016
2026-07-31,TMW.BK,-19500.0,-9.781545484186502
2026-07-31,TNDT.BK,-400.0,-0.0222890894906943
2026-07-31,TNP.BK,100.0,0.0576990762377894
2026-07-31,TNPC.BK,1.0,0.0014574497544197
2026-07-31,TNR.BK,100.0,0.0310269934843313
2026-07-31,TOA.BK,-318400.0,-12.323598181030716
2026-07-31,TOG.BK,-3900.0,-7.493803201199009
2026-07-31,TOP.BK,3603200.0,21.713154120669383
2026-07-31,TPAC.BK,200.0,0.5390835579514826
2026-07-31,TPCH.BK,15300.0,2.279832275868646
2026-07-31,TPIPL.BK,15086700.0,19.344730294900103
2026-07-31,TPIPP.BK,-62500.0,-4.269329817682539
2026-07-31,TPOLY.BK,53100.0,33.58612532495051
2026-07-31,TQM.BK,-48400.0,-14.923302243120323
2026-07-31,TRC.BK,1100.0,0.3930831656774073
2026-07-31,TRITN.BK,-20000.0,-2.92161881055055
2026-07-31,TRP.BK,-9500.0,-29.6875
2026-07-31,TRT.BK,214390.0,7.345270182533681
2026-07-31,TRU.BK,-200.0,-1.6127731634545603
2026-07-31,TRUBB.BK,35100.0,3.969892156918187
2026-07-31,TRUE.BK,18105496.0,8.760411152548988
2026-07-31,TSC.BK,21900.0,54.33973500074438
2026-07-31,TSE.BK,55300.0,1.412910424289591
2026-07-31,TSTH.BK,224600.0,2.914409275451383
2026-07-31,TTA.BK,354500.0,9.471409834716551
2026-07-31,TTB.BK,58456300.0,10.367374202568596
2026-07-31,TTW.BK,130500.0,4.898383871142101
2026-07-31,TU.BK,480000.0,2.5451801287606624
2026-07-31,TURBO.BK,1002000.0,7.624832084380258
2026-07-31,TVDH.BK,4000.0,0.5809689109011554
2026-07-31,TVO.BK,54200.0,15.492309583222571
2026-07-31,TWPC.BK,500.0,0.0961301833394856
2026-07-31,TYCN.BK,2200.0,61.09414051652319
2026-07-31,UAC.BK,-100.0,-0.0325414904002603
2026-07-31,UBE.BK,-2000.0,-0.3853326962499422
2026-07-31,UBIS.BK,-600.0,-1.2846865364850977
2026-07-31,UEC.BK,-10000.0,-1.4005209938096972
2026-07-31,UKEM.BK,18371700.0,36.41170538509218
2026-07-31,UMI.BK,-4100.0,-3.388401748745878
2026-07-31,UMS.BK,181400.0,5.900568588417451
2026-07-31,UNIX.BK,137900.0,8.57639867131123
2026-07-31,UREKA.BK,31600.0,0.4874136229022704
2026-07-31,UTP.BK,15717.0,7.496387024768556
2026-07-31,UV.BK,2400.0,0.5317781775961854
2026-07-31,UVAN.BK,18700.0,2.8899768801849586
2026-07-31,VCOM.BK,-92200.0,-49.1146576889476
2026-07-31,VGI.BK,32068400.0,27.391422525906258
2026-07-31,VIBHA.BK,-31500.0,-1.8759446721384696
2026-07-31,VIBHA-W5.BK,-200.0,-0.032293743894464
2026-07-31,VIH.BK,3700.0,4.039213117617519
2026-07-31,VNG.BK,-87000.0,-66.15969581749049
2026-07-31,WASH.BK,4300.0,0.3002583618462398
2026-07-31,WHA.BK,-44029900.0,-11.212026082649244
2026-07-31,WHAUP.BK,-5751100.0,-22.45153718329185
2026-07-31,WICE.BK,-141000.0,-3.937699450760744
2026-07-31,WIIK.BK,89400.0,3.6849127553625993
2026-07-31,WORK.BK,-1900.0,-1.2610842669781763
2026-07-31,WP.BK,-100.0,-0.0515182426097081
2026-07-31,WPH.BK,-4200.0,-2.477686077174022
2026-07-31,XO.BK,150300.0,12.981045773084755
2026-07-31,XPG.BK,968200.0,4.972402192047711
2026-07-31,XYZ.BK,-100.0,-0.0245814395382622
2026-07-31,YGG.BK,1600.0,0.1966522414053752
2026-07-31,YONG.BK,4.0,0.0051082958724969
2026-07-31,ZIGA.BK,1300.0,0.1867252696743798
2026-08-03,88TH.BK,2400.0,0.2988311964827568
2026-08-03,A5-W5.BK,-400.0,-0.1670843776106934
2026-08-03,AAI.BK,-42300.0,-1.041400982215924
2026-08-03,AAV.BK,233700.0,1.6769271117926292
2026-08-03,ACE.BK,-34900.0,-3.932381073641441
2026-08-03,ADB.BK,-305000.0,-1.734252672995116
2026-08-03,ADD.BK,-300.0,-0.1736101064229952
2026-08-03,ADVANC.BK,-2877991.0,-31.662105094314423
2026-08-03,ADVICE.BK,-427200.0,-19.93718293952108
2026-08-03,AE.BK,400.0,0.0630757634532719
2026-08-03,AEONTS.BK,-69300.0,-11.11075482588341
2026-08-03,AGE.BK,60400.0,1.4425079385701784
2026-08-03,AH.BK,123000.0,8.041806935175844
2026-08-03,AIE.BK,73200.0,3.43867646658142
2026-08-03,AIT.BK,192403.0,16.35536144020143
2026-08-03,AJ.BK,-44200.0,-2.97358754591569
2026-08-03,AJA.BK,2800.0,0.2626025791324736
2026-08-03,AKP.BK,-300.0,-0.0544168329403228
2026-08-03,ALT.BK,3206100.0,25.54089075818231
2026-08-03,ALUCON.BK,-1000.0,-52.63157894736842
2026-08-03,AMA.BK,-5000.0,-3.594872274188098
2026-08-03,AMANAH.BK,-22557.0,-0.1879034401065594
2026-08-03,AMARC.BK,220500.0,10.81548777849881
2026-08-03,AMARIN.BK,-500.0,-2.3041474654377883
2026-08-03,AMATA.BK,-1369672.0,-20.23344648064968
2026-08-03,AMATAV.BK,100.0,0.5318866017765013
2026-08-03,ANAN.BK,9600.0,0.5369577984730263
2026-08-03,ANI.BK,-22200.0,-0.6705899197648223
2026-08-03,AOT.BK,-277021.0,-1.3210186217555655
2026-08-03,AP.BK,438461.0,5.157196752500169
2026-08-03,APCO.BK,1000.0,0.989060985500366
2026-08-03,APO.BK,-12600.0,-9.092549161104095
2026-08-03,APURE.BK,400.0,0.2306805074971165
2026-08-03,ARROW.BK,100.0,0.1754355186751109
2026-08-03,AS.BK,42700.0,13.114250614250611
2026-08-03,ASAP.BK,-2000.0,-8.16326530612245
2026-08-03,ASEFA.BK,86100.0,11.488900067919282
2026-08-03,ASIAN.BK,-160700.0,-11.352461795822409
2026-08-03,ASK.BK,607300.0,24.08329417269939
2026-08-03,ASP.BK,306900.0,15.893541753302609
2026-08-03,ASTR.BK,-10400.0,-2.4349756151240083
2026-08-03,ATLAS.BK,-9500.0,-0.4736245941785056
2026-08-03,AU.BK,-10300.0,-4.166481264992253
2026-08-03,AUCT.BK,-4700.0,-1.7642642642642643
2026-08-03,AURA.BK,-354000.0,-15.927951665415826
2026-08-03,AWC.BK,-2667425.0,-3.7807020596157295
2026-08-03,AYUD.BK,488.0,12.55790015440041
2026-08-03,B52.BK,-33300.0,-14.500326583932072
2026-08-03,BA.BK,-2415800.0,-13.970602862915296
2026-08-03,BAFS.BK,91802.0,15.760703482043834
2026-08-03,BAM.BK,471402.0,4.944034791425859
2026-08-03,BAY.BK,-281300.0,-22.894134364885137
2026-08-03,BBGI.BK,-757300.0,-23.82485694232044
2026-08-03,BBIK.BK,-218200.0,-3.684394310565735
2026-08-03,BBL.BK,1336100.0,13.36172687794216
2026-08-03,BCH.BK,-581800.0,-6.114894002548118
2026-08-03,BCP.BK,4342000.0,21.231259513909777
2026-08-03,BCPG.BK,-1565399.0,-27.137909173066433
2026-08-03,BCT.BK,-100.0,-25.0
2026-08-03,BDMS.BK,6014368.0,8.52079010744379
2026-08-03,BE8.BK,-477500.0,-30.206587756305268
2026-08-03,BEAUTY.BK,550000.0,17.44813146373961
2026-08-03,BEC.BK,-2100.0,-0.3776971624151755
2026-08-03,BEM.BK,-1329811.0,-18.10557705160918
2026-08-03,BGC.BK,-400.0,-0.1310942436517612
2026-08-03,BGRIM.BK,-923100.0,-4.837827946797205
2026-08-03,BH.BK,808092.0,18.986428129044143
2026-08-03,BIOTEC.BK,-2700.0,-0.094422101766043
2026-08-03,BIZ.BK,1300.0,0.4582176040153961
2026-08-03,BJC.BK,1316174.0,13.516965862876392
2026-08-03,BKGI.BK,43600.0,13.823715916296766
2026-08-03,BKIH.BK,100.0,1.0856584518510477
2026-08-03,BLA.BK,407200.0,25.73439725769409
2026-08-03,BLAND.BK,-534100.0,-3.979129721640468
2026-08-03,BLC.BK,17200.0,5.422104533131581
2026-08-03,BM.BK,-800.0,-0.0886708571035886
2026-08-03,BOL.BK,17502.0,2.4774787527390707
2026-08-03,BR.BK,300.0,0.1056710109193377
2026-08-03,BRI.BK,200.0,0.0320763159709581
2026-08-03,BRR.BK,500.0,0.6097486616016878
2026-08-03,BSM.BK,200.0,0.5018190942165349
2026-08-03,BTC.BK,99380.0,4.316719883624915
2026-08-03,BTG.BK,170400.0,3.491458425622715
2026-08-03,BTS.BK,-2611699.0,-4.588416090527445
2026-08-03,BWG.BK,-18400.0,-0.024193652834625
2026-08-03,BYD.BK,29600.0,1.5100245736093616
2026-08-03,CAZ.BK,-900.0,-0.3163444639718805
2026-08-03,CBG.BK,451300.0,7.963944314153163
2026-08-03,CCET.BK,3793993.0,11.460191483418804
2026-08-03,CEN.BK,-2800.0,-6.9478908188585615
2026-08-03,CENTEL.BK,754200.0,10.545894777642705
2026-08-03,CFRESH.BK,85100.0,4.765878327294313
2026-08-03,CGD.BK,3484200.0,7.303927683862732
2026-08-03,CHAYO.BK,-434800.0,-2.986020301778969
2026-08-03,CHEWA.BK,-100.0,-0.1631268147858145
2026-08-03,CHG.BK,4536000.0,11.988187512378676
2026-08-03,CHOW.BK,100.0,0.1048207041854907
2026-08-03,CITY.BK,22000.0,30.386740331491712
2026-08-03,CIVIL.BK,28000.0,7.59422947049235
2026-08-03,CK.BK,-52900.0,-0.955211418622578
2026-08-03,CKP.BK,-39100.0,-1.1061402382133827
2026-08-03,CMAN.BK,1100.0,0.2078216512374834
2026-08-03,CMR.BK,1200.0,0.2647218435229183
2026-08-03,CNT.BK,-21200.0,-2.0516731297596156
2026-08-03,COCOCO.BK,60700.0,7.220886563084021
2026-08-03,COM7.BK,439300.0,11.890065745865474
2026-08-03,COMAN.BK,100.0,0.2493765586034912
2026-08-03,CPALL.BK,4297863.0,7.017236534615525
2026-08-03,CPAXT.BK,740485.0,15.749146008919665
2026-08-03,CPF.BK,-704821.0,-4.359772719596903
2026-08-03,CPL.BK,-1400.0,-2.7943554020877825
2026-08-03,CPN.BK,2275040.0,31.784822629836977
2026-08-03,CRANE.BK,700.0,0.0592148950838948
2026-08-03,CRC.BK,-1164353.0,-4.979852254427859
2026-08-03,CREDIT.BK,127600.0,7.841180454075632
2026-08-03,CSS.BK,-84100.0,-3.2463459307767875
2026-08-03,CTW.BK,-7300.0,-11.388277873980126
2026-08-03,CWT.BK,16600.0,2.2272760816041752
2026-08-03,D.BK,-14000.0,-9.13015690826801
2026-08-03,DCC.BK,14009.0,5.554366098899356
2026-08-03,DCON.BK,3800.0,0.9926958484414674
2026-08-03,DELTA.BK,-2298487.0,-14.120703981127235
2026-08-03,DEMCO.BK,12700.0,12.95905143825063
2026-08-03,DIMET.BK,729700.0,29.067069364615456
2026-08-03,DITTO.BK,-74100.0,-1.5342822002559209
2026-08-03,DMT.BK,20000.0,5.158641110758604
2026-08-03,DOD.BK,100.0,0.0615384615384615
2026-08-03,DOHOME.BK,3403390.0,9.175817527464446
2026-08-03,DRT.BK,201.0,0.0928200676062582
2026-08-03,DUSIT.BK,11500.0,6.940127819049746
2026-08-03,EA.BK,-42700.0,-0.1689057423680316
2026-08-03,EAST.BK,-55900.0,-1.7845462128832743
2026-08-03,EASTW.BK,1278303.0,7.005126997837474
2026-08-03,EFORL.BK,500.0,0.0678416846447131
2026-08-03,EGCO.BK,-134900.0,-12.548311931128463
2026-08-03,EKH.BK,12900.0,5.1764819184282755
2026-08-03,EMC.BK,2000.0,0.0095116255843704
2026-08-03,EP.BK,300.0,0.1674209912438821
2026-08-03,EPG.BK,385900.0,5.430949119930106
2026-08-03,ERW.BK,5194200.0,7.550441629316751
2026-08-03,ESTAR.BK,261100.0,50.77780867792945
2026-08-03,ETC.BK,131000.0,3.3362196302144347
2026-08-03,FM.BK,429400.0,33.84460173085108
2026-08-03,FMT.BK,800.0,87.91208791208791
2026-08-03,FORTH.BK,-2352700.0,-24.19762010281546
2026-08-03,FPT.BK,700.0,1.6907804159319824
2026-08-03,FSMART.BK,-215300.0,-4.604828503824275
2026-08-03,FSX.BK,-500.0,-0.8403361344537815
2026-08-03,GABLE.BK,43700.0,15.435914463133953
2026-08-03,GEL.BK,-900.0,-0.0062006954286613
2026-08-03,GENCO.BK,-100.0,-0.0744042083020215
2026-08-03,GFPT.BK,-171600.0,-13.92148638639264
2026-08-03,GJS.BK,1300.0,0.2233289411974897
2026-08-03,GLOBAL.BK,3859180.0,14.229856289948394
2026-08-03,GLORY.BK,300.0,11.11111111111111
2026-08-03,GPSC.BK,-926100.0,-11.61063052832318
2026-08-03,GRAMMY.BK,2900.0,14.183009732479093
2026-08-03,GREEN.BK,-200.0,-0.1926782273603083
2026-08-03,GULF.BK,-1644273.0,-4.481916506927227
2026-08-03,GUNKUL.BK,-3441300.0,-13.89230121954971
2026-08-03,HANA.BK,5266950.0,21.438906615966108
2026-08-03,HENG.BK,445500.0,3.189455823710078
2026-08-03,HFT.BK,600.0,0.7254174172721887
2026-08-03,HL.BK,400.0,0.1142853877560349
2026-08-03,HMPRO.BK,8353803.0,11.18611966117497
2026-08-03,HTC.BK,116200.0,41.228627285403576
2026-08-03,HTECH.BK,121500.0,10.25229073302613
2026-08-03,HUMAN.BK,956600.0,26.054306041951627
2026-08-03,I2.BK,1.0,0.0003878840536986
2026-08-03,ICHI.BK,3298098.0,43.86215404388266
2026-08-03,ICN.BK,156500.0,15.201229308358636
2026-08-03,IIG.BK,300.0,0.4178272980501393
2026-08-03,III.BK,-19500.0,-0.8207585408344211
2026-08-03,ILINK.BK,27800.0,12.771978829755954
2026-08-03,ILM.BK,-3800.0,-2.204918127908461
2026-08-03,IND.BK,1700.0,0.106176008594011
2026-08-03,INET.BK,31200.0,3.112132528966772
2026-08-03,INSET.BK,-383800.0,-6.7045285614139525
2026-08-03,IP.BK,300.0,0.0954887912073921
2026-08-03,IROYAL.BK,20900.0,5.694341894826323
2026-08-03,IRPC.BK,2553000.0,1.9151171902066717
2026-08-03,IT.BK,-12400.0,-4.383980088245277
2026-08-03,ITC.BK,1971511.0,15.622462305027373
2026-08-03,ITD.BK,-452600.0,-7.189028075489561
2026-08-03,ITEL.BK,67400.0,1.1055376775933925
2026-08-03,IVL.BK,-495125.0,-2.6664118328208115
2026-08-03,J.BK,-800.0,-0.0341485590375228
2026-08-03,JAS.BK,2945200.0,38.815451322535154
2026-08-03,JDF.BK,6900.0,3.1959240389069015
2026-08-03,JMART.BK,-1146900.0,-5.303176727243134
2026-08-03,JMT.BK,-518699.0,-5.587319786507313
2026-08-03,JPARK.BK,71400.0,8.494438165486883
2026-08-03,JR.BK,100.0,0.2824858757062147
2026-08-03,JTS.BK,5600.0,1.431116040510806
2026-08-03,JUBILE.BK,100.0,0.0739639499707842
2026-08-03,KAMART.BK,30600.0,6.854024947754859
2026-08-03,KBANK.BK,-1076184.0,-12.182392208224426
2026-08-03,KBS.BK,-9400.0,-9.158222915042868
2026-08-03,KCC.BK,15200.0,5.988967691095351
2026-08-03,KCE.BK,6439185.0,19.791279461004187
2026-08-03,KCG.BK,-11300.0,-2.2499875553785653
2026-08-03,KGEN.BK,53600.0,1.167092604661098
2026-08-03,KGI.BK,2208100.0,28.352003977318397
2026-08-03,KIAT.BK,-2500.0,-0.7242178447276941
2026-08-03,KISS.BK,225000.0,29.767692924417844
2026-08-03,KJL.BK,-100.0,-0.0936996364454106
2026-08-03,KKP.BK,-2137276.0,-18.634196492933867
2026-08-03,KLINIQ.BK,137700.0,12.57260978892259
2026-08-03,KSL.BK,-12400.0,-0.2663116989440741
2026-08-03,KTB.BK,-6829258.0,-8.607306809402997
2026-08-03,KTC.BK,-1640289.0,-17.76012977335787
2026-08-03,KTIS.BK,-100.0,-0.0412541254125412
2026-08-03,KUMWEL.BK,117300.0,15.036437402657334
2026-08-03,KYE.BK,300.0,0.6505616515591794
2026-08-03,LALIN.BK,200.0,0.7627474161931276
2026-08-03,LANNA.BK,-23300.0,-7.171437365343182
2026-08-03,LEO.BK,100.0,0.1688789813219846
2026-08-03,LH.BK,4185603.0,16.553422240418037
2026-08-03,LHFG.BK,1540900.0,32.21559632931619
2026-08-03,LHK.BK,-4900.0,-4.432503821903806
2026-08-03,LIT.BK,10800.0,1.4782370654256776
2026-08-03,LPH.BK,-100.0,-0.1895087932080048
2026-08-03,LPN.BK,9900.0,2.5208286651321012
2026-08-03,LTS.BK,-1255800.0,-22.876546257240005
2026-08-03,M.BK,292900.0,29.716099145649466
2026-08-03,MAGURO.BK,-7900.0,-0.9928277619777128
2026-08-03,MAJOR.BK,-228000.0,-4.148837734043124
2026-08-03,MALEE.BK,12400.0,1.783131005484566
2026-08-03,MASTEC.BK,18000.0,2.406693817738403
2026-08-03,MASTER.BK,246400.0,24.032693826991913
2026-08-03,MBK.BK,422400.0,15.945627825120551
2026-08-03,MC.BK,513200.0,37.61059839106961
2026-08-03,MCOT.BK,0.0,0.0
2026-08-03,MCS.BK,127400.0,21.297011397411595
2026-08-03,MDX.BK,-33800.0,-5.602491616981848
2026-08-03,MEB.BK,-53600.0,-7.243899109784264
2026-08-03,MEDEZE.BK,-2300.0,-0.9995567183249168
2026-08-03,MEGA.BK,123605.0,5.347749752741477
2026-08-03,MENA.BK,-50000.0,-5.114566284779051
2026-08-03,METCO.BK,200.0,8.29875518672199
2026-08-03,MFC.BK,7602.0,29.909115946020385
2026-08-03,MGC.BK,-1119700.0,-20.660916841332018
2026-08-03,MGI.BK,300.0,0.2934329701285236
2026-08-03,MICRO.BK,-97800.0,-1.8054830193214375
2026-08-03,MIDA.BK,-330000.0,-26.753141467369275
2026-08-03,MINT.BK,3947007.0,7.361392105225906
2026-08-03,ML.BK,-393800.0,-19.21533323086457
2026-08-03,MMM.BK,-1379.0,-0.0328052692066049
2026-08-03,MMM-W1.BK,-2000.0,-0.0648845476800854
2026-08-03,MONO.BK,58400.0,1.1443042062192934
2026-08-03,MOONG.BK,-1100.0,-0.1269296186803473
2026-08-03,MORE.BK,3300.0,0.4820333041191936
2026-08-03,MOSHI.BK,-56600.0,-8.132674672896927
2026-08-03,MRDIYT.BK,101100.0,2.2457384281163786
2026-08-03,MST.BK,200.0,0.5318441696582901
2026-08-03,MTC.BK,612700.0,7.281900715140412
2026-08-03,MTW.BK,17000.0,7.5892857142857135
2026-08-03,NCAP.BK,-2176800.0,-6.906658452794284
2026-08-03,NDR.BK,-100.0,-0.0351000351000351
2026-08-03,NEO.BK,-202100.0,-29.70870475339276
2026-08-03,NER.BK,782200.0,20.665458407528547
2026-08-03,NETBAY.BK,-77299.0,-17.27931150106181
2026-08-03,NEX.BK,12100.0,0.383135696531197
2026-08-03,NNCL.BK,-100.0,-0.0260270942050674
2026-08-03,NOBLE.BK,18200.0,9.40704598081376
2026-08-03,NRF.BK,-23500.0,-15.761234071093224
2026-08-03,NSL.BK,-6600.0,-3.4554431082234314
2026-08-03,NTF.BK,1191200.0,21.142485835936657
2026-08-03,NUT.BK,20400.0,4.730972330769177
2026-08-03,NV.BK,100.0,0.0458505272810637
2026-08-03,NYT.BK,106100.0,11.739543673647326
2026-08-03,OKJ.BK,1000.0,0.1394204292755017
2026-08-03,ONEE.BK,-19600.0,-4.755192500382114
2026-08-03,ONSENS.BK,-6000.0,-2.1397239756071467
2026-08-03,OR.BK,-1539711.0,-8.10304908132857
2026-08-03,ORI.BK,-288000.0,-7.629476588765649
2026-08-03,OSP.BK,722700.0,9.50840231211926
2026-08-03,PAP.BK,-6400.0,-4.644243677660462
2026-08-03,PCC.BK,-122000.0,-35.40254434023586
2026-08-03,PCE.BK,-46500.0,-4.701215036608816
2026-08-03,PCSGH.BK,-2000.0,-1.484009794464643
2026-08-03,PDJ.BK,-4.0,-0.1814882032667876
2026-08-03,PEER.BK,-5800.0,-0.7725082944748343
2026-08-03,PHOL.BK,30800.0,5.800911948560225
2026-08-03,PIN.BK,184300.0,22.944488778613696
2026-08-03,PIS.BK,47300.0,4.688269711299721
2026-08-03,PK.BK,-4200.0,-4.520990312163617
2026-08-03,PLANB.BK,-19800.0,-0.227722290596415
2026-08-03,PLANET.BK,-300.0,-0.15527950310559
2026-08-03,PLAT.BK,646000.0,7.446309915418679
2026-08-03,PLE.BK,4400.0,0.2160305467193061
2026-08-03,PLUS.BK,-4100.0,-1.1942663563516036
2026-08-03,PM.BK,3500.0,0.7996326259250036
2026-08-03,PMC.BK,-20000.0,-15.511691937798116
2026-08-03,POLY.BK,200.0,0.2506234257716068
2026-08-03,POWER.BK,-44400.0,-5.503904797322424
2026-08-03,PPPM.BK,100.0,0.0466849049028487
2026-08-03,PQS.BK,100000.0,32.87310979618672
2026-08-03,PR9.BK,975900.0,25.64109301103521
2026-08-03,PRIME.BK,-200.0,-0.1016260162601626
2026-08-03,PRINC.BK,100.0,0.0208292976569123
2026-08-03,PRM.BK,3329800.0,34.10727700439406
2026-08-03,PROEN.BK,-17600.0,-2.4515607805992397
2026-08-03,PRTR.BK,-100.0,-0.043010752688172
2026-08-03,PSGC.BK,10000.0,17.127100210663333
2026-08-03,PSH.BK,-1900.0,-0.2405428672709778
2026-08-03,PSL.BK,-1241000.0,-16.411553627958412
2026-08-03,PSP.BK,290600.0,15.815370515599584
2026-08-03,PT.BK,4600.0,5.735732365740221
2026-08-03,PTG.BK,-410491.0,-9.168246483604449
2026-08-03,PTL.BK,3200.0,1.268829227481255
2026-08-03,PTT.BK,-6739151.0,-8.91046212238697
2026-08-03,PTTEP.BK,5154090.0,16.03663707076181
2026-08-03,PTTGC.BK,-2398035.0,-10.67267728124146
2026-08-03,PYLON.BK,65800.0,28.65853658536585
2026-08-03,QH.BK,952100.0,4.282218771320298
2026-08-03,QTC.BK,-100.0,-0.4974876871797423
2026-08-03,QTCG.BK,-300.0,-0.0060250642673521
2026-08-03,RABBIT.BK,-40300.0,-0.8021653288619085
2026-08-03,RAM.BK,-1400.0,-2.9849473370005546
2026-08-03,RATCH.BK,-222400.0,-4.123995031179368
2026-08-03,RBF.BK,1170600.0,38.61337541463363
2026-08-03,RCL.BK,-512400.0,-20.382591262217023
2026-08-03,RJH.BK,-92100.0,-24.957726326742975
2026-08-03,ROCTEC.BK,932500.0,10.120998298369852
2026-08-03,ROJNA.BK,122500.0,7.347379924318988
2026-08-03,RPC.BK,-500.0,-0.1212118273652669
2026-08-03,RT.BK,-400000.0,-9.929993545504196
2026-08-03,S.BK,-700.0,-0.0200951245782894
2026-08-03,S&J.BK,90.0,1.725129384703853
2026-08-03,SA.BK,200.0,0.5277044854881267
2026-08-03,SABINA.BK,6600.0,2.0735546381647154
2026-08-03,SAFE.BK,14600.0,7.924145304943907
2026-08-03,SAK.BK,871800.0,31.685456964040387
2026-08-03,SALEE.BK,-2500.0,-0.1187592038382974
2026-08-03,SAMART.BK,1671700.0,34.37191327183111
2026-08-03,SAMCO.BK,-131400.0,-43.72552086279703
2026-08-03,SAMTEL.BK,100.0,0.0251509054325955
2026-08-03,SANKO.BK,74800.0,2.243079664413691
2026-08-03,SAPPE.BK,-20800.0,-2.985524512160989
2026-08-03,SAT.BK,482000.0,37.85148084102536
2026-08-03,SAV.BK,138400.0,19.48329842106449
2026-08-03,SAWAD.BK,410301.0,4.9024541843294385
2026-08-03,SC.BK,1287300.0,28.31045126942894
2026-08-03,SCAP.BK,-7448600.0,-25.362118244551617
2026-08-03,SCB.BK,-455408.0,-5.459310033973239
2026-08-03,SCC.BK,649285.0,17.49873600850351
2026-08-03,SCCC.BK,-1000.0,-1.9964861843156043
2026-08-03,SCG.BK,-17.0,-0.5053507728894174
2026-08-03,SCGD.BK,-29400.0,-1.5349875347525876
2026-08-03,SCGP.BK,-187420.0,-2.5245161063507973
2026-08-03,SCM.BK,-800.0,-0.3926958570587081
2026-08-03,SE-ED.BK,50.0,0.0543059160864984
2026-08-03,SEAFCO.BK,196100.0,21.159100031506668
2026-08-03,SEAOIL.BK,20600.0,3.6194706436332456
2026-08-03,SECURE.BK,36600.0,2.196648011163293
2026-08-03,SENA.BK,8000.0,1.080205238995409
2026-08-03,SFLEX.BK,-3500.0,-1.1182108626198082
2026-08-03,SGC.BK,-1010500.0,-2.7195542137951776
2026-08-03,SGP.BK,1100.0,0.4795912138889615
2026-08-03,SHR.BK,256405.0,18.05709706134223
2026-08-03,SICT.BK,60100.0,1.4462920297036137
2026-08-03,SIMAT.BK,-317800.0,-20.731905410844657
2026-08-03,SINGER.BK,-1173500.0,-22.935959127671303
2026-08-03,SIRI.BK,28640520.0,29.75914853805642
2026-08-03,SIS.BK,-178100.0,-18.851049191606467
2026-08-03,SISB.BK,2122700.0,16.86564933544479
2026-08-03,SITHAI.BK,159300.0,47.35265091613854
2026-08-03,SJWD.BK,-14600.0,-0.2179627588233116
2026-08-03,SKY.BK,-235400.0,-3.1281938906134115
2026-08-03,SMIT.BK,-5000.0,-6.841817186644773
2026-08-03,SMO.BK,-59700.0,-8.052333423253305
2026-08-03,SMPC.BK,44300.0,6.0584013478917305
2026-08-03,SMT.BK,11252601.0,11.489848446251518
2026-08-03,SNC.BK,10500.0,3.5265668032511592
2026-08-03,SNNP.BK,9400.0,4.657569541477144
2026-08-03,SO.BK,100.0,0.072167775644819
2026-08-03,SPA.BK,8700.0,0.4267599063482744
2026-08-03,SPACK.BK,-2000.0,-8.547008547008547
2026-08-03,SPALI.BK,5300.0,0.1664365864044547
2026-08-03,SPCG.BK,306000.0,27.036578900865877
2026-08-03,SPG.BK,-100.0,-16.638935108153078
2026-08-03,SPRC.BK,3330700.0,10.329605821968917
2026-08-03,SPREME.BK,400.0,0.3920069777242034
2026-08-03,SPTX.BK,-1715000.0,-2.6674199522825788
2026-08-03,SPVI.BK,13400.0,5.201822967212987
2026-08-03,SQ.BK,774900.0,59.175257731958766
2026-08-03,SRICHA.BK,-6400.0,-0.8362788205855257
2026-08-03,SSP.BK,-146800.0,-14.950042619842211
2026-08-03,STA.BK,823400.0,7.929058709797511
2026-08-03,STANLY.BK,-100.0,-0.4662874195654201
2026-08-03,STECON.BK,-514700.0,-7.884229427246807
2026-08-03,STGT.BK,1372880.0,20.321895581325848
2026-08-03,STPI.BK,-2491800.0,-14.591895975557668
2026-08-03,SUPER.BK,2175200.0,7.452652427504865
2026-08-03,SUSCO.BK,57000.0,2.02241330676994
2026-08-03,SVOA.BK,-701600.0,-17.12658981182721
2026-08-03,SVR.BK,-1000.0,-0.4128699831136176
2026-08-03,SVT.BK,200.0,0.0680258226022598
2026-08-03,SYNEX.BK,-251900.0,-17.31365483074339
2026-08-03,SYNTEC.BK,492400.0,23.78398116988786
2026-08-03,TACC.BK,-393400.0,-31.528499070334036
2026-08-03,TAE.BK,400.0,0.0107365227784725
2026-08-03,TAKUNI.BK,-169000.0,-24.867386202279267
2026-08-03,TASCO.BK,16155200.0,25.775576785808937
2026-08-03,TC.BK,-300.0,-0.1715265866209262
2026-08-03,TCAP.BK,3326100.0,19.056527432152265
2026-08-03,TCJ.BK,1600.0,99.81285090455395
2026-08-03,TEAM.BK,-336700.0,-3.53940252740882
2026-08-03,TEAMG.BK,-118000.0,-2.426983282404392
2026-08-03,TEGH.BK,-7400.0,-2.40696588939016
2026-08-03,TFG.BK,-1138700.0,-12.07080635148933
2026-08-03,TFI.BK,-200.0,-33.33333333333333
2026-08-03,TFM.BK,-436590.0,-17.92574727566333
2026-08-03,TFMAMA.BK,300.0,28.49002849002849
2026-08-03,TGE.BK,-15300.0,-1.5176900162779694
2026-08-03,TH.BK,500.0,0.0087862390626699
2026-08-03,THAI.BK,11421700.0,5.9345748673661465
2026-08-03,THANI.BK,15683600.0,7.951464531436798
2026-08-03,THCOM.BK,-348500.0,-15.64437309832208
2026-08-03,THG.BK,263700.0,24.313693671432286
2026-08-03,THRE.BK,24300.0,6.843104234839567
2026-08-03,TIDLOR.BK,-380600.0,-4.409028569138167
2026-08-03,TIPCO.BK,-35900.0,-0.8299578247337143
2026-08-03,TIPH.BK,175502.0,37.41472524473855
2026-08-03,TISCO.BK,513049.0,11.336806675747033
2026-08-03,TITLE.BK,-179400.0,-26.61721068249258
2026-08-03,TK.BK,403.0,0.5961273907962664
2026-08-03,TKC.BK,600.0,0.7989347536617843
2026-08-03,TKN.BK,235800.0,43.24312428822147
2026-08-03,TKS.BK,34002.0,5.642764327214613
2026-08-03,TLI.BK,3798174.0,16.94706119830848
2026-08-03,TMAN.BK,14400.0,3.1589061410012853
2026-08-03,TMT.BK,700.0,1.3671073960510127
2026-08-03,TMW.BK,-4300.0,-1.4940983116689075
2026-08-03,TNDT.BK,-10500.0,-0.3452810439720342
2026-08-03,TNDT-W2.BK,-8630.0,-0.1682440603315792
2026-08-03,TNL.BK,100.0,0.7935878104912308
2026-08-03,TNP.BK,400.0,0.0658479570671319
2026-08-03,TNR.BK,-100.0,-0.2635601707869907
2026-08-03,TOA.BK,391900.0,4.719965381300097
2026-08-03,TOG.BK,200.0,0.1439905542196431
2026-08-03,TOP.BK,1506948.0,14.297568570449975
2026-08-03,TPCH.BK,14400.0,3.1957319224768694
2026-08-03,TPIPL.BK,6779700.0,10.001235310478192
2026-08-03,TPIPP.BK,-28800.0,-1.0666923462972255
2026-08-03,TQM.BK,-25400.0,-3.5685634846038963
2026-08-03,TRP.BK,200.0,0.13271400132714
2026-08-03,TRT.BK,1400900.0,35.53238078111379
2026-08-03,TRUBB.BK,22900.0,1.6672284765535983
2026-08-03,TRUE.BK,-24800233.0,-7.768763437680859
2026-08-03,TSE.BK,-76100.0,-3.97545561019848
2026-08-03,TSI.BK,-500000.0,-99.50644801783154
2026-08-03,TSTH.BK,262900.0,14.383403882588969
2026-08-03,TTA.BK,-93400.0,-1.0291566468974562
2026-08-03,TTB.BK,77843889.0,13.953684653199884
2026-08-03,TTW.BK,581500.0,17.39261518233233
2026-08-03,TU.BK,8764003.0,21.534945732766207
2026-08-03,TURBO.BK,1562700.0,10.53871607456666
2026-08-03,TVO.BK,158800.0,34.9606472563157
2026-08-03,TWPC.BK,500.0,0.1938728426799431
2026-08-03,TWZ.BK,-348333.0,-9.777307343822102
2026-08-03,UBE.BK,5200.0,0.2121999462154752
2026-08-03,UBIS.BK,-100.0,-0.0730438847659673
2026-08-03,UKEM.BK,-6886700.0,-29.396141856158454
2026-08-03,UMS.BK,-7700.0,-0.3415209658390327
2026-08-03,UNIQ.BK,200.0,0.0637732732589099
2026-08-03,UNIX.BK,10400.0,1.0117715731102248
2026-08-03,UREKA.BK,1235900.0,6.576782727715715
2026-08-03,UTP.BK,114210.0,18.04325261975516
2026-08-03,UV.BK,-100.0,-0.0190938443355246
2026-08-03,UVAN.BK,-33195.0,-8.91715467683877
2026-08-03,VCOM.BK,-39900.0,-15.42601312950892
2026-08-03,VGI.BK,-3612800.0,-3.4569140227648623
2026-08-03,VIBHA.BK,-30800.0,-2.1289022674882756
2026-08-03,VIBHA-W5.BK,-100.0,-0.0957992048665996
2026-08-03,VIH.BK,12900.0,13.728808147888
2026-08-03,VNG.BK,1300.0,0.4775900073475386
2026-08-03,VS.BK,-1100.0,-4.737499461647789
2026-08-03,WACOAL.BK,200.0,15.360983102918588
2026-08-03,WARRIX.BK,500.0,0.0959343041884917
2026-08-03,WASH.BK,-2700.0,-0.7919676877183411
2026-08-03,WFX.BK,-400.0,-0.8954355174497997
2026-08-03,WHA.BK,-30764890.0,-18.662448636908746
2026-08-03,WHAUP.BK,-1655200.0,-14.792728862560518
2026-08-03,WICE.BK,-231400.0,-11.212522362053026
2026-08-03,WIIK.BK,158000.0,15.78218191661614
2026-08-03,WORK.BK,-4300.0,-1.9967031181073112
2026-08-03,WPH.BK,223800.0,21.86868820116848
2026-08-03,XO.BK,-200.0,-0.0423788970044476
2026-08-03,XPG.BK,464500.0,3.359139528025348
2026-08-03,YGG.BK,100.0,0.0365804587189523
2026-08-03,YUASA.BK,-200.0,-1.2121212121212122
2026-08-03,ZIGA.BK,1300.0,0.2953874119518291
2026-08-04,2S.BK,100.0,0.1631055292774425
2026-08-04,88TH.BK,120400.0,11.332649985834188
2026-08-04,AAI.BK,-1155800.0,-46.46340634898046
2026-08-04,AAV.BK,-3505000.0,-21.826076002195187
2026-08-04,ACE.BK,-600.0,-0.1119607689465611
2026-08-04,ADB.BK,-96080.0,-1.611334348523167
2026-08-04,ADVANC.BK,-621889.0,-10.309205376464227
2026-08-04,ADVICE.BK,-280600.0,-14.793749509027826
2026-08-04,AE.BK,200.0,0.0363375394035192
2026-08-04,AEONTS.BK,-52300.0,-16.567462517303973
2026-08-04,AGE.BK,161100.0,6.210677276091784
2026-08-04,AH.BK,128800.0,19.503567578044557
2026-08-04,AI.BK,-1.0,-0.0004513613056979
2026-08-04,AIE.BK,47300.0,1.216977896542471
2026-08-04,AIT.BK,-20000.0,-3.043630442391685
2026-08-04,AJ.BK,987900.0,21.024279755080656
2026-08-04,AJA.BK,-151800.0,-12.414131501472031
2026-08-04,AKP.BK,-200.0,-0.0222616996362438
2026-08-04,AKR.BK,-202900.0,-11.6406353985469
2026-08-04,ALT.BK,-1090800.0,-18.87306617252038
2026-08-04,ALUCON.BK,-3000.0,-85.03401360544217
2026-08-04,AMANAH.BK,12200.0,0.2845191719279392
2026-08-04,AMARC.BK,-258600.0,-13.978385934262668
2026-08-04,AMATA.BK,-378700.0,-6.211512243256401
2026-08-04,AMATAV.BK,100.0,0.1690302733219519
2026-08-04,ANAN.BK,-2100.0,-0.0781162816649927
2026-08-04,AOT.BK,440500.0,3.4443032319214737
2026-08-04,AP.BK,143400.0,1.609473671805422
2026-08-04,APCO.BK,-300.0,-0.3404950798460962
2026-08-04,APO.BK,-10400.0,-6.255262841332852
2026-08-04,APURE.BK,300.0,0.2840882188615638
2026-08-04,AQUA.BK,400.0,0.0023619302662527
2026-08-04,AS.BK,8000.0,3.398441814428085
2026-08-04,ASEFA.BK,-454100.0,-30.260623871307384
2026-08-04,ASIAN.BK,-129600.0,-16.62875157338014
2026-08-04,ASK.BK,-166100.0,-19.287422069409175
2026-08-04,ASP.BK,-31400.0,-3.710917187455682
2026-08-04,ASW.BK,-300.0,-0.1433575288984885
2026-08-04,ATLAS.BK,-147300.0,-7.063731837145734
2026-08-04,AU.BK,-16700.0,-13.535089923247126
2026-08-04,AUCT.BK,34200.0,7.417641406922698
2026-08-04,AURA.BK,-687400.0,-26.973512277774596
2026-08-04,AWC.BK,-2391300.0,-4.127875517650228
2026-08-04,AYUD.BK,1198.0,19.19564172408268
2026-08-04,B.BK,-1333.0,-0.0148300078366523
2026-08-04,BA.BK,-43800.0,-0.5093754742686886
2026-08-04,BAFS.BK,-11600.0,-3.2953702888278427
2026-08-04,BAM.BK,-149600.0,-1.8731755007676765
2026-08-04,BANPU.BK,2123473.0,4.679825868153998
2026-08-04,BAY.BK,-995600.0,-15.225285596445518
2026-08-04,BBGI.BK,-485600.0,-30.562985807344933
2026-08-04,BBIK.BK,-337000.0,-21.64072669174936
2026-08-04,BBL.BK,1859936.0,17.35452997743647
2026-08-04,BCH.BK,1315800.0,3.601624130476567
2026-08-04,BCP.BK,35600.0,0.3483638300098021
2026-08-04,BCPG.BK,-384799.0,-10.765351926927464
2026-08-04,BDMS.BK,7141300.0,9.449423322255967
2026-08-04,BE8.BK,-169600.0,-23.00409624827062
2026-08-04,BEAUTY.BK,50000.0,8.78254591954134
2026-08-04,BEC.BK,3300.0,0.3303438879873949
2026-08-04,BEM.BK,-3117700.0,-16.772002972125673
2026-08-04,BGRIM.BK,-1405500.0,-9.62628705786628
2026-08-04,BH.BK,-42700.0,-1.2070115214479162
2026-08-04,BIOTEC.BK,300.0,0.0295358732871654
2026-08-04,BIZ.BK,1000.0,0.7479431563201197
2026-08-04,BJC.BK,-283503.0,-4.096206519444638
2026-08-04,BJCHI.BK,-50.0,-0.3520878811351313
2026-08-04,BKGI.BK,52100.0,12.342608057046066
2026-08-04,BKIH.BK,300.0,4.225352112676056
2026-08-04,BLA.BK,-201100.0,-14.497308878466267
2026-08-04,BLAND.BK,-584300.0,-1.8090195491761052
2026-08-04,BLC.BK,48300.0,11.040630893193896
2026-08-04,BM.BK,-600.0,-0.0979093098699111
2026-08-04,BR.BK,200.0,0.3944695370899982
2026-08-04,BRI.BK,-2700.0,-0.5452882050122083
2026-08-04,BSM.BK,4300.0,16.474464579901152
2026-08-04,BTC.BK,49242.0,4.2026115899974394
2026-08-04,BTG.BK,-149300.0,-6.314079127718215
2026-08-04,BTS.BK,-16465810.0,-25.134753968584704
2026-08-04,BTW.BK,-1600.0,-5.517241379310345
2026-08-04,BWG-W8.BK,-20000.0,-2.077615562171607
2026-08-04,BYD.BK,26000.0,0.5211609381057243
2026-08-04,CAZ.BK,-2200.0,-0.5756118492315582
2026-08-04,CBG.BK,411500.0,5.493315042752409
2026-08-04,CCET.BK,-5143700.0,-16.209041775790226
2026-08-04,CCP.BK,100.0,0.0816993464052287
2026-08-04,CEN.BK,-400.0,-11.11111111111111
2026-08-04,CENTEL.BK,-65100.0,-2.282656717883265
2026-08-04,CEYE.BK,100.0,2.272727272727273
2026-08-04,CFRESH.BK,129700.0,0.977594395708353
2026-08-04,CGD.BK,-32600.0,-0.7702136185108321
2026-08-04,CH.BK,-100.0,-0.04212299915754
2026-08-04,CHASE.BK,-2900.0,-0.461388173825608
2026-08-04,CHAYO.BK,-424700.0,-1.5583434504571356
2026-08-04,CHG.BK,4432400.0,12.21824087102462
2026-08-04,CIVIL.BK,39300.0,6.994251543896492
2026-08-04,CK.BK,-1499100.0,-23.291415207891145
2026-08-04,CKP.BK,-227800.0,-3.794570166649593
2026-08-04,CMAN.BK,-700.0,-0.056392446312377
2026-08-04,CNT.BK,-26300.0,-3.1316868360794134
2026-08-04,COCOCO.BK,-216200.0,-26.663608121424247
2026-08-04,COM7.BK,231000.0,3.2460693402567826
2026-08-04,CPALL.BK,1301810.0,2.833934046689151
2026-08-04,CPAXT.BK,4515500.0,20.379438931096512
2026-08-04,CPF.BK,-4715200.0,-20.6797702577169
2026-08-04,CPN.BK,1308400.0,20.432339815234428
2026-08-04,CRC.BK,-5301188.0,-25.54909201284475
2026-08-04,CREDIT.BK,147400.0,3.4306067845020363
2026-08-04,CSC.BK,4500.0,70.85498346717053
2026-08-04,CSS.BK,-1100.0,-0.0969069930729119
2026-08-04,CTW.BK,500.0,1.6339869281045754
2026-08-04,CWT.BK,40400.0,2.253697123189093
2026-08-04,DCC.BK,3000.0,0.6962915511983178
2026-08-04,DELTA.BK,-1893084.0,-13.310003074593808
2026-08-04,DEMCO.BK,-12100.0,-4.316064320059355
2026-08-04,DITTO.BK,344600.0,15.65989934220243
2026-08-04,DMT.BK,9200.0,2.0701790704895973
2026-08-04,DOD.BK,200.0,0.1541972491210756
2026-08-04,DOHOME.BK,2984300.0,6.1369145786443555
2026-08-04,DRT.BK,-100.0,-0.0276150026786552
2026-08-04,DTCENT.BK,-4284.0,-1.793278971250607
2026-08-04,DUSIT.BK,-18500.0,-22.129186602870817
2026-08-04,EA.BK,-3630800.0,-18.075118375895755
2026-08-04,EAST.BK,38500.0,2.149997207795834
2026-08-04,EASTW.BK,2508597.0,27.586516702695818
2026-08-04,EFORL.BK,200.0,0.0237524049309992
2026-08-04,EGCO.BK,-325600.0,-26.71861588379043
2026-08-04,EKH.BK,-600.0,-0.7065723000105986
2026-08-04,EMC.BK,2000400.0,9.06019171246093
2026-08-04,EMPIRE.BK,-114800.0,-3.609873317973553
2026-08-04,EPG.BK,243200.0,5.433729833254651
2026-08-04,ERW.BK,-2224600.0,-5.418610430164985
2026-08-04,ESTAR.BK,51400.0,25.0854075158614
2026-08-04,ETC.BK,-117200.0,-5.148027760695775
2026-08-04,EVER.BK,1129500.0,6.584968746321644
2026-08-04,FM.BK,172200.0,32.73110880907804
2026-08-04,FN.BK,-1800.0,-5.999800006666445
2026-08-04,FORTH.BK,-2737100.0,-30.97633921937724
2026-08-04,FPT.BK,400.0,1.123532385821021
2026-08-04,FSMART.BK,-308400.0,-11.759219681974878
2026-08-04,GABLE.BK,202800.0,15.306399705344258
2026-08-04,GC.BK,-100.0,-0.0571948227246469
2026-08-04,GEL.BK,-1001000.0,-2.7882877873997693
2026-08-04,GFPT.BK,-301800.0,-11.097554787282158
2026-08-04,GLOBAL.BK,18580600.0,21.983199911568395
2026-08-04,GLORY.BK,1700.0,17.346938775510203
2026-08-04,GPSC.BK,-814800.0,-10.371694388376168
2026-08-04,GRAMMY.BK,0.0,0.0
2026-08-04,GRAND.BK,334900.0,10.066972874182378
2026-08-04,GULF.BK,-592712.0,-1.5023779015052168
2026-08-04,GUNKUL.BK,-6961941.0,-24.5587769498439
2026-08-04,HANA.BK,-1212095.0,-6.590561793745069
2026-08-04,HENG.BK,-653400.0,-5.766196357783041
2026-08-04,HFT.BK,109900.0,91.96498803367308
2026-08-04,HMPRO.BK,-5228000.0,-10.584478635468775
2026-08-04,HTC.BK,111970.0,19.90117839432664
2026-08-04,HTECH.BK,7500.0,1.5868079137284274
2026-08-04,HUMAN.BK,-188000.0,-6.9839121126668475
2026-08-04,ICC.BK,3.0,0.3289473684210526
2026-08-04,ICHI.BK,-483300.0,-8.425323877259784
2026-08-04,ICN.BK,-1600.0,-0.1982651796778191
2026-08-04,IIG.BK,500.0,0.6665866762655148
2026-08-04,III.BK,-500.0,-0.0998759540650512
2026-08-04,ILINK.BK,7300.0,6.708325675427311
2026-08-04,ILM.BK,-6500.0,-0.7136293321417553
2026-08-04,INET.BK,-21200.0,-4.852091320020598
2026-08-04,INSET.BK,-1418900.0,-18.685617158055777
2026-08-04,IP.BK,-9000.0,-1.259222052615894
2026-08-04,IROYAL.BK,26600.0,2.9175624095116923
2026-08-04,IRPC.BK,9952700.0,9.856295573000482
2026-08-04,IT.BK,-6600.0,-2.072180970471421
2026-08-04,ITC.BK,-69391.0,-1.013815687779073
2026-08-04,ITD.BK,-26600.0,-1.087893625270542
2026-08-04,ITEL.BK,-950500.0,-29.445440588053795
2026-08-04,IVL.BK,-1921500.0,-6.7113137556469855
2026-08-04,J.BK,-4300.0,-0.3056582314472562
2026-08-04,JAS.BK,-528400.0,-2.944269940296625
2026-08-04,JAS-W4.BK,-2000.0,-0.0298070411384858
2026-08-04,JDF.BK,-10000.0,-2.6983634425720804
2026-08-04,JMART.BK,-1560500.0,-7.369318558805911
2026-08-04,JMT.BK,68700.0,0.4428635726210522
2026-08-04,JPARK.BK,-44700.0,-8.566500574932924
2026-08-04,JTS.BK,-4200.0,-0.7594716970214244
2026-08-04,JUBILE.BK,-1.0,-0.0015946928621547
2026-08-04,KAMART.BK,-16400.0,-3.2365652937577707
2026-08-04,KBANK.BK,769964.0,5.79983895278635
2026-08-04,KBS.BK,-12400.0,-11.426991660139151
2026-08-04,KCC.BK,10900.0,10.705376259600463
2026-08-04,KCE.BK,-507133.0,-2.265493969737722
2026-08-04,KCG.BK,-3900.0,-1.334204557505927
2026-08-04,KGEN.BK,-517000.0,-1.0718367593859366
2026-08-04,KGI.BK,-361200.0,-6.403303906263573
2026-08-04,KIAT.BK,100.0,0.141890262071314
2026-08-04,KISS.BK,93000.0,36.2145302040864
2026-08-04,KJL.BK,-100.0,-0.0886446237035723
2026-08-04,KKP.BK,-1731608.0,-18.051964731903084
2026-08-04,KLINIQ.BK,184300.0,15.867849996728278
2026-08-04,KSL.BK,-61200.0,-7.495453125861149
2026-08-04,KTB.BK,-3178502.0,-3.4343700932150236
2026-08-04,KTC.BK,-1748700.0,-16.23455294402714
2026-08-04,KUMWEL.BK,-670700.0,-16.684905546319335
2026-08-04,KUN-W4.BK,-26000.0,-8.831521739130435
2026-08-04,KYE.BK,100.0,1.549666821633349
2026-08-04,LANNA.BK,22.0,0.0151391077560401
2026-08-04,LEE.BK,196.0,0.1414080198548403
2026-08-04,LEO.BK,100.0,0.0788003435694979
2026-08-04,LH.BK,-1796200.0,-5.185691314405878
2026-08-04,LHFG.BK,1700600.0,25.706120962067377
2026-08-04,LIT.BK,-26800.0,-1.0472640422281871
2026-08-04,LOXLEY.BK,200300.0,9.384282381162096
2026-08-04,LPN.BK,-4000.0,-1.456229385252765
2026-08-04,LST.BK,-400.0,-0.2263723825693265
2026-08-04,LTS.BK,-1308000.0,-4.2533193775897935
2026-08-04,M.BK,19500.0,2.0223579449109694
2026-08-04,MADAME.BK,-2780.0,-0.159572483504625
2026-08-04,MAGURO.BK,11000.0,1.013563320064868
2026-08-04,MAJOR.BK,125800.0,4.8093648809319
2026-08-04,MALEE.BK,10800.0,1.1026236316747016
2026-08-04,MASTEC.BK,96300.0,3.23425909941837
2026-08-04,MASTER.BK,-51500.0,-13.572275662142577
2026-08-04,MATCH.BK,1.0,0.0217344055640078
2026-08-04,MBK.BK,356500.0,17.52432637030155
2026-08-04,MC.BK,19800.0,2.5236464396829383
2026-08-04,MCOT.BK,-1000.0,-0.1811266074986415
2026-08-04,MCS.BK,28600.0,7.647713173319643
2026-08-04,MDX.BK,-81300.0,-3.1969523174365237
2026-08-04,MEB.BK,-182900.0,-25.54230260576175
2026-08-04,MEDEZE.BK,29000.0,0.3281318773329894
2026-08-04,MEGA.BK,-139800.0,-8.94649000655308
2026-08-04,METCO.BK,-200.0,-6.8236096895257585
2026-08-04,MFC.BK,4700.0,36.397428947572216
2026-08-04,MFEC.BK,100.0,0.1386577925679423
2026-08-04,MGC.BK,-1104600.0,-19.7812139712748
2026-08-04,MGI.BK,2600.0,4.112167270311734
2026-08-04,MICRO.BK,-153300.0,-4.681729436350926
2026-08-04,MIDA.BK,-200.0,-0.0160432140012337
2026-08-04,MINT.BK,-3169600.0,-12.553476837021288
2026-08-04,ML.BK,556700.0,10.638464575460862
2026-08-04,MMM.BK,-1150.0,-0.0941837057275159
2026-08-04,MMM-W1.BK,500.0,0.1012965964343598
2026-08-04,MONO.BK,44700.0,0.6332234943199002
2026-08-04,MOSHI.BK,1200.0,0.2434906824232192
2026-08-04,MRDIYT.BK,-422800.0,-6.126984803251765
2026-08-04,MST.BK,-5000.0,-5.186668188089335
2026-08-04,MTC.BK,-1037000.0,-7.777784861370547
2026-08-04,MTW.BK,20000.0,3.159003713408865
2026-08-04,NCAP.BK,10072477.0,10.451813661786984
2026-08-04,NCL.BK,-100.0,-0.0081599280620742
2026-08-04,NEO.BK,-64500.0,-22.824506088304297
2026-08-04,NER.BK,-145700.0,-6.403143121455364
2026-08-04,NETBAY.BK,-168900.0,-30.159367885362258
2026-08-04,NEX.BK,499200.0,7.712147791447581
2026-08-04,NKT.BK,30400.0,5.402523547183224
2026-08-04,NOBLE.BK,-200.0,-0.0768010813592255
2026-08-04,NOBLE-W3.BK,-100.0,-0.0094268387756044
2026-08-04,NSL.BK,-18700.0,-11.161846778285136
2026-08-04,NTF.BK,-1104700.0,-20.821333470043815
2026-08-04,NV.BK,-400.0,-0.3039490581378561
2026-08-04,NYT.BK,-529200.0,-33.11260350035008
2026-08-04,OKJ.BK,-7000.0,-1.4667518779662438
2026-08-04,ONEE.BK,-370400.0,-13.769962076840404
2026-08-04,OR.BK,2244200.0,14.08636974567644
2026-08-04,ORI.BK,-500600.0,-24.529584217177472
2026-08-04,OSP.BK,1326800.0,12.66042131683649
2026-08-04,PACO.BK,-2400.0,-0.9657869956781032
2026-08-04,PAP.BK,-5300.0,-6.169965075669383
2026-08-04,PCC.BK,-159100.0,-23.499280694550706
2026-08-04,PCE.BK,259100.0,10.800779190137485
2026-08-04,PEACE.BK,2.0,0.0006348259148634
2026-08-04,PHOL.BK,-200.0,-0.0734675585628276
2026-08-04,PIN.BK,52900.0,7.933068297869469
2026-08-04,PIS.BK,36100.0,0.8943364964603103
2026-08-04,PLANB.BK,1846700.0,11.728378949023693
2026-08-04,PLANET.BK,-1000.0,-0.8553661394760027
2026-08-04,PLAT.BK,317300.0,9.445681674276102
2026-08-04,PLE.BK,-11500.0,-0.6295857107037235
2026-08-04,PLUS.BK,-4200.0,-0.9973877938731892
2026-08-04,PM.BK,7900.0,4.033452124454973
2026-08-04,PMC.BK,-80000.0,-57.378930456736285
2026-08-04,PORT.BK,10000.0,1.0659526205379224
2026-08-04,PPPM.BK,-300.0,-0.0166888628542628
2026-08-04,PQS.BK,334000.0,61.01348142194293
2026-08-04,PR9.BK,-1001000.0,-21.357008533842432
2026-08-04,PRIME.BK,-300.0,-0.0263953691964281
2026-08-04,PRM.BK,1406800.0,30.292531366486443
2026-08-04,PROS.BK,40500.0,27.035867584328543
2026-08-04,PSGC.BK,10000.0,8.253412786187088
2026-08-04,PSH.BK,-38600.0,-11.155714702711764
2026-08-04,PSL.BK,2555600.0,19.129213586172895
2026-08-04,PSP.BK,-303500.0,-18.294153104279687
2026-08-04,PTG.BK,8700.0,0.4625784655368409
2026-08-04,PTL.BK,270600.0,23.436566239912143
2026-08-04,PTT.BK,11809600.0,7.350573037966641
2026-08-04,PTTEP.BK,-115380.0,-0.6075239135534225
2026-08-04,PTTGC.BK,3957080.0,13.122123044293549
2026-08-04,PYLON.BK,21300.0,9.044585987261144
2026-08-04,Q-CON.BK,100.0,0.0344900134166152
2026-08-04,QDC.BK,-66.0,-0.0593680006476509
2026-08-04,QH.BK,3732800.0,18.48223736078721
2026-08-04,QLT.BK,-50000.0,-61.274509803921575
2026-08-04,QTC.BK,22000.0,7.697636825494573
2026-08-04,QTCG.BK,-60300.0,-3.416815833626567
2026-08-04,RABBIT.BK,331700.0,2.7007991662290185
2026-08-04,RAM.BK,-1400.0,-2.952714388155397
2026-08-04,RATCH.BK,993200.0,17.054136581105794
2026-08-04,RBF.BK,-854400.0,-36.874139808404664
2026-08-04,RCL.BK,-315900.0,-8.883904328309058
2026-08-04,RJH.BK,-54000.0,-30.41156991282017
2026-08-04,ROCTEC.BK,119500.0,15.092137817108547
2026-08-04,ROJNA.BK,-80000.0,-7.151074493636885
2026-08-04,RPC.BK,-1100.0,-0.0872877321060149
2026-08-04,RS.BK,-1600.0,-0.1069731089661517
2026-08-04,S.BK,-10200.0,-0.8546571693586971
2026-08-04,S&J.BK,-1.0,-100.0
2026-08-04,S11.BK,800.0,0.1937515136837006
2026-08-04,SABINA.BK,39600.0,4.671998565366097
2026-08-04,SAFE.BK,35500.0,6.532532009406847
2026-08-04,SAK.BK,-69200.0,-1.5797672902333857
2026-08-04,SALEE.BK,300.0,0.0176065327279033
2026-08-04,SAMART.BK,-386100.0,-19.663545081007083
2026-08-04,SAMCO.BK,-27800.0,-17.34237465767525
2026-08-04,SAMTEL.BK,100.0,0.0515995872033023
2026-08-04,SANKO.BK,-188600.0,-11.688128988357112
2026-08-04,SAPPE.BK,9200.0,2.073711425022935
2026-08-04,SAT.BK,-48400.0,-6.905663500144106
2026-08-04,SAV.BK,17800.0,5.590434703408595
2026-08-04,SAWAD.BK,2678400.0,13.689726918979348
2026-08-04,SC.BK,-377400.0,-12.42599225202836
2026-08-04,SCAP.BK,-1977200.0,-16.26854453217855
2026-08-04,SCB.BK,-376970.0,-2.7780209660736115
2026-08-04,SCC.BK,3023613.0,43.52271351638147
2026-08-04,SCCC.BK,400.0,0.5841036199821849
2026-08-04,SCGD.BK,-25825.0,-3.2831255609599816
2026-08-04,SCGP.BK,5999548.0,28.703128446129977
2026-08-04,SCM.BK,-120800.0,-46.515209857527914
2026-08-04,SCP.BK,5400.0,4.383081306158229
2026-08-04,SE-ED.BK,58.0,0.050579483914852
2026-08-04,SEAFCO.BK,95000.0,13.836677682604092
2026-08-04,SEAOIL.BK,7800.0,4.083085556346581
2026-08-04,SECURE.BK,900.0,0.4956465709518066
2026-08-04,SENA.BK,500.0,0.4385580212262082
2026-08-04,SGC.BK,1379200.0,1.7510623179108484
2026-08-04,SGF.BK,-300.0,-0.1738112757168266
2026-08-04,SGP.BK,99500.0,32.10505937016004
2026-08-04,SHR.BK,-220700.0,-9.077392275373615
2026-08-04,SICT.BK,42400.0,2.998153024598997
2026-08-04,SIMAT.BK,-290200.0,-19.10049943001266
2026-08-04,SINGER.BK,164600.0,2.697060760879183
2026-08-04,SIRI.BK,-10223200.0,-19.72381831066515
2026-08-04,SIS.BK,-56300.0,-15.56517051188123
2026-08-04,SISB.BK,-1955500.0,-26.22519117701689
2026-08-04,SITHAI.BK,123000.0,25.18896846054445
2026-08-04,SJWD.BK,-363100.0,-9.870407073420225
2026-08-04,SKN.BK,-200.0,-0.5022475578212501
2026-08-04,SKR.BK,-300.0,-0.1097666726428521
2026-08-04,SKY.BK,-671500.0,-26.14240153482954
2026-08-04,SLP.BK,100.0,0.0924052153503543
2026-08-04,SMD100.BK,1300.0,0.4647272051305883
2026-08-04,SMIT.BK,-15000.0,-23.273855702094647
2026-08-04,SMO.BK,-73100.0,-7.280151379344686
2026-08-04,SMPC.BK,11900.0,2.1046041310372514
2026-08-04,SMT.BK,-3887501.0,-11.898951224413244
2026-08-04,SNC.BK,9100.0,6.603725662368197
2026-08-04,SNNP.BK,-5200.0,-1.854718475136072
2026-08-04,SOLAR.BK,100.0,0.067563002499831
2026-08-04,SPA.BK,342100.0,16.02635424098746
2026-08-04,SPACK.BK,-1600.0,-2.191780821917808
2026-08-04,SPALI.BK,-1689700.0,-45.54244892073533
2026-08-04,SPC.BK,-300.0,-0.4064324712449026
2026-08-04,SPCG.BK,-40700.0,-1.5748933367694642
2026-08-04,SPRC.BK,3127713.0,10.38960232240878
2026-08-04,SPVI.BK,83900.0,12.631851537352038
2026-08-04,SQ.BK,479700.0,42.031017261018135
2026-08-04,SRICHA.BK,-80426.0,-12.66469409061777
2026-08-04,SSP.BK,267600.0,19.702358908359734
2026-08-04,SSSC.BK,100.0,0.1606322485302149
2026-08-04,SST.BK,300.0,18.27040194884287
2026-08-04,STA.BK,-1732000.0,-35.456571943165486
2026-08-04,STANLY.BK,600.0,3.462803716742656
2026-08-04,STARM.BK,-1000.0,-3.3783783783783785
2026-08-04,STECON.BK,-824000.0,-15.969376008260664
2026-08-04,STELLA.BK,76400.0,2.1819818564210243
2026-08-04,STGT.BK,-169000.0,-10.802297501665088
2026-08-04,STPI.BK,-3148600.0,-29.85282649454944
2026-08-04,STX.BK,-33000.0,-8.276879165088626
2026-08-04,SUC.BK,4500.0,2.6890716129649106
2026-08-04,SUN.BK,-12500.0,-1.6282253515989824
2026-08-04,SUPER.BK,-351100.0,-4.75188681441412
2026-08-04,SUSCO.BK,1600.0,0.1482359916987844
2026-08-04,SVOA.BK,4325902.0,15.191844400523122
2026-08-04,SVT.BK,100.0,0.0527704485488126
2026-08-04,SYNEX.BK,-559600.0,-26.705480922952113
2026-08-04,SYNTEC.BK,31400.0,7.094377818546602
2026-08-04,TACC.BK,-1003600.0,-60.678723812045895
2026-08-04,TAE.BK,-3284800.0,-20.549379349062377
2026-08-04,TAKUNI.BK,-2500.0,-0.3020782986950217
2026-08-04,TASCO.BK,-886600.0,-6.117805781954392
2026-08-04,TCAP.BK,1362528.0,11.798003965952828
2026-08-04,TCC.BK,-12300.0,-11.06115107913669
2026-08-04,TEAM.BK,-158000.0,-3.993417432682482
2026-08-04,TEAMG.BK,58120.0,2.7208464023219885
2026-08-04,TEGH.BK,6400.0,2.408514097334076
2026-08-04,TFG.BK,-2921400.0,-12.603438339121018
2026-08-04,TFI.BK,-600.0,-0.15625
2026-08-04,TFM.BK,-357300.0,-33.484935527675916
2026-08-04,TFMAMA.BK,400.0,23.72479240806643
2026-08-04,TGE.BK,33800.0,0.9614129242910078
2026-08-04,THAI.BK,70991700.0,7.087666497556803
2026-08-04,THANI.BK,2646200.0,5.9750943202124445
2026-08-04,THCOM.BK,-56800.0,-1.8055384255450624
2026-08-04,THE.BK,-600.0,-1.5544041450777202
2026-08-04,THG.BK,-169800.0,-4.216800149003539
2026-08-04,THRE.BK,800.0,0.161127895266868
2026-08-04,TIDLOR.BK,2204700.0,13.134828445032795
2026-08-04,TIPCO.BK,100.0,0.0046044013472478
2026-08-04,TIPH.BK,21400.0,12.754949993443718
2026-08-04,TISCO.BK,285400.0,15.6787687277234
2026-08-04,TITLE.BK,7900.0,2.4564676616915424
2026-08-04,TKN.BK,206300.0,10.26178750091401
2026-08-04,TKS.BK,17493.0,5.122281176429249
2026-08-04,TLI.BK,3009800.0,13.431575099186055
2026-08-04,TMAN.BK,30100.0,5.79773791913215
2026-08-04,TMW.BK,15000.0,6.352997979746642
2026-08-04,TNDT.BK,-200.0,-0.0142785138351659
2026-08-04,TNDT-W2.BK,-20000.0,-0.4779632646994017
2026-08-04,TOA.BK,29500.0,1.6186476994077943
2026-08-04,TOG.BK,-386500.0,-51.50840326615251
2026-08-04,TOP.BK,3556021.0,22.50501059456988
2026-08-04,TPCH.BK,27000.0,7.37529603618812
2026-08-04,TPCS.BK,500.0,99.8003992015968
2026-08-04,TPIPL.BK,-4878300.0,-10.600559057095884
2026-08-04,TPIPP.BK,46500.0,1.3753494200905718
2026-08-04,TQM.BK,-4100.0,-1.7117425539198905
2026-08-04,TRT.BK,-2125100.0,-44.62093204856293
2026-08-04,TRU.BK,-100.0,-1.6559032952475576
2026-08-04,TRUBB.BK,-37100.0,-2.347276747724692
2026-08-04,TRUE.BK,-50617776.0,-21.73539543653696
2026-08-04,TSC.BK,-700.0,-3.0550342600270586
2026-08-04,TSE.BK,-150500.0,-5.294467369546787
2026-08-04,TSTH.BK,3272200.0,50.40593398088882
2026-08-04,TTA.BK,448100.0,9.49716727540238
2026-08-04,TTB.BK,60896000.0,15.31172042524391
2026-08-04,TTW.BK,26300.0,1.8526175795797868
2026-08-04,TU.BK,3367700.0,9.401482585077456
2026-08-04,TURBO.BK,-392900.0,-3.0649553674163026
2026-08-04,TVO.BK,145900.0,21.19632093467204
2026-08-04,TWPC.BK,500.0,0.0434744804799582
2026-08-04,UBE.BK,-129000.0,-2.4014252179433004
2026-08-04,UBIS.BK,-100.0,-0.4149033275246868
2026-08-04,UKEM.BK,-2077100.0,-17.19581899279077
2026-08-04,UMI.BK,-500.0,-0.1093852548676438
2026-08-04,UMS.BK,-39600.0,-1.7941722024732394
2026-08-04,UNIQ.BK,2100.0,0.8488278092158448
2026-08-04,UNIX.BK,-80800.0,-2.4710991497950947
2026-08-04,UREKA.BK,-730300.0,-8.157389474521366
2026-08-04,UTP.BK,165000.0,24.448030155533925
2026-08-04,UV.BK,1400.0,0.2047969292163299
2026-08-04,UVAN.BK,-90200.0,-24.009412115436827
2026-08-04,VCOM.BK,-1300.0,-1.3743524685484725
2026-08-04,VGI.BK,-11269600.0,-26.360745169631333
2026-08-04,VIBHA.BK,-27800.0,-4.009640444868165
2026-08-04,VIBHA-W5.BK,-700.0,-0.0952004036497114
2026-08-04,VIH.BK,18000.0,6.678415731379278
2026-08-04,WASH.BK,14500.0,3.1223083548664947
2026-08-04,WHA.BK,-13973150.0,-24.598042497067603
2026-08-04,WHAUP.BK,-2397900.0,-21.28355861739149
2026-08-04,WICE.BK,-404668.0,-15.96016859877412
2026-08-04,WIIK.BK,-6400.0,-3.506849315068493
2026-08-04,WINNER.BK,-2200.0,-0.7960602255745204
2026-08-04,WORK.BK,-1600.0,-1.3043123828156844
2026-08-04,WPH.BK,334200.0,18.070041687618616
2026-08-04,XO.BK,-124300.0,-31.418323732587854
2026-08-04,XPG.BK,530800.0,3.5225556712117676
2026-08-04,XYZ.BK,600.0,0.1061758980711378
2026-08-04,ZIGA.BK,-5035.0,-0.816210739614995
2026-08-04,ZIGA-W2.BK,-67.0,-0.2049054988072665
2026-08-06,2S.BK,-15500.0,-15.392101369400502
2026-08-06,88TH.BK,0.0,0.0
2026-08-06,AAI.BK,-92900.0,-8.906204911738454
2026-08-06,AAV.BK,-2574900.0,-21.56010995329522
2026-08-06,ABM.BK,7700.0,30.669959372261612
2026-08-06,ACC.BK,50000.0,1.0777021063256589
2026-08-06,ACE.BK,6700.0,0.9687526658772057
2026-08-06,ADB.BK,500.0,0.0084057615779699
2026-08-06,ADVANC.BK,2558995.0,16.916983196887692
2026-08-06,ADVICE.BK,70700.0,4.611180318673649
2026-08-06,AE.BK,-800.0,-0.5205147891264461
2026-08-06,AEONTS.BK,5300.0,1.9822124482941752
2026-08-06,AF.BK,7300.0,97.33333333333334
2026-08-06,AGE.BK,223300.0,22.133081969715445
2026-08-06,AH.BK,-124900.0,-43.55619411625214
2026-08-06,AI.BK,-39999.0,-17.95375893782907
2026-08-06,AIE.BK,139700.0,1.866277291132578
2026-08-06,AIT.BK,-93800.0,-17.463411546331102
2026-08-06,AJ.BK,-270700.0,-18.270776005145784
2026-08-06,AJA.BK,200.0,0.0882807327300816
2026-08-06,AKP.BK,-200.0,-0.3577881536342331
2026-08-06,ALT.BK,-69900.0,-3.272968371606929
2026-08-06,AMANAH.BK,5300.0,0.2646674453549115
2026-08-06,AMARC.BK,-494300.0,-13.15246105083454
2026-08-06,AMARIN.BK,-500.0,-24.85089463220676
2026-08-06,AMATA.BK,-882697.0,-11.12654263603023
2026-08-06,ANAN.BK,-400.0,-0.0099127406224854
2026-08-06,ANI.BK,500.0,0.1527650473571646
2026-08-06,AOT.BK,882771.0,6.316807460202913
2026-08-06,AP.BK,210343.0,1.6186187286152072
2026-08-06,APCO.BK,1500.0,0.6004010679133661
2026-08-06,APO.BK,-9000.0,-7.120196833885808
2026-08-06,APURE.BK,200.0,0.1471670345842531
2026-08-06,AQUA.BK,4300.0,0.2586623307641547
2026-08-06,AS.BK,15100.0,4.921388157380126
2026-08-06,ASAP.BK,10000.0,8.01918188306429
2026-08-06,ASEFA.BK,-277900.0,-8.954389003920083
2026-08-06,ASIAN.BK,-33400.0,-12.919596784799747
2026-08-06,ASK.BK,-17400.0,-4.638181832721573
2026-08-06,ASP.BK,413200.0,11.341655854306383
2026-08-06,ASTR.BK,-100.0,-9.090909090909092
2026-08-06,ASW.BK,22200.0,3.654573649536264
2026-08-06,ATLAS.BK,2200.0,0.4781247079636016
2026-08-06,AU.BK,-12500.0,-17.570245842879835
2026-08-06,AUCT.BK,-70200.0,-13.857223225653629
2026-08-06,AURA.BK,308100.0,5.910087258669039
2026-08-06,AWC.BK,3563600.0,9.188209708691003
2026-08-06,AYUD.BK,-8.0,-0.0999000999000999
2026-08-06,BA.BK,-68800.0,-1.603782689310462
2026-08-06,BAFS.BK,-69200.0,-17.752784775704338
2026-08-06,BAM.BK,2182700.0,16.878060632192284
2026-08-06,BANPU.BK,-3585169.0,-13.611200065907752
2026-08-06,BAY.BK,-184200.0,-11.656435117890096
2026-08-06,BBGI.BK,1662600.0,14.31182510891182
2026-08-06,BBIK.BK,-521900.0,-21.631250795266578
2026-08-06,BBL.BK,3628942.0,20.434701301439297
2026-08-06,BCH.BK,-729200.0,-3.1039630098872206
2026-08-06,BCP.BK,1586800.0,9.752614377337547
2026-08-06,BCPG.BK,-112800.0,-1.695656683638266
2026-08-06,BDMS.BK,9690431.0,6.600631815164264
2026-08-06,BE8.BK,-67400.0,-11.788369042413642
2026-08-06,BEAUTY.BK,1237000.0,1.5875538651764554
2026-08-06,BEC.BK,-3100.0,-0.6003737810959727
2026-08-06,BEM.BK,1641975.0,3.813392312841162
2026-08-06,BEYOND.BK,-7300.0,-62.38783009999146
2026-08-06,BGC.BK,-600.0,-0.5484460694698354
2026-08-06,BGRIM.BK,-2623600.0,-8.252387164033935
2026-08-06,BH.BK,278665.0,4.870015253258619
2026-08-06,BIG.BK,-9600.0,-0.1514756569152108
2026-08-06,BIOTEC.BK,1900.0,0.3439412041562579
2026-08-06,BIZ.BK,10600.0,5.173179504448446
2026-08-06,BJC.BK,905060.0,10.458488216549616
2026-08-06,BKGI.BK,-90600.0,-6.996020144831516
2026-08-06,BKIH.BK,300.0,7.313505607020964
2026-08-06,BLA.BK,28400.0,3.241820396301129
2026-08-06,BLAND.BK,454800.0,0.8225757469184022
2026-08-06,BLC.BK,38000.0,6.951940140136477
2026-08-06,BM.BK,-200.0,-0.0795510140765519
2026-08-06,BR.BK,300.0,0.4815409309791332
2026-08-06,BRI.BK,200.0,0.1020210367377753
2026-08-06,BRR.BK,500.0,7.680491551459294
2026-08-06,BSM.BK,-200.0,-0.3154574132492113
2026-08-06,BTC.BK,-24900.0,-1.1053716623546812
2026-08-06,BTG.BK,-343200.0,-21.743565311157266
2026-08-06,BTS.BK,-4303500.0,-13.116835295799037
2026-08-06,BTW.BK,-100.0,-0.0182116190129302
2026-08-06,BVG.BK,26000.0,45.6060340291177
2026-08-06,BWG.BK,-46900.0,-0.0635874435813966
2026-08-06,BYD.BK,49900.0,5.165326683622188
2026-08-06,CAZ.BK,-8200.0,-0.7389311271132755
2026-08-06,CBG.BK,85700.0,2.9721649985087155
2026-08-06,CCET.BK,-12168490.0,-26.003552350802345
2026-08-06,CCP.BK,1231000.0,82.27927631666894
2026-08-06,CENTEL.BK,830600.0,25.242341368477707
2026-08-06,CEYE.BK,500.0,1.5721787252774897
2026-08-06,CFRESH.BK,142800.0,1.3853715628621075
2026-08-06,CGH.BK,500.0,0.0522544667118145
2026-08-06,CHASE.BK,300.0,0.0147463263214551
2026-08-06,CHAYO.BK,-175171.0,-4.767831839691586
2026-08-06,CHEWA.BK,-50000.0,-13.517203344696796
2026-08-06,CHG.BK,11922300.0,15.72348423168215
2026-08-06,CHOW.BK,300.0,0.1923076923076923
2026-08-06,CITY.BK,10300.0,71.0295841666092
2026-08-06,CIVIL.BK,1000.0,0.54882031074206
2026-08-06,CK.BK,2425800.0,19.39483912429479
2026-08-06,CKP.BK,-253100.0,-7.052657801476739
2026-08-06,CMAN.BK,1000.0,0.4249658964868069
2026-08-06,CNT.BK,23100.0,5.2214953820281105
2026-08-06,COCOCO.BK,-1096400.0,-12.877536204563492
2026-08-06,COM7.BK,306700.0,3.1222462744791435
2026-08-06,COMAN.BK,500.0,3.816793893129771
2026-08-06,CPALL.BK,233100.0,0.7603042756629113
2026-08-06,CPAXT.BK,-2777800.0,-35.776032608247675
2026-08-06,CPF.BK,-3007500.0,-17.842022373510442
2026-08-06,CPI.BK,-5200.0,-3.392263030856547
2026-08-06,CPL.BK,200.0,0.2463782398738543
2026-08-06,CPN.BK,511100.0,5.521738374180261
2026-08-06,CPW.BK,-100.0,-0.0098080274781697
2026-08-06,CRANE.BK,-100.0,-0.0349404788942037
2026-08-06,CRC.BK,268800.0,2.443940967551501
2026-08-06,CREDIT.BK,-291500.0,-15.435710662236998
2026-08-06,CSC.BK,999.0,39.864325618515565
2026-08-06,CSS.BK,74400.0,8.51622030912506
2026-08-06,CTW.BK,8500.0,37.77777777777778
2026-08-06,CWT.BK,2300.0,0.3400354819633353
2026-08-06,DCC.BK,-27509.0,-2.5127239246319837
2026-08-06,DELTA.BK,444983.0,2.1610890712075945
2026-08-06,DEMCO.BK,47700.0,15.266540352314625
2026-08-06,DEMCO-W8.BK,3400.0,0.7422219505592861
2026-08-06,DIMET.BK,10248900.0,97.34251116875885
2026-08-06,DITTO.BK,-308100.0,-16.272151066404213
2026-08-06,DMT.BK,-200.0,-0.0809136772434328
2026-08-06,DOHOME.BK,-19600.0,-0.1015954107901583
2026-08-06,DRT.BK,200.0,0.2553071983864585
2026-08-06,DUSIT.BK,-7800.0,-9.974424552429667
2026-08-06,EA.BK,-3093400.0,-19.363430508326044
2026-08-06,EA-W1.BK,700.0,0.0568778296720261
2026-08-06,EAST.BK,-8000.0,-0.542917639394104
2026-08-06,EASTW.BK,-901700.0,-28.100138334827623
2026-08-06,EFORL.BK,-97800.0,-5.201709862665286
2026-08-06,EGCO.BK,23370.0,2.6259607173356105
2026-08-06,EKH.BK,300.0,0.2464612275412206
2026-08-06,EMC.BK,1623100.0,0.9887510756878868
2026-08-06,EMC-W7.BK,1000000.0,98.91196834817012
2026-08-06,EMPIRE.BK,1341600.0,3.806237326727684
2026-08-06,EP.BK,200.0,0.644122383252818
2026-08-06,EPG.BK,361500.0,4.460226256235371
2026-08-06,ERW.BK,-926850.0,-6.149948871520711
2026-08-06,ESTAR.BK,268600.0,39.482523177240665
2026-08-06,ETC.BK,-1900.0,-0.0941059464556976
2026-08-06,EVER.BK,-6100.0,-0.0790360196942213
2026-08-06,FE.BK,-200.0,-40.0
2026-08-06,FM.BK,-136900.0,-15.870531703386831
2026-08-06,FORTH.BK,-2872000.0,-35.93598989387872
2026-08-06,FPI.BK,300.0,0.8114907084313885
2026-08-06,FPT.BK,-400.0,-2.0301476932446834
2026-08-06,FSMART.BK,-91600.0,-11.331977454808174
2026-08-06,FSX.BK,-400.0,-0.8947945328054047
2026-08-06,FTI.BK,-1000.0,-0.8431561019207097
2026-08-06,GABLE.BK,-1200.0,-0.4383225396407946
2026-08-06,GBX.BK,5000.0,1.1853340982689382
2026-08-06,GC.BK,-200.0,-0.0379693245826696
2026-08-06,GEL.BK,-1000000.0,-32.028584871426055
2026-08-06,GENCO.BK,-100.0,-0.0081095897520736
2026-08-06,GFPT.BK,-253400.0,-8.567108793491432
2026-08-06,GGC.BK,-184900.0,-68.58308605341247
2026-08-06,GLOBAL.BK,1339800.0,3.198038421860891
2026-08-06,GPI.BK,-200.0,-0.0423629188898373
2026-08-06,GPSC.BK,-210000.0,-1.8790809611874932
2026-08-06,GRAMMY.BK,500.0,3.590148632153371
2026-08-06,GREEN.BK,100.0,0.1649892756970797
2026-08-06,GULF.BK,9327201.0,10.931595913914464
2026-08-06,GUNKUL.BK,-961681.0,-2.6269095253397294
2026-08-06,HANA.BK,-8054873.0,-31.01949776581
2026-08-06,HENG.BK,104500.0,1.86992614775888
2026-08-06,HMPRO.BK,3381210.0,10.91630718162522
2026-08-06,HTC.BK,-11000.0,-9.06162730350685
2026-08-06,HTECH.BK,-24600.0,-4.1650652611546715
2026-08-06,HUMAN.BK,-187200.0,-5.102914221974588
2026-08-06,ICHI.BK,350400.0,7.53139586168712
2026-08-06,ICN.BK,-24400.0,-6.45169819801954
2026-08-06,III.BK,2000.0,0.4191027011169087
2026-08-06,ILINK.BK,-600.0,-0.3514032703931031
2026-08-06,ILM.BK,-45400.0,-13.874711962202108
2026-08-06,INET.BK,-50500.0,-8.782196314260025
2026-08-06,INSET.BK,1037200.0,20.77654437911545
2026-08-06,IP.BK,-9800.0,-1.7975978223386382
2026-08-06,IROYAL.BK,-14500.0,-8.584961515689757
2026-08-06,IRPC.BK,180360.0,0.2430373589897202
2026-08-06,IT.BK,-3900.0,-2.1324409887964832
2026-08-06,ITC.BK,1237500.0,11.963083519337127
2026-08-06,ITD.BK,-249800.0,-0.8399273627588784
2026-08-06,ITEL.BK,-51400.0,-2.1428702454545303
2026-08-06,ITEL-W6.BK,60000.0,17.39634676717889
2026-08-06,IVL.BK,-941298.0,-6.168299590878289
2026-08-06,J.BK,-45400.0,-5.133423790140208
2026-08-06,JAS.BK,293800.0,3.972902049438696
2026-08-06,JCK.BK,2600.0,1.064138927429818
2026-08-06,JDF.BK,-8700.0,-17.514545125118275
2026-08-06,JMART.BK,-1476400.0,-23.469644532807983
2026-08-06,JMT.BK,-54500.0,-1.134145006578041
2026-08-06,JPARK.BK,63600.0,7.842170160295931
2026-08-06,JR.BK,500.0,0.2477700693756194
2026-08-06,JSP.BK,-8000.0,-16.770433725342222
2026-08-06,JTS.BK,-4800.0,-2.3019926623983884
2026-08-06,JUBILE.BK,-300.0,-0.4597701149425287
2026-08-06,KAMART.BK,248100.0,42.836128069836185
2026-08-06,KBANK.BK,123149.0,0.8041847987921784
2026-08-06,KBS.BK,-22900.0,-26.59698025551684
2026-08-06,KCC.BK,1900.0,0.329689397883047
2026-08-06,KCE.BK,-9381100.0,-37.82579746725096
2026-08-06,KCG.BK,-50700.0,-34.02227888873976
2026-08-06,KGEN.BK,-216400.0,-4.759995275198775
2026-08-06,KGI.BK,352600.0,10.989291829589307
2026-08-06,KIAT.BK,3700.0,0.1212662689351543
2026-08-06,KISS.BK,109000.0,29.55427276153498
2026-08-06,KJL.BK,-100.0,-0.3263707571801566
2026-08-06,KKP.BK,642500.0,5.199689523908335
2026-08-06,KLINIQ.BK,-2000.0,-0.4356928278425144
2026-08-06,KSL.BK,1299400.0,29.837585621746488
2026-08-06,KTB.BK,8890501.0,13.669404929303251
2026-08-06,KTC.BK,-2845697.0,-16.938057606241678
2026-08-06,KTIS.BK,100.0,0.5181078700585462
2026-08-06,KTMS.BK,1.0,0.0034600878862323
2026-08-06,KUMWEL.BK,-41000.0,-3.6043924356989576
2026-08-06,LALIN.BK,100.0,0.4481089801039613
2026-08-06,LANNA.BK,35010.0,8.3897281545953
2026-08-06,LEO.BK,100.0,0.1476843100189036
2026-08-06,LH.BK,1276500.0,6.260122738619548
2026-08-06,LHFG.BK,6004200.0,32.89761156721269
2026-08-06,LOXLEY.BK,100.0,0.0046570414933082
2026-08-06,LPH.BK,-1000.0,-0.9900401956319426
2026-08-06,LPN.BK,-9000.0,-4.274133419449207
2026-08-06,LTS.BK,-137200.0,-2.591703714617908
2026-08-06,M.BK,-14600.0,-4.6751117543837175
2026-08-06,MAGURO.BK,-5796.0,-0.8098104993132818
2026-08-06,MAJOR.BK,-35100.0,-4.2554636030561745
2026-08-06,MALEE.BK,0.0,0.0
2026-08-06,MASTEC.BK,-17600.0,-0.298440242767572
2026-08-06,MASTER.BK,-87900.0,-20.13925642840941
2026-08-06,MATI.BK,-90.0,-1.1097410604192357
2026-08-06,MBK.BK,130000.0,3.2548220188208834
2026-08-06,MC.BK,75000.0,2.8004144613402784
2026-08-06,MCS.BK,-16100.0,-6.556415717479568
2026-08-06,MDX.BK,46900.0,6.982283757629894
2026-08-06,MEB.BK,-7500.0,-5.398013531020585
2026-08-06,MEDEZE.BK,-700.0,-0.041179886096435
2026-08-06,MEGA.BK,-38600.0,-4.844432228777684
2026-08-06,METCO.BK,1300.0,4.978172627709275
2026-08-06,MFC.BK,900.0,7.056609691077309
2026-08-06,MGC.BK,1833900.0,26.700032364999153
2026-08-06,MGI.BK,-100.0,-0.1627206899357253
2026-08-06,MICRO.BK,-51200.0,-0.224852903601959
2026-08-06,MIDA.BK,-1600.0,-0.1331001861738854
2026-08-06,MINT.BK,-3592600.0,-24.00978836954784
2026-08-06,MJD.BK,2700.0,2.980132450331126
2026-08-06,ML.BK,517000.0,4.468018064966193
2026-08-06,MMM.BK,-15464.0,-7.981501744534138
2026-08-06,MONO.BK,-516700.0,-22.492227622910644
2026-08-06,MORE.BK,-300.0,-0.0361532899493853
2026-08-06,MOSHI.BK,170800.0,19.707207207207208
2026-08-06,MRDIYT.BK,-108000.0,-2.7420757818343575
2026-08-06,MSC.BK,2500.0,2.3854506593385625
2026-08-06,MST.BK,-1800.0,-7.594295840013501
2026-08-06,MTC.BK,-133100.0,-1.5995652451366786
2026-08-06,MTW.BK,74000.0,29.16486028455445
2026-08-06,NCAP.BK,670100.0,2.0854277213501335
2026-08-06,NCL.BK,-100.0,-0.0081933633756657
2026-08-06,NDR.BK,100.0,0.0596480763495377
2026-08-06,NEO.BK,104000.0,26.932469422583395
2026-08-06,NER.BK,2346000.0,21.381377330727343
2026-08-06,NETBAY.BK,-14400.0,-11.147581594104167
2026-08-06,NEX.BK,-116200.0,-4.529771160794792
2026-08-06,NOBLE.BK,-3400.0,-1.0351431085347549
2026-08-06,NOBLE-W3.BK,-50.0,-0.018054973784178
2026-08-06,NSL.BK,8000.0,6.2433664231753765
2026-08-06,NTF.BK,-9000.0,-0.4255580721273648
2026-08-06,NV.BK,500.0,0.0948550614660798
2026-08-06,NYT.BK,-8100.0,-1.7046243723404704
2026-08-06,OGC.BK,1000.0,83.33333333333334
2026-08-06,OKJ.BK,6800.0,1.1990724821682053
2026-08-06,ONEE.BK,-49100.0,-22.577723006745725
2026-08-06,ONSENS.BK,100000.0,12.297097884899165
2026-08-06,OR.BK,178000.0,0.972332603519418
2026-08-06,ORI.BK,78000.0,4.951956498966755
2026-08-06,ORN.BK,-50000.0,-0.3304009369113287
2026-08-06,OSP.BK,2249400.0,22.35446788237181
2026-08-06,PAF.BK,400.0,0.045428630485791
2026-08-06,PAP.BK,-2400.0,-3.370313158264289
2026-08-06,PCC.BK,26200.0,6.2604091249047205
2026-08-06,PCE.BK,1993624.0,7.8490122710207375
2026-08-06,PCSGH.BK,-6100.0,-2.1719392569119296
2026-08-06,PDG.BK,-100.0,-0.7936507936507936
2026-08-06,PEER.BK,100.0,0.0414250207125103
2026-08-06,PERM.BK,-100.0,-0.0456623089603148
2026-08-06,PF.BK,-100.0,-0.0303980010274524
2026-08-06,PIN.BK,82700.0,16.308034517029768
2026-08-06,PIS.BK,254900.0,4.9751981784021355
2026-08-06,PK.BK,500.0,0.1639881928501148
2026-08-06,PLANB.BK,779500.0,7.453448694934122
2026-08-06,PLAT.BK,-73300.0,-6.432645897323387
2026-08-06,PLE.BK,-51300.0,-10.775024627127436
2026-08-06,PLUS.BK,102400.0,2.5882115054089576
2026-08-06,PM.BK,-10833.0,-14.404627351904796
2026-08-06,PMC.BK,64000.0,5.768540901658996
2026-08-06,POLY.BK,-18.0,-0.0434593654932638
2026-08-06,PORT.BK,8000.0,0.0296774256732583
2026-08-06,PPPM.BK,2600.0,3.0479941853649386
2026-08-06,PR9.BK,227600.0,2.6085388847075097
2026-08-06,PRINC.BK,300.0,0.080318059515682
2026-08-06,PRM.BK,-494200.0,-12.669179823139071
2026-08-06,PROEN.BK,-10300.0,-3.468013468013468
2026-08-06,PRTR.BK,-9900.0,-1.5607092241068092
2026-08-06,PSH.BK,-24300.0,-9.268971830717296
2026-08-06,PSL.BK,-5851700.0,-27.946466496285726
2026-08-06,PSP.BK,277900.0,8.234586448341972
2026-08-06,PTG.BK,-1118300.0,-15.299785080636832
2026-08-06,PTL.BK,56000.0,6.061170195494386
2026-08-06,PTT.BK,-9967178.0,-6.177968135109025
2026-08-06,PTTEP.BK,3229003.0,19.462810064306776
2026-08-06,PTTGC.BK,112220.0,0.2696863268287308
2026-08-06,PYLON.BK,106100.0,37.22650274374412
2026-08-06,QH.BK,2806500.0,15.71479998192504
2026-08-06,QTC.BK,12600.0,0.7619605123035458
2026-08-06,QTCG.BK,-100.0,-0.0451467268623024
2026-08-06,RABBIT.BK,82000.0,2.97602845373546
2026-08-06,RATCH.BK,-514999.0,-3.916993945456477
2026-08-06,RBF.BK,57700.0,5.334585774499571
2026-08-06,RCL.BK,-1194300.0,-27.11440973203662
2026-08-06,RJH.BK,-29800.0,-23.5517268631945
2026-08-06,ROCTEC.BK,-771100.0,-10.54004218203887
2026-08-06,ROJNA.BK,-285500.0,-24.765809130646367
2026-08-06,RPC.BK,-300.0,-0.1343333706481585
2026-08-06,RS.BK,-30500.0,-1.7155475859151856
2026-08-06,S.BK,-22500.0,-0.5709328204918701
2026-08-06,S11.BK,-900.0,-0.1082777106723324
2026-08-06,SA.BK,100.0,0.3728421759069386
2026-08-06,SABINA.BK,-100.0,-0.0814299092056512
2026-08-06,SAFE.BK,700.0,0.37487281101055
2026-08-06,SAK.BK,-134200.0,-9.148401108987995
2026-08-06,SALEE.BK,200.0,0.0318420633657061
2026-08-06,SAMART.BK,-291200.0,-49.44720000135844
2026-08-06,SAMCO.BK,-60279.0,-10.498696349604725
2026-08-06,SANKO.BK,-192600.0,-7.843434300242266
2026-08-06,SAPPE.BK,42100.0,13.249118036738766
2026-08-06,SAT.BK,178300.0,18.129075356150413
2026-08-06,SAV.BK,89100.0,29.521884629402606
2026-08-06,SAWAD.BK,259000.0,2.235566955316627
2026-08-06,SC.BK,-203000.0,-9.945578577909645
2026-08-06,SCAP.BK,3347600.0,8.600626482006177
2026-08-06,SCB.BK,6144998.0,22.573322915438357
2026-08-06,SCC.BK,157507.0,4.469087489778303
2026-08-06,SCCC.BK,58700.0,22.303278999962004
2026-08-06,SCG.BK,-2.0,-0.0082552524043422
2026-08-06,SCGD.BK,-4900.0,-0.6705815858296531
2026-08-06,SCGP.BK,2706030.0,28.030714942080337
2026-08-06,SCM.BK,400.0,0.1286583188860762
2026-08-06,SCN.BK,100.0,0.0356873927147756
2026-08-06,SCP.BK,-2000.0,-0.8303061754021795
2026-08-06,SE.BK,-20400.0,-0.2027831187824981
2026-08-06,SE-ED.BK,-100.0,-2.77700638711469
2026-08-06,SEAFCO.BK,62900.0,9.79828615668846
2026-08-06,SEAOIL.BK,18400.0,5.146104622544414
2026-08-06,SECURE.BK,-1700.0,-1.9136170739669285
2026-08-06,SENA.BK,100.0,0.0917380694640662
2026-08-06,SGC.BK,-143900.0,-0.7313032341999878
2026-08-06,SGF.BK,-200.0,-0.0381162928093613
2026-08-06,SGP.BK,3700.0,1.3400796079723871
2026-08-06,SHR.BK,-955400.0,-12.395031764052773
2026-08-06,SICT.BK,-24100.0,-2.8410430518225116
2026-08-06,SIMAT.BK,54200.0,2.4991826934826205
2026-08-06,SINGER.BK,-11800.0,-0.4886885173935839
2026-08-06,SIRI.BK,-836800.0,-2.741783406253697
2026-08-06,SIS.BK,-7400.0,-2.348505525335297
2026-08-06,SISB.BK,-174000.0,-4.220786939041648
2026-08-06,SITHAI.BK,135400.0,24.65327912282395
2026-08-06,SJWD.BK,-159000.0,-3.6421827990930735
2026-08-06,SKE.BK,-100.0,-0.018638008864237
2026-08-06,SKIN.BK,1500.0,1.1933174224343674
2026-08-06,SKR.BK,-1800.0,-3.1413612565445024
2026-08-06,SKY.BK,-314800.0,-6.396525231934998
2026-08-06,SMD100.BK,600.0,0.8493771234428085
2026-08-06,SMIT.BK,-10000.0,-42.27972264501945
2026-08-06,SMO.BK,-145300.0,-20.54000565450947
2026-08-06,SMPC.BK,13100.0,9.999007732057123
2026-08-06,SMT.BK,-4847000.0,-17.81551041051391
2026-08-06,SNC.BK,-3000.0,-2.5662301224091766
2026-08-06,SNNP.BK,3600.0,0.635888486355776
2026-08-06,SO.BK,-3000.0,-15.736466638690729
2026-08-06,SOLAR.BK,6600.0,0.8128178918459588
2026-08-06,SONIC.BK,-2000.0,-0.8261049153242461
2026-08-06,SPA.BK,-306800.0,-38.648170636460286
2026-08-06,SPACK.BK,-5300.0,-12.296983758700696
2026-08-06,SPALI.BK,-418300.0,-19.103919751662744
2026-08-06,SPCG.BK,-22000.0,-2.8692720526380997
2026-08-06,SPRC.BK,318800.0,1.971731871431455
2026-08-06,SPVI.BK,-118400.0,-28.733679561228943
2026-08-06,SQ.BK,78300.0,5.960260363659615
2026-08-06,SRICHA.BK,670500.0,21.44771603415897
2026-08-06,SSF.BK,-1.0,-0.0434593654932638
2026-08-06,SSP.BK,-282800.0,-24.940382960109496
2026-08-06,STA.BK,-1232100.0,-32.52387486293302
2026-08-06,STANLY.BK,-3814.0,-8.33387960231618
2026-08-06,STC.BK,-100.0,-0.0916590284142988
2026-08-06,STECH.BK,-100.0,-0.145985401459854
2026-08-06,STECON.BK,-898900.0,-6.561789478609654
2026-08-06,STELLA.BK,300.0,0.0196436124865277
2026-08-06,STGT.BK,-131510.0,-13.397568857248809
2026-08-06,STPI.BK,-1902800.0,-30.50208535646627
2026-08-06,STX.BK,-9000.0,-3.5984166966534725
2026-08-06,SUC.BK,4200.0,5.132780133696702
2026-08-06,SUPER.BK,5600.0,0.1513496742333395
2026-08-06,SUSCO.BK,87800.0,20.332216373686684
2026-08-06,SVOA.BK,-1990400.0,-24.52422703835459
2026-08-06,SVT.BK,-23700.0,-9.491427678925426
2026-08-06,SYMC.BK,5000.0,14.36699040285041
2026-08-06,SYNEX.BK,-234000.0,-6.673650232850502
2026-08-06,SYNTEC.BK,24500.0,4.244555707628073
2026-08-06,TACC.BK,-137100.0,-15.897347891021418
2026-08-06,TAE.BK,-508400.0,-13.865290682928292
2026-08-06,TAKUNI.BK,-31900.0,-2.551183621241203
2026-08-06,TASCO.BK,741200.0,6.352022723307192
2026-08-06,TCAP.BK,1598500.0,17.50262265604735
2026-08-06,TCC.BK,900.0,0.4840557417078562
2026-08-06,TCJ.BK,100.0,100.0
2026-08-06,TCMC.BK,700.0,0.115873896094222
2026-08-06,TEAM.BK,-552800.0,-32.4352234322193
2026-08-06,TEAMG.BK,-494000.0,-28.175231689949253
2026-08-06,TEGH.BK,-55100.0,-5.209525016120218
2026-08-06,TFG.BK,-1907749.0,-16.43461067504655
2026-08-06,TFM.BK,-168600.0,-7.164791043926204
2026-08-06,TFMAMA.BK,-1000.0,-42.122999157540015
2026-08-06,TGE.BK,-1100.0,-0.2471676830501391
2026-08-06,TGPRO.BK,20300.0,6.663887311367672
2026-08-06,TH.BK,1100.0,0.199311108332835
2026-08-06,THAI.BK,2408110.0,1.0859580943314362
2026-08-06,THANI.BK,-424100.0,-1.9594628216532608
2026-08-06,THCOM.BK,-63500.0,-1.7070530323579296
2026-08-06,THG.BK,1342800.0,47.77642851628003
2026-08-06,THRE.BK,1000.0,0.4321483824686044
2026-08-06,THREL.BK,-100000.0,-83.68480953337351
2026-08-06,TIDLOR.BK,933900.0,8.959367412442786
2026-08-06,TIPCO.BK,300.0,0.1454157679164344
2026-08-06,TIPH.BK,-2200.0,-1.692203556704203
2026-08-06,TISCO.BK,1571600.0,31.939415099807626
2026-08-06,TITLE.BK,254700.0,23.774719827948317
2026-08-06,TKC.BK,200.0,0.819672131147541
2026-08-06,TKN.BK,-170000.0,-26.6798496512002
2026-08-06,TKS.BK,800.0,0.5259628407253027
2026-08-06,TLI.BK,78400.0,0.9760796979033336
2026-08-06,TMAN.BK,-4400.0,-1.2565110116055926
2026-08-06,TMT.BK,1100.0,7.691231995525101
2026-08-06,TMW.BK,-7900.0,-15.176547431513429
2026-08-06,TNDT.BK,-223700.0,-6.1805294810151095
2026-08-06,TNDT-W2.BK,1000000.0,11.488796355569974
2026-08-06,TNP.BK,200.0,0.0575190316095838
2026-08-06,TOA.BK,-204300.0,-7.033242138725279
2026-08-06,TOG.BK,-38300.0,-79.1338664021984
2026-08-06,TOP.BK,8289600.0,31.76914056610665
2026-08-06,TPA.BK,10.0,100.0
2026-08-06,TPCH.BK,19600.0,9.574566824125954
2026-08-06,TPIPL.BK,-5102600.0,-23.35435252522312
2026-08-06,TPIPP.BK,-552400.0,-6.643300464790508
2026-08-06,TQM.BK,-200.0,-0.1832693417881589
2026-08-06,TRC.BK,400.0,1.1197581322434351
2026-08-06,TRITN.BK,-10000.0,-1.21593852214832
2026-08-06,TRP.BK,24400.0,4.714975845410628
2026-08-06,TRT.BK,3435600.0,42.8628426463576
2026-08-06,TRUBB.BK,-14100.0,-3.013702729217741
2026-08-06,TRUE.BK,-18597485.0,-7.978343076450714
2026-08-06,TSE.BK,-175600.0,-7.645369783809317
2026-08-06,TSI.BK,-100.0,-1.4705882352941175
2026-08-06,TSTH.BK,258200.0,6.198502852703695
2026-08-06,TTA.BK,582100.0,10.066440931210636
2026-08-06,TTB.BK,68326957.0,18.551502286135317
2026-08-06,TTW.BK,1731100.0,25.970281272953343
2026-08-06,TU.BK,-483899.0,-3.506320882861395
2026-08-06,TURBO.BK,414400.0,4.974444153281542
2026-08-06,TVO.BK,55500.0,15.118661058687646
2026-08-06,TYCN.BK,100.0,0.3299350028044475
2026-08-06,UAC.BK,1100.0,0.1778450355366716
2026-08-06,UBE.BK,32300.0,1.5026750407071412
2026-08-06,UBIS.BK,-600.0,-0.983574309039048
2026-08-06,UKEM.BK,-8090000.0,-18.679391927376372
2026-08-06,UMI.BK,1200.0,0.4803823843779648
2026-08-06,UMS.BK,-1400.0,-0.1284628774399917
2026-08-06,UNIQ.BK,400.0,0.2206275751374785
2026-08-06,UNIX.BK,-171400.0,-13.632386860733318
2026-08-06,UP.BK,300.0,11.441647597254006
2026-08-06,UREKA.BK,-1700.0,-0.1164510381610052
2026-08-06,UTP.BK,-79100.0,-12.501540961117206
2026-08-06,UV.BK,1100.0,0.0714219857649489
2026-08-06,UVAN.BK,23000.0,8.474170360299617
2026-08-06,VCOM.BK,2200.0,1.6935974318904394
2026-08-06,VGI.BK,-10327700.0,-29.62058309444448
2026-08-06,VIBHA.BK,100.0,0.0025237344607359
2026-08-06,VIBHA-W5.BK,-200.0,-0.0513027039090095
2026-08-06,VIH.BK,-2400.0,-0.6139756200514205
2026-08-06,VS.BK,-100.0,-0.1322733826272139
2026-08-06,WARRIX.BK,2300.0,0.23843783821889
2026-08-06,WASH.BK,-1100.0,-0.1533094635144382
2026-08-06,WAVE.BK,-1300.0,-0.0030095316497395
2026-08-06,WHA.BK,-10033900.0,-5.540255497883219
2026-08-06,WHAUP.BK,-2214500.0,-7.377043473521811
2026-08-06,WICE.BK,-49400.0,-5.224682500063458
2026-08-06,WIIK.BK,49900.0,3.2036445790674244
2026-08-06,WORK.BK,-1700.0,-1.9406835772506223
2026-08-06,WPH.BK,182100.0,16.91869734392246
2026-08-06,XO.BK,-54100.0,-6.209511916294402
2026-08-06,XPG.BK,133306.0,0.7381276841403102
2026-08-06,YGG.BK,100.0,0.0204407015248763
2026-08-06,ZIGA.BK,400.0,0.0760874320681895
2026-08-07,2S.BK,125000.0,1.1077795993613164
2026-08-07,88TH.BK,48500.0,3.8369342499782446
2026-08-07,AAI.BK,2739901.0,32.87069556785039
2026-08-07,AAV.BK,-1012600.0,-11.982301787630208
2026-08-07,ACE.BK,-7300.0,-1.4205844634763842
2026-08-07,ADB.BK,50000.0,4.957848373131634
2026-08-07,ADVANC.BK,-1176530.0,-11.590905553227254
2026-08-07,ADVICE.BK,353300.0,17.18852547944699
2026-08-07,AEONTS.BK,-9000.0,-2.4381852316411425
2026-08-07,AF.BK,-7300.0,-40.76390440026804
2026-08-07,AGE.BK,154300.0,11.920884880408725
2026-08-07,AH.BK,-79200.0,-11.502265597769258
2026-08-07,AIE.BK,65900.0,1.9275628322596212
2026-08-07,AIT.BK,74000.0,12.253156843719264
2026-08-07,AJ.BK,-122400.0,-4.831438454223897
2026-08-07,AJA.BK,7700.0,1.5340784571553805
2026-08-07,AKP.BK,400.0,0.2200135308321462
2026-08-07,AKR.BK,4900.0,0.0108238330820031
2026-08-07,ALPHAX.BK,400.0,0.0023049441051054
2026-08-07,ALT.BK,-470400.0,-6.505558213958737
2026-08-07,AMA.BK,-5000.0,-0.4699243703718324
2026-08-07,AMANAH.BK,200.0,0.0201530422024856
2026-08-07,AMARC.BK,57900.0,2.6539570086466746
2026-08-07,AMARIN.BK,-100.0,-0.2049180327868852
2026-08-07,AMATA.BK,-852920.0,-6.76047246263914
2026-08-07,ANAN.BK,1300.0,0.1272511212781494
2026-08-07,ANI.BK,-300.0,-0.330760749724366
2026-08-07,AOT.BK,-3096794.0,-28.44086922620904
2026-08-07,AP.BK,430100.0,6.707196786284321
2026-08-07,APO.BK,-13200.0,-2.6080307589567084
2026-08-07,APURE.BK,1100.0,7.051282051282051
2026-08-07,AQUA.BK,5100.0,0.5681754882409956
2026-08-07,AS.BK,-25800.0,-5.27047979751552
2026-08-07,ASAP.BK,-229000.0,-80.18207282913166
2026-08-07,ASEFA.BK,-560400.0,-25.438731876492326
2026-08-07,ASIA.BK,500.0,50.0
2026-08-07,ASIAN.BK,3501.0,0.4653666706543845
2026-08-07,ASK.BK,31400.0,4.037364912213029
2026-08-07,ASP.BK,30900.0,4.822722044209846
2026-08-07,ASW.BK,25900.0,4.741158380317786
2026-08-07,ATLAS.BK,96600.0,12.978550459824936
2026-08-07,AU.BK,-12600.0,-8.362313838965727
2026-08-07,AUCT.BK,-30300.0,-15.213287275064266
2026-08-07,AURA.BK,-96300.0,-5.268061162025977
2026-08-07,AWC.BK,-726500.0,-2.635598648208165
2026-08-07,AYUD.BK,1296.0,42.84297520661157
2026-08-07,B.BK,-3333.0,-0.0984373477144992
2026-08-07,BA.BK,726800.0,14.642963922863736
2026-08-07,BAFS.BK,30600.0,2.106729969541917
2026-08-07,BAM.BK,-786500.0,-16.003014630194038
2026-08-07,BANPU.BK,-5786381.0,-31.754641793798516
2026-08-07,BAY.BK,199500.0,12.887022477680258
2026-08-07,BBGI.BK,1888500.0,23.780423768788552
2026-08-07,BBIK.BK,-48300.0,-2.3638590905064385
2026-08-07,BBL.BK,-1945293.0,-20.867663693964147
2026-08-07,BCH.BK,-1901352.0,-18.534841048563894
2026-08-07,BCP.BK,5357308.0,32.038972268954254
2026-08-07,BCPG.BK,-552800.0,-8.761960916709066
2026-08-07,BDMS.BK,-723098.0,-1.069230144773068
2026-08-07,BE8.BK,-142300.0,-23.860345715114516
2026-08-07,BEAUTY.BK,1400.0,0.0227117874176697
2026-08-07,BEC.BK,-7100.0,-15.418358704857868
2026-08-07,BEM.BK,-3913055.0,-11.056153848414208
2026-08-07,BGC.BK,100.0,0.148980230323436
2026-08-07,BGRIM.BK,-558800.0,-2.267579125140542
2026-08-07,BH.BK,597500.0,21.362822967448064
2026-08-07,BIG.BK,-194300.0,-6.668725974739154
2026-08-07,BIOTEC.BK,-4900.0,-1.648721399730821
2026-08-07,BIZ.BK,13600.0,5.494949494949495
2026-08-07,BJC.BK,559930.0,7.35726468953126
2026-08-07,BJCHI.BK,-3600.0,-56.872037914691944
2026-08-07,BKGI.BK,-17000.0,-4.101168591803453
2026-08-07,BKIH.BK,-300.0,-18.028846153846153
2026-08-07,BLA.BK,-160100.0,-40.02680120605427
2026-08-07,BLAND.BK,-1387300.0,-8.379706215582
2026-08-07,BLC.BK,1500.0,0.2838221381267738
2026-08-07,BM.BK,-200.0,-0.0299667668555571
2026-08-07,BOL.BK,-31000.0,-4.8634622203117015
2026-08-07,BR.BK,400.0,0.396039603960396
2026-08-07,BRI.BK,100.0,0.0767830954337093
2026-08-07,BSBM.BK,-2000.0,-0.1559575795383656
2026-08-07,BSM.BK,-1400.0,-12.163336229365768
2026-08-07,BTC.BK,3200.0,0.2295749992825781
2026-08-07,BTG.BK,-487900.0,-37.37462952848523
2026-08-07,BTS.BK,-7811900.0,-26.732587818119985
2026-08-07,BTW.BK,-100.0,-0.089126559714795
2026-08-07,BVG.BK,108300.0,98.9041095890411
2026-08-07,BWG.BK,3200.0,0.0077006894114389
2026-08-07,BWG-W8.BK,-18100.0,-1.9042348710643624
2026-08-07,BYD.BK,-36100.0,-0.7714196086744318
2026-08-07,CAZ.BK,200.0,0.0585994726047465
2026-08-07,CBG.BK,318700.0,10.799231211303036
2026-08-07,CCET.BK,-1309000.0,-8.472967931143316
2026-08-07,CCP.BK,1057900.0,69.24788898343915
2026-08-07,CENTEL.BK,-144100.0,-5.169302736035529
2026-08-07,CFRESH.BK,-4200.0,-0.0922502133286183
2026-08-07,CGH.BK,800.0,0.6015308961306526
2026-08-07,CHASE.BK,-1100.0,-0.1786552457240491
2026-08-07,CHAYO.BK,-222000.0,-2.295839143168012
2026-08-07,CHG.BK,2890500.0,7.1861455588650855
2026-08-07,CHOW.BK,600.0,1.9100980516999873
2026-08-07,CIVIL.BK,-3500.0,-1.7928490933306014
2026-08-07,CK.BK,2593800.0,22.200833750950604
2026-08-07,CKP.BK,205600.0,8.685711581990835
2026-08-07,CMAN.BK,-14900.0,-1.6115076789963223
2026-08-07,CMR.BK,100.0,0.0276755320621038
2026-08-07,CNT.BK,-121600.0,-23.35739503578522
2026-08-07,COCOCO.BK,165400.0,4.978660090260037
2026-08-07,COM7.BK,248800.0,6.889321717479106
2026-08-07,COMAN.BK,300.0,5.447612130016343
2026-08-07,CPALL.BK,1669783.0,9.790665949138443
2026-08-07,CPANEL.BK,49.0,0.1138132069774464
2026-08-07,CPAXT.BK,-1121300.0,-19.17384381961163
2026-08-07,CPF.BK,-7519500.0,-31.131758985577047
2026-08-07,CPI.BK,-185900.0,-12.261521972132904
2026-08-07,CPL.BK,1000.0,6.41025641025641
2026-08-07,CPN.BK,500102.0,11.014038493260893
2026-08-07,CPW.BK,-15200.0,-0.4176730664072697
2026-08-07,CRC.BK,-276100.0,-4.252650243622488
2026-08-07,CREDIT.BK,-430600.0,-14.779419058311433
2026-08-07,CSS.BK,24300.0,2.9867256637168142
2026-08-07,CTW.BK,95400.0,67.90035587188612
2026-08-07,CWT.BK,-11700.0,-1.5516850371144495
2026-08-07,DCC.BK,-9508.0,-5.384009920893333
2026-08-07,DELTA.BK,-1398946.0,-10.73459870925088
2026-08-07,DEMCO.BK,39600.0,23.68364393196335
2026-08-07,DITTO.BK,52000.0,0.9984050479359224
2026-08-07,DMT.BK,-24000.0,-7.459300193320197
2026-08-07,DOD.BK,1200.0,0.2603082049146188
2026-08-07,DOHOME.BK,1233400.0,14.31907149632904
2026-08-07,DUSIT.BK,-17600.0,-21.026976655277053
2026-08-07,EA.BK,1012000.0,0.637286038061027
2026-08-07,EASTW.BK,-1043800.0,-42.15261848609181
2026-08-07,EGCO.BK,-131400.0,-10.169208194803025
2026-08-07,EKH.BK,-77800.0,-59.44739898526805
2026-08-07,EMPIRE.BK,-179000.0,-3.193444411677445
2026-08-07,EPG.BK,518400.0,7.2614947753377
2026-08-07,ERW.BK,1923600.0,11.47228422924124
2026-08-07,ESTAR.BK,116200.0,45.44139155462744
2026-08-07,ETC.BK,133700.0,2.9153756080967637
2026-08-07,EVER.BK,-1121700.0,-13.896482171880043
2026-08-07,FE.BK,-100.0,-100.0
2026-08-07,FM.BK,-330800.0,-47.277269466144155
2026-08-07,FMT.BK,-100.0,-8.333333333333332
2026-08-07,FNS.BK,16700.0,10.636942675159236
2026-08-07,FORTH.BK,-1021700.0,-32.33367005668598
2026-08-07,FPI.BK,100.0,0.2610966057441253
2026-08-07,FSMART.BK,-62900.0,-13.851391525326688
2026-08-07,FSX.BK,-300.0,-2.459016393442623
2026-08-07,FTI.BK,-2000.0,-11.230276826323768
2026-08-07,GABLE.BK,-21200.0,-13.62397820163488
2026-08-07,GC.BK,-5200.0,-1.943322258887896
2026-08-07,GEL.BK,-100.0,-0.0092601166774701
2026-08-07,GFPT.BK,-445000.0,-21.183062118734632
2026-08-07,GGC.BK,-171300.0,-64.06133133881825
2026-08-07,GJS.BK,300.0,0.016946280291476
2026-08-07,GLOBAL.BK,-1990800.0,-13.673775637985896
2026-08-07,GPSC.BK,1029400.0,7.589748928539645
2026-08-07,GRAMMY.BK,400.0,9.45179584120983
2026-08-07,GULF.BK,-7638680.0,-15.040652023334996
2026-08-07,GUNKUL.BK,563150.0,1.0277023214922218
2026-08-07,HANA.BK,-1996350.0,-13.949872974295156
2026-08-07,HENG.BK,-412800.0,-11.83057854910908
2026-08-07,HMPRO.BK,8022865.0,21.198461150253195
2026-08-07,HTC.BK,-23408.0,-13.345800360327488
2026-08-07,HTECH.BK,128200.0,34.63919308513081
2026-08-07,HUMAN.BK,-309600.0,-18.305867633676883
2026-08-07,I2.BK,0.0,0.0
2026-08-07,ICC.BK,-8.0,-0.0198471767391088
2026-08-07,ICHI.BK,1298300.0,44.46890772881467
2026-08-07,ICN.BK,-30000.0,-9.68054211035818
2026-08-07,IHL.BK,-4700.0,-59.49367088607595
2026-08-07,IIG.BK,100.0,0.3076923076923077
2026-08-07,III.BK,200.0,0.0235367219936545
2026-08-07,ILINK.BK,-100.0,-0.0902950843356087
2026-08-07,ILM.BK,-16500.0,-20.412455309094057
2026-08-07,IMH.BK,-12800.0,-40.24397912343583
2026-08-07,INET.BK,-18100.0,-5.134416761459535
2026-08-07,INSET.BK,-758600.0,-19.97615290789166
2026-08-07,IP.BK,-87.0,-0.0243662670038733
2026-08-07,IROYAL.BK,-9300.0,-4.759467758444217
2026-08-07,IRPC.BK,15871700.0,13.443039029872612
2026-08-07,IT.BK,-2400.0,-1.022991739341705
2026-08-07,ITC.BK,-2210700.0,-26.014065505269123
2026-08-07,ITD.BK,-95800.0,-0.9056269590209474
2026-08-07,ITEL.BK,51800.0,3.10588799616261
2026-08-07,IVL.BK,-3631000.0,-9.2871720724735
2026-08-07,JAS.BK,296200.0,3.027040815179434
2026-08-07,JCK.BK,4300.0,0.0991957988964351
2026-08-07,JDF.BK,3000.0,2.044864323252152
2026-08-07,JMART.BK,-414200.0,-11.158711796498718
2026-08-07,JMT.BK,286300.0,6.9881577209867585
2026-08-07,JPARK.BK,-100.0,-0.0203831626922896
2026-08-07,JR.BK,-1300.0,-0.3818991551215614
2026-08-07,JTS.BK,3500.0,2.7718161731513966
2026-08-07,KAMART.BK,-44400.0,-3.795543314073515
2026-08-07,KBANK.BK,1051383.0,9.42075994881131
2026-08-07,KBS.BK,-19800.0,-8.625609347023946
2026-08-07,KC.BK,-300.0,-0.01804836963061
2026-08-07,KCC.BK,9800.0,3.0490935169426927
2026-08-07,KCE.BK,-3903205.0,-24.657611698073516
2026-08-07,KCG.BK,-52300.0,-23.943159032018823
2026-08-07,KCM.BK,-100.0,-33.33333333333333
2026-08-07,KGEN.BK,2955600.0,16.973875473571184
2026-08-07,KGI.BK,624800.0,11.630926574191369
2026-08-07,KIAT.BK,-2500.0,-0.0871565422140969
2026-08-07,KISS.BK,141500.0,36.216582843833585
2026-08-07,KJL.BK,500.0,0.139703827884884
2026-08-07,KKP.BK,-2730000.0,-28.52895014403985
2026-08-07,KLINIQ.BK,-200.0,-0.0803151566747918
2026-08-07,KSL.BK,504500.0,10.02791716483252
2026-08-07,KTB.BK,-12831941.0,-16.436705232428594
2026-08-07,KTC.BK,-1171700.0,-7.346071832758088
2026-08-07,KTIS.BK,200.0,9.51927653498334
2026-08-07,KUMWEL.BK,-11200.0,-1.312394393263667
2026-08-07,KYE.BK,0.0,0.0
2026-08-07,LANNA.BK,-12254.0,-2.73783457705885
2026-08-07,LEE.BK,28500.0,19.587628865979383
2026-08-07,LEO.BK,0.0,0.0
2026-08-07,LH.BK,-2856405.0,-15.939233480679658
2026-08-07,LHFG.BK,-1256700.0,-7.927966347621799
2026-08-07,LHK.BK,200.0,0.1094091903719912
2026-08-07,LOXLEY.BK,500.0,0.0122877717502161
2026-08-07,LPH.BK,-114100.0,-83.8298716469888
2026-08-07,LPN.BK,-13500.0,-2.898239587805925
2026-08-07,LST.BK,-29000.0,-19.17393402844354
2026-08-07,LTS.BK,127600.0,6.864935619708391
2026-08-07,M.BK,-7000.0,-1.9133263178035016
2026-08-07,MAGURO.BK,-24136.0,-1.2037911240853487
2026-08-07,MAJOR.BK,-97700.0,-13.392092223128431
2026-08-07,MALEE.BK,500.0,0.196158433243362
2026-08-07,MASTEC.BK,-89100.0,-5.666857469948483
2026-08-07,MASTER.BK,-91600.0,-36.58789883206314
2026-08-07,MBK.BK,-54000.0,-2.4131133944327687
2026-08-07,MC.BK,-165000.0,-16.278948162896036
2026-08-07,MCOT.BK,100.0,0.0524378349466707
2026-08-07,MCS.BK,-100.0,-0.0482902825464431
2026-08-07,MDX.BK,-54400.0,-4.995867389108274
2026-08-07,MEB.BK,-77400.0,-47.851031208269454
2026-08-07,MEDEZE.BK,111100.0,5.936992002428235
2026-08-07,MEGA.BK,247900.0,23.121743112677223
2026-08-07,METCO.BK,-500.0,-5.4271138608488005
2026-08-07,MFC.BK,3500.0,6.975585450921774
2026-08-07,MFEC.BK,100.0,0.2083203133137512
2026-08-07,MGC.BK,245400.0,3.4183552863527247
2026-08-07,MGI.BK,7300.0,3.113112600856319
2026-08-07,MICRO.BK,-173300.0,-3.762060628005795
2026-08-07,MIDA.BK,-3100.0,-0.6615422042586246
2026-08-07,MINT.BK,-1376900.0,-8.577725411989666
2026-08-07,MJD.BK,-102700.0,-18.058412899368747
2026-08-07,ML.BK,327700.0,5.987673833481639
2026-08-07,MMM.BK,-9900.0,-2.0767560650716903
2026-08-07,MONO.BK,-35900.0,-1.208211123956067
2026-08-07,MORE.BK,-3000.0,-0.66711140760507
2026-08-07,MOSHI.BK,42300.0,14.538780392237737
2026-08-07,MRDIYT.BK,-267300.0,-17.31084197526227
2026-08-07,MST.BK,-1400.0,-5.931700703330226
2026-08-07,MTC.BK,-423500.0,-9.755859332256923
2026-08-07,MTI.BK,-1000.0,-6.045949214026603
2026-08-07,MTW.BK,32300.0,19.59951456310679
2026-08-07,NCAP.BK,-1636800.0,-8.412695769413189
2026-08-07,NCL.BK,-100.0,-0.0919117647058823
2026-08-07,NDR.BK,300.0,0.4845822093718199
2026-08-07,NEO.BK,171800.0,26.605464805832764
2026-08-07,NER.BK,5884100.0,34.21593317748795
2026-08-07,NETBAY.BK,15100.0,6.014426657850818
2026-08-07,NEX.BK,-181400.0,-1.2908394306046074
2026-08-07,NOBLE.BK,10000.0,3.62132526019222
2026-08-07,NSL.BK,4700.0,4.7423491781609775
2026-08-07,NV.BK,700.0,0.3402799045271811
2026-08-07,NYT.BK,493300.0,7.471625091331642
2026-08-07,OKJ.BK,-7100.0,-0.4536152818516192
2026-08-07,ONEE.BK,-72100.0,-11.178173260135162
2026-08-07,OR.BK,-8262200.0,-31.19409871171717
2026-08-07,ORI.BK,-39500.0,-4.868933247541497
2026-08-07,ORI-W2.BK,-700.0,-0.0434278468039276
2026-08-07,ORN.BK,31000.0,1.3110555392730916
2026-08-07,OSP.BK,3342300.0,38.84090637845939
2026-08-07,PACO.BK,-5900.0,-1.058521908712353
2026-08-07,PAF.BK,400.0,0.2590539350292731
2026-08-07,PAP.BK,-9200.0,-0.997920637107245
2026-08-07,PCC.BK,26600.0,4.734764205182609
2026-08-07,PCE.BK,-1106600.0,-12.179887226527631
2026-08-07,PDG.BK,5000.0,16.759963798478196
2026-08-07,PEACE.BK,11.0,0.0432832297159046
2026-08-07,PEER.BK,200.0,0.1662510390689942
2026-08-07,PERM.BK,-100.0,-0.6132335806708775
2026-08-07,PHOL.BK,-100.0,-0.0170963258286161
2026-08-07,PIN.BK,58800.0,19.053482607216345
2026-08-07,PIS.BK,-66300.0,-17.571199134956352
2026-08-07,PJW.BK,1000.0,0.1549426712116516
2026-08-07,PK.BK,800.0,0.0155403174109831
2026-08-07,PLANB.BK,2945500.0,27.920513695744223
2026-08-07,PLAT.BK,17300.0,1.3225288586499504
2026-08-07,PLUS.BK,65500.0,4.552430094134524
2026-08-07,PM.BK,-3600.0,-2.1583639601182303
2026-08-07,PMC.BK,20000.0,0.6527059393303303
2026-08-07,POLY.BK,200.0,0.4750593824228029
2026-08-07,PPPM.BK,-200.0,-0.0152066045324805
2026-08-07,PQS.BK,16000.0,9.655946554335822
2026-08-07,PR9.BK,-551700.0,-17.89447804366681
2026-08-07,PRG.BK,-13.0,-0.1381068734728567
2026-08-07,PRINC.BK,300.0,0.0756607071249687
2026-08-07,PRM.BK,775700.0,17.21728156059553
2026-08-07,PROS.BK,50000.0,13.66867140513942
2026-08-07,PSH.BK,347400.0,14.42131066218059
2026-08-07,PSL.BK,19871483.0,42.8938569377967
2026-08-07,PSP.BK,-47400.0,-0.8449756659486751
2026-08-07,PTG.BK,-115200.0,-2.737377824910946
2026-08-07,PTL.BK,161400.0,19.305065486513964
2026-08-07,PTT.BK,9287283.0,7.169673257212617
2026-08-07,PTTEP.BK,181404.0,1.5989553956811702
2026-08-07,PTTGC.BK,221050.0,0.4400085513537055
2026-08-07,PYLON.BK,4300.0,1.5832106038291605
2026-08-07,QH.BK,2469700.0,9.491554449670089
2026-08-07,QTC.BK,-41300.0,-10.928614712085247
2026-08-07,QTCG.BK,-5000.0,-1.064962726304579
2026-08-07,RABBIT-P.BK,-100000.0,-18.109380659181458
2026-08-07,RAM.BK,-600.0,-1.099545521184577
2026-08-07,RATCH.BK,-1929300.0,-26.16759658634459
2026-08-07,RBF.BK,-83300.0,-9.023354564755838
2026-08-07,RCL.BK,1195500.0,8.01168533289943
2026-08-07,RJH.BK,-34400.0,-21.405814416567104
2026-08-07,RML.BK,18000.0,39.2695857058708
2026-08-07,ROCTEC.BK,278400.0,6.809713038105531
2026-08-07,ROJNA.BK,15200.0,0.8467966573816157
2026-08-07,RPH.BK,-44900.0,-22.90792951092336
2026-08-07,RS.BK,22500.0,1.7438399821430786
2026-08-07,S.BK,8500.0,1.931519674232164
2026-08-07,S&J.BK,-100.0,-100.0
2026-08-07,SABINA.BK,-34800.0,-10.765661252900232
2026-08-07,SAFE.BK,4600.0,1.3034854066307735
2026-08-07,SAK.BK,-223900.0,-18.594801096254464
2026-08-07,SALEE.BK,-62300.0,-27.947120280278664
2026-08-07,SAMART.BK,-169900.0,-23.686011869494116
2026-08-07,SAMTEL.BK,100.0,0.1119795749255335
2026-08-07,SANKO.BK,-60300.0,-11.54007352730098
2026-08-07,SAPPE.BK,-1600.0,-1.0248723713625036
2026-08-07,SAT.BK,-123900.0,-24.75029964043148
2026-08-07,SAV.BK,168700.0,42.472306143001006
2026-08-07,SAWAD.BK,414816.0,4.418278526993383
2026-08-07,SC.BK,-463600.0,-13.012127999371288
2026-08-07,SCAP.BK,-3634400.0,-25.62543794299313
2026-08-07,SCB.BK,-3003147.0,-26.854696377493987
2026-08-07,SCC.BK,-163900.0,-11.29303531846842
2026-08-07,SCCC.BK,-21800.0,-10.662492969113009
2026-08-07,SCGD.BK,-10100.0,-2.2851971265343063
2026-08-07,SCGP.BK,-545100.0,-10.468597951104677
2026-08-07,SCN.BK,2600.0,1.5578190533253444
2026-08-07,SEAFCO.BK,217400.0,16.84747609464035
2026-08-07,SEAOIL.BK,17700.0,8.608488845441148
2026-08-07,SECURE.BK,1500.0,1.1933079291334197
2026-08-07,SENA.BK,-1700.0,-0.1860566925686768
2026-08-07,SFLEX.BK,-8000.0,-2.594875121634771
2026-08-07,SGC.BK,2458400.0,5.31871658399586
2026-08-07,SGC-W2.BK,-5500.0,-0.1454054008324591
2026-08-07,SGF.BK,-400.0,-0.1705756929637526
2026-08-07,SGP.BK,-1500.0,-1.0505599484525252
2026-08-07,SHR.BK,125900.0,5.219074702411179
2026-08-07,SICT.BK,1100.0,0.1053236307927996
2026-08-07,SIMAT.BK,-110700.0,-9.994582881906826
2026-08-07,SINGER.BK,-815500.0,-25.346214369609655
2026-08-07,SIRI.BK,-128400.0,-0.6909873773719393
2026-08-07,SIS.BK,-25100.0,-7.50102354604164
2026-08-07,SISB.BK,139300.0,6.9767069142020315
2026-08-07,SITHAI.BK,223600.0,27.34803555244622
2026-08-07,SJWD.BK,555600.0,9.160479029081554
2026-08-07,SKE.BK,-100.0,-0.0087191483833391
2026-08-07,SKR.BK,-400.0,-2.5152486952147393
2026-08-07,SKY.BK,-125400.0,-4.9129518182035445
2026-08-07,SMIT.BK,-5000.0,-10.06036217303823
2026-08-07,SMO.BK,-124600.0,-11.553082985628189
2026-08-07,SMPC.BK,40000.0,19.22559310954743
2026-08-07,SMT.BK,-4301800.0,-12.255133778040832
2026-08-07,SNC.BK,8800.0,1.8046876762390311
2026-08-07,SNNP.BK,-58500.0,-30.023402857612087
2026-08-07,SOLAR.BK,2400.0,0.3253796095444685
2026-08-07,SPA.BK,-323100.0,-22.140160716598405
2026-08-07,SPACK.BK,-500.0,-1.706484641638225
2026-08-07,SPALI.BK,-445020.0,-32.37594568069731
2026-08-07,SPCG.BK,-62100.0,-10.815310718129666
2026-08-07,SPRC.BK,-1295800.0,-5.612751506104203
2026-08-07,SPVI.BK,1462600.0,14.047085877963037
2026-08-07,SQ.BK,47700.0,2.601156069364162
2026-08-07,SRICHA.BK,-605700.0,-47.76836483453392
2026-08-07,SRS.BK,-1500.0,-0.6231772066704888
2026-08-07,SSF.BK,-1.0,-0.0035459735470373
2026-08-07,SSP.BK,155200.0,22.095640524429776
2026-08-07,SSSC.BK,100.0,0.0182545709445645
2026-08-07,STA.BK,-933800.0,-51.06703190513716
2026-08-07,STANLY.BK,-3100.0,-11.67388439088684
2026-08-07,STARM.BK,-1000.0,-8.19672131147541
2026-08-07,STECON.BK,155800.0,0.7287832281064841
2026-08-07,STELLA.BK,400.0,0.1440403312927619
2026-08-07,STGT.BK,273800.0,12.07744917921426
2026-08-07,STOWER.BK,-6700.0,-15.982824427480915
2026-08-07,STPI.BK,-959700.0,-15.262678861754353
2026-08-07,STX.BK,-8100.0,-5.934065934065933
2026-08-07,SUC.BK,4100.0,5.097156781083332
2026-08-07,SUPER.BK,-863500.0,-0.2548251609010627
2026-08-07,SUSCO.BK,343200.0,30.294711401386387
2026-08-07,SVOA.BK,-1233400.0,-13.984020756304911
2026-08-07,SYNEX.BK,60410.0,3.679621378472296
2026-08-07,SYNTEC.BK,264900.0,24.28227943596179
2026-08-07,TACC.BK,139100.0,2.4254234595814776
2026-08-07,TAE.BK,-633700.0,-38.06691896437797
2026-08-07,TAKUNI.BK,20000.0,4.146891179355117
2026-08-07,TASCO.BK,-1113900.0,-23.7644877183745
2026-08-07,TC.BK,100.0,0.2244668911335578
2026-08-07,TCAP.BK,197900.0,4.125219054551488
2026-08-07,TCC.BK,2200.0,0.3769059448346753
2026-08-07,TCJ.BK,100.0,90.9090909090909
2026-08-07,TCMC.BK,1200.0,0.799472348250155
2026-08-07,TEAM.BK,-424200.0,-21.022552411423543
2026-08-07,TEAMG.BK,-769800.0,-41.876693862763254
2026-08-07,TEGH.BK,-110700.0,-15.666394945995515
2026-08-07,TFG.BK,-2040800.0,-28.5771257527961
2026-08-07,TFM.BK,-315380.0,-49.82629206631077
2026-08-07,TFMAMA.BK,-500.0,-26.12330198537095
2026-08-07,TGE.BK,100.0,0.0216403375892663
2026-08-07,TGPRO.BK,79800.0,39.53548284814015
2026-08-07,TH.BK,900.0,0.1318973135448282
2026-08-07,THAI.BK,-7342700.0,-3.0298970418479754
2026-08-07,THANI.BK,4623000.0,13.168349270083784
2026-08-07,THCOM.BK,1323100.0,6.681106798484418
2026-08-07,THG.BK,289700.0,4.948097920073786
2026-08-07,THRE.BK,1200.0,0.0702781844802342
2026-08-07,THREL.BK,-230000.0,-32.3318882385025
2026-08-07,TIDLOR.BK,1251600.0,10.120508114842702
2026-08-07,TIGER.BK,-100.0,-0.0164338537387017
2026-08-07,TIPCO.BK,100.0,0.034303905156563
2026-08-07,TIPH.BK,-25700.0,-39.026316189087815
2026-08-07,TISCO.BK,88005.0,3.1497367792836397
2026-08-07,TITLE.BK,-247200.0,-39.219419324131366
2026-08-07,TKN.BK,-318700.0,-25.230514434910106
2026-08-07,TKS.BK,82400.0,4.012710162042392
2026-08-07,TL.BK,-1000.0,-0.5509611517291916
2026-08-07,TLI.BK,-1261400.0,-19.4343486011244
2026-08-07,TMAN.BK,-6700.0,-1.3773453415919237
2026-08-07,TMT.BK,300.0,0.0634296406710856
2026-08-07,TMW.BK,-4600.0,-6.055818852027383
2026-08-07,TNDT.BK,-10500.0,-0.2418546798880558
2026-08-07,TOA.BK,152200.0,6.5380253616962785
2026-08-07,TOG.BK,-169271.0,-69.18310711118195
2026-08-07,TOP.BK,3238407.0,17.478623356288907
2026-08-07,TOPP.BK,600.0,100.0
2026-08-07,TPAC.BK,-400.0,-0.6116207951070336
2026-08-07,TPCH.BK,6500.0,4.482016769638129
2026-08-07,TPIPL.BK,-1391600.0,-6.8356440226871085
2026-08-07,TPIPP.BK,197300.0,6.549723288299698
2026-08-07,TPOLY.BK,9000.0,13.392857142857142
2026-08-07,TQM.BK,-3800.0,-1.265645712458617
2026-08-07,TQR.BK,29800.0,20.120045101309152
2026-08-07,TRP.BK,200.0,0.2958579881656805
2026-08-07,TRT.BK,-1584300.0,-38.17442263083288
2026-08-07,TRU.BK,500.0,9.803921568627452
2026-08-07,TRUBB.BK,245600.0,26.593325681616385
2026-08-07,TRUE.BK,-9220558.0,-5.3169217158451
2026-08-07,TSC.BK,-900.0,-1.2080536912751678
2026-08-07,TSE.BK,55200.0,0.731028034660264
2026-08-07,TSI.BK,-200.0,-19.8019801980198
2026-08-07,TSTH.BK,139000.0,4.765313454776832
2026-08-07,TTA.BK,341400.0,5.830884868375545
2026-08-07,TTB.BK,-8768658.0,-4.355360560509531
2026-08-07,TTW.BK,65200.0,2.907993234901628
2026-08-07,TU.BK,2122900.0,18.247767358286477
2026-08-07,TURBO.BK,1003300.0,15.595594559309037
2026-08-07,TVO.BK,-22300.0,-5.8283435220444675
2026-08-07,TYCN.BK,2100.0,9.90566037735849
2026-08-07,UBE.BK,-17000.0,-0.4956990814987607
2026-08-07,UBIS.BK,-100.0,-0.2153779883695886
2026-08-07,UKEM.BK,-814900.0,-4.538414709297802
2026-08-07,UMI.BK,-3900.0,-3.672316384180791
2026-08-07,UMS.BK,259400.0,1.7664271253475483
2026-08-07,UNIQ.BK,-7500.0,-3.3068783068783065
2026-08-07,UNIX.BK,-396600.0,-45.79650232966323
2026-08-07,UP.BK,-300.0,-6.0
2026-08-07,UPOIC.BK,-26000.0,-39.74927381134383
2026-08-07,UREKA.BK,-106400.0,-3.24488975609042
2026-08-07,UTP.BK,16600.0,5.24039523944818
2026-08-07,UV.BK,1600.0,1.0308614135687133
2026-08-07,UVAN.BK,93900.0,12.054658053384546
2026-08-07,VCOM.BK,-4800.0,-4.9884641765916315
2026-08-07,VGI.BK,3882600.0,25.9307583434449
2026-08-07,VIBHA.BK,-4900.0,-0.2792474679663262
2026-08-07,VIH.BK,5000.0,1.2405870457900678
2026-08-07,VNG.BK,300.0,1.3888888888888888
2026-08-07,WASH.BK,-9400.0,-2.5
2026-08-07,WAVE.BK,-500200.0,-2.707758920244049
2026-08-07,WFX.BK,100.0,0.6666666666666667
2026-08-07,WHA.BK,-6623600.0,-4.600654046360529
2026-08-07,WHAUP.BK,-2854100.0,-20.845087498461687
2026-08-07,WICE.BK,1338600.0,25.00595446584939
2026-08-07,WINNER.BK,-1100.0,-0.0975496416824298
2026-08-07,WORK.BK,-2300.0,-1.965559970943896
2026-08-07,WPH.BK,-29900.0,-10.1803869227993
2026-08-07,XBIO.BK,-100.0,-0.0152137532329225
2026-08-07,XO.BK,-47600.0,-10.971382209765451
2026-08-07,XPG.BK,719200.0,4.254024154836542
2026-08-07,YGG.BK,100.0,0.0246689427877878
2026-08-07,ZAA.BK,-10100.0,-52.331606217616574
2026-08-07,ZIGA.BK,-7500.0,-0.696884184352813
2026-08-11,2S.BK,26200.0,0.7588739006466069
2026-08-11,88TH.BK,-31400.0,-4.4778524561876365
2026-08-11,AAI.BK,-846050.0,-27.0296692192114
2026-08-11,AAV.BK,-1179200.0,-4.700502980127659
2026-08-11,ACC.BK,100000.0,1.3972125888295368
2026-08-11,ACE.BK,300.0,0.0346060276779009
2026-08-11,ADB.BK,-3365400.0,-13.74007953519386
2026-08-11,ADD.BK,-1000.0,-0.375230297595149
2026-08-11,ADVANC.BK,-221884.0,-4.227030983380417
2026-08-11,ADVICE.BK,346700.0,9.290861029942995
2026-08-11,AE.BK,-1200.0,-0.3765343775886738
2026-08-11,AEONTS.BK,-133400.0,-21.03434084777539
2026-08-11,AGE.BK,748700.0,39.078056421260094
2026-08-11,AH.BK,-102900.0,-38.845287036093275
2026-08-11,AI.BK,-10480.0,-0.2502316672472773
2026-08-11,AIE.BK,497201.0,0.7812621040779191
2026-08-11,AIT.BK,-40000.0,-6.963121567398665
2026-08-11,AJ.BK,1845400.0,11.154321801035524
2026-08-11,AJA.BK,400.0,0.2253521126760563
2026-08-11,AKP.BK,1300.0,0.1391416033393984
2026-08-11,AKR.BK,3400.0,0.0200818987080842
2026-08-11,ALPHAX.BK,1400.0,0.0202873147478344
2026-08-11,ALT.BK,389000.0,2.9036709043591267
2026-08-11,AMA.BK,4500.0,0.9805374216659548
2026-08-11,AMANAH.BK,300.0,0.0157784370826932
2026-08-11,AMARC.BK,-167900.0,-7.620346097148293
2026-08-11,AMATA.BK,-428700.0,-6.464902981214533
2026-08-11,AMATAV.BK,-1100.0,-0.0687589816419769
2026-08-11,ANI.BK,175300.0,8.956201467018648
2026-08-11,AOT.BK,-3785200.0,-23.062642382205475
2026-08-11,AP.BK,8900.0,0.1526423767481411
2026-08-11,APO.BK,-21100.0,-5.388646555863154
2026-08-11,APP.BK,-256000.0,-3.805191440519135
2026-08-11,APURE.BK,200.0,0.1301236174365647
2026-08-11,AS.BK,-39100.0,-13.994273443092345
2026-08-11,ASAP.BK,100.0,0.0515195697085537
2026-08-11,ASEFA.BK,-259500.0,-56.75741291181931
2026-08-11,ASIAN.BK,-197200.0,-29.598721191153405
2026-08-11,ASK.BK,-99300.0,-7.415544564585062
2026-08-11,ASP.BK,-108900.0,-10.07283147385226
2026-08-11,ASW.BK,-1000.0,-1.3752698967172308
2026-08-11,ATLAS.BK,-403200.0,-3.5467293912327524
2026-08-11,AU.BK,-5600.0,-4.047500307176363
2026-08-11,AUCT.BK,-250500.0,-30.987096750251425
2026-08-11,AURA.BK,-565600.0,-34.77262233895069
2026-08-11,AWC.BK,18274600.0,32.32748746400161
2026-08-11,AYUD.BK,506.0,15.240963855421688
2026-08-11,BA.BK,-1231890.0,-5.841981811319291
2026-08-11,BAFS.BK,-9600.0,-1.8656136314169336
2026-08-11,BAM.BK,-418800.0,-16.77557975490349
2026-08-11,BANPU.BK,-5734895.0,-23.01074579373119
2026-08-11,BAY.BK,-210900.0,-11.249157913321213
2026-08-11,BBGI.BK,1109200.0,19.85155717139293
2026-08-11,BBIK.BK,-482100.0,-34.259863301653084
2026-08-11,BBL.BK,-598494.0,-10.88759234990253
2026-08-11,BC.BK,32000.0,9.4478889873044
2026-08-11,BCH.BK,1098000.0,11.896156306392982
2026-08-11,BCP.BK,5285369.0,27.61670955013196
2026-08-11,BCPG.BK,109100.0,2.590086213547979
2026-08-11,BDMS.BK,11628400.0,12.447219817801365
2026-08-11,BE8.BK,-25300.0,-3.225086841518213
2026-08-11,BEAUTY.BK,-10100.0,-0.2431039707543516
2026-08-11,BEC.BK,-10700.0,-2.13925126205828
2026-08-11,BEM.BK,-3581710.0,-17.250294294968853
2026-08-11,BGC.BK,100.0,0.3423719528896193
2026-08-11,BGRIM.BK,-1668700.0,-11.219831783879965
2026-08-11,BH.BK,-500190.0,-10.653081905350948
2026-08-11,BIOTEC.BK,-20000.0,-0.0659487638118557
2026-08-11,BIZ.BK,3400.0,0.7817421814285649
2026-08-11,BJC.BK,476400.0,5.339840376434087
2026-08-11,BJCHI.BK,50.0,0.7163323782234957
2026-08-11,BKA.BK,-100.0,-0.017485574401119
2026-08-11,BKD.BK,200.0,0.4106776180698152
2026-08-11,BKGI.BK,100.0,0.0254906309186058
2026-08-11,BKIH.BK,200.0,2.615062761506276
2026-08-11,BLA.BK,-215800.0,-22.304886506577255
2026-08-11,BLAND.BK,670000.0,1.5646405801070755
2026-08-11,BLC.BK,-75100.0,-9.961321950986582
2026-08-11,BOL.BK,10000.0,2.438150224187913
2026-08-11,BR.BK,-100.0,-0.0141442515640006
2026-08-11,BRI.BK,100.0,0.1201908630905878
2026-08-11,BRR.BK,-60000.0,-32.750912931697975
2026-08-11,BSM.BK,-700.0,-20.588235294117645
2026-08-11,BTC.BK,1961444.0,59.586953259285224
2026-08-11,BTG.BK,-49200.0,-1.5909890519257437
2026-08-11,BTS.BK,-3485310.0,-11.453632065687328
2026-08-11,BUI.BK,-300.0,-11.11111111111111
2026-08-11,BVG.BK,164300.0,75.0228310502283
2026-08-11,BWG.BK,102900.0,0.1533189918738401
2026-08-11,BYD.BK,51800.0,0.5666156202143952
2026-08-11,CAZ.BK,-21700.0,-2.15128169794617
2026-08-11,CAZ-W1.BK,30000.0,1.658374792703151
2026-08-11,CBG.BK,-6100.0,-0.196892583153225
2026-08-11,CCET.BK,-7478800.0,-9.85211538504352
2026-08-11,CCP.BK,1400.0,0.0488875122786225
2026-08-11,CEN.BK,3000.0,8.571428571428571
2026-08-11,CENTEL.BK,-554200.0,-4.707659205227864
2026-08-11,CFRESH.BK,200.0,0.003836379194625
2026-08-11,CGH.BK,963.0,0.118106759680339
2026-08-11,CHASE.BK,30000.0,0.2620636411069882
2026-08-11,CHAYO.BK,-180600.0,-5.8405755715824625
2026-08-11,CHG.BK,-3795800.0,-19.132059344565423
2026-08-11,CHOW.BK,300.0,0.1722949689869055
2026-08-11,CITY.BK,-52000.0,-34.66666666666667
2026-08-11,CIVIL.BK,-1700.0,-0.5075551070493434
2026-08-11,CK.BK,-517200.0,-4.075144658968226
2026-08-11,CKP.BK,-140300.0,-1.15084558851274
2026-08-11,CMAN.BK,-9300.0,-7.56091413890944
2026-08-11,CMR.BK,10000.0,1.359970624634508
2026-08-11,CNT.BK,-232600.0,-23.374464753899847
2026-08-11,COCOCO.BK,100400.0,3.641088743559643
2026-08-11,COM7.BK,328500.0,3.2535482741882498
2026-08-11,COMAN.BK,-200.0,-0.5037783375314862
2026-08-11,CPALL.BK,-4142650.0,-11.283434151513616
2026-08-11,CPAXT.BK,-73698.0,-1.331098520218978
2026-08-11,CPF.BK,-2930700.0,-14.034583969427814
2026-08-11,CPH.BK,-4500.0,-1.859703935133527
2026-08-11,CPI.BK,-28000.0,-11.84648645904289
2026-08-11,CPL.BK,400.0,0.6037735849056604
2026-08-11,CPN.BK,-2806800.0,-31.289201379587578
2026-08-11,CPR.BK,6000.0,11.100832562442182
2026-08-11,CPW.BK,2900.0,0.5652977364698911
2026-08-11,CRC.BK,-209864.0,-4.213980002750902
2026-08-11,CREDIT.BK,-82960.0,-8.61036440440482
2026-08-11,CSS.BK,6200.0,1.061031562266295
2026-08-11,CTW.BK,10600.0,4.238287731756371
2026-08-11,CWT.BK,-35600.0,-3.7795904240466887
2026-08-11,D.BK,100.0,0.1367278295824332
2026-08-11,DCC.BK,-34093.0,-2.5327486262032095
2026-08-11,DELTA.BK,-4560219.0,-25.42887133464048
2026-08-11,DEMCO.BK,-52400.0,-30.7690500936577
2026-08-11,DEMCO-W8.BK,20000.0,1.0897104094586865
2026-08-11,DITTO.BK,409800.0,11.22081540663408
2026-08-11,DMT.BK,-40300.0,-10.0279688262051
2026-08-11,DOD.BK,500.0,0.056148105226041
2026-08-11,DOHOME.BK,5055000.0,13.08633410568161
2026-08-11,DRT.BK,100.0,0.0455079138262143
2026-08-11,DTCENT.BK,100.0,0.0094540387180701
2026-08-11,DUSIT.BK,-10000.0,-6.064244607370483
2026-08-11,EA.BK,5585900.0,10.92088181931932
2026-08-11,EASTW.BK,-238800.0,-6.421179351229638
2026-08-11,EFORL.BK,2700.0,0.090440808500632
2026-08-11,EGCO.BK,127700.0,7.806258088218663
2026-08-11,EKH.BK,9400.0,8.790468887351075
2026-08-11,EMPIRE.BK,-1695100.0,-2.5079976362000216
2026-08-11,EPG.BK,2327300.0,13.331995150001989
2026-08-11,ERW.BK,-1048700.0,-4.079559462039654
2026-08-11,ESTAR.BK,3011600.0,72.45865975539307
2026-08-11,ETC.BK,327700.0,4.737466026716012
2026-08-11,EVER.BK,2400.0,1.4751075599262446
2026-08-11,FM.BK,-149600.0,-26.23608619325964
2026-08-11,FORTH.BK,-1185200.0,-23.19879973810332
2026-08-11,FPT.BK,1500.0,2.05761316872428
2026-08-11,FSMART.BK,-43200.0,-5.482212631170186
2026-08-11,FTI.BK,-4200.0,-17.796610169491526
2026-08-11,GABLE.BK,-15600.0,-3.586206896551724
2026-08-11,GC.BK,422700.0,38.31841359773371
2026-08-11,GFPT.BK,-400500.0,-14.475697815380457
2026-08-11,GGC.BK,-49800.0,-19.82484076433121
2026-08-11,GLOBAL.BK,653800.0,3.552729697858761
2026-08-11,GPSC.BK,-879800.0,-12.831406288876696
2026-08-11,GRAMMY.BK,0.0,0.0
2026-08-11,GREEN.BK,2100.0,0.0757657755168308
2026-08-11,GTV.BK,-100.0,-0.0358937544867193
2026-08-11,GULF.BK,-2579598.0,-6.41539852025918
2026-08-11,GUNKUL.BK,13505620.0,8.323585488842197
2026-08-11,HANA.BK,-262141.0,-1.3906353105965803
2026-08-11,HANN.BK,-29000.0,-14.769769846241603
2026-08-11,HENG.BK,-233200.0,-9.163061232588907
2026-08-11,HL.BK,400.0,0.25
2026-08-11,HMPRO.BK,-125700.0,-0.2954754041760336
2026-08-11,HTC.BK,-4300.0,-6.048840873283817
2026-08-11,HTECH.BK,-456600.0,-32.97817633429441
2026-08-11,HUMAN.BK,-1061300.0,-21.07280910691636
2026-08-11,ICHI.BK,1715600.0,26.09059318231935
2026-08-11,ICN.BK,-86100.0,-4.1033217366439505
2026-08-11,III.BK,103300.0,4.526108151639082
2026-08-11,ILINK.BK,18700.0,2.644978783592645
2026-08-11,ILM.BK,-14800.0,-10.48158640226629
2026-08-11,INET.BK,-155100.0,-9.764856464164993
2026-08-11,INSET.BK,-39800.0,-0.4258814810360219
2026-08-11,IP.BK,-5600.0,-1.3941931853828802
2026-08-11,IROYAL.BK,-14700.0,-5.750768725207145
2026-08-11,IRPC.BK,66519400.0,22.018591591321933
2026-08-11,IT.BK,-1600.0,-0.2661189052533535
2026-08-11,ITC.BK,305400.0,3.389345579961532
2026-08-11,ITD.BK,20300.0,0.3648237317298342
2026-08-11,ITEL.BK,766200.0,2.966715519511498
2026-08-11,ITEL-W6.BK,-1230000.0,-16.10822421757575
2026-08-11,ITTHI.BK,10000.0,2.5412960609911055
2026-08-11,IVL.BK,5071700.0,5.117370742799728
2026-08-11,JAS.BK,-227000.0,-2.418491766740198
2026-08-11,JCK.BK,100000.0,0.7899328430694136
2026-08-11,JMART.BK,-154000.0,-1.1205712876164504
2026-08-11,JMT.BK,2203200.0,22.98932611598716
2026-08-11,JPARK.BK,-60600.0,-2.48584381681218
2026-08-11,JR.BK,300.0,2.5423728813559325
2026-08-11,JTS.BK,10300.0,4.758362938358411
2026-08-11,KAMART.BK,-47900.0,-7.232590445128949
2026-08-11,KBANK.BK,-543000.0,-7.701862191132987
2026-08-11,KBS.BK,-175500.0,-24.993911739448084
2026-08-11,KCC.BK,-5100.0,-3.476482617586912
2026-08-11,KCE.BK,1132500.0,4.7435977556436875
2026-08-11,KCG.BK,-31300.0,-12.308297286669289
2026-08-11,KGEN.BK,-1396500.0,-35.39826149290172
2026-08-11,KGI.BK,478600.0,10.842254708712384
2026-08-11,KIAT.BK,16731.0,0.4942669348684924
2026-08-11,KISS.BK,-18900.0,-8.107725504158964
2026-08-11,KJL.BK,5000.0,4.91516426478973
2026-08-11,KKP.BK,517700.0,5.549325323381922
2026-08-11,KLINIQ.BK,-111000.0,-25.306874350228902
2026-08-11,KSL.BK,-306100.0,-3.792929587688356
2026-08-11,KTB.BK,-3558600.0,-6.521340190569151
2026-08-11,KTC.BK,-10980200.0,-44.297441655522576
2026-08-11,KUMWEL.BK,-41600.0,-5.02233490281299
2026-08-11,KYE.BK,500.0,6.823144104803494
2026-08-11,LANNA.BK,4400.0,1.3568604715706891
2026-08-11,LEE.BK,298.0,0.0872615680142429
2026-08-11,LH.BK,-2304300.0,-12.75002411067572
2026-08-11,LHFG.BK,-2240700.0,-23.411823770309812
2026-08-11,LHK.BK,-100.0,-0.0752439786006124
2026-08-11,LIT.BK,-200.0,-0.0069682040847612
2026-08-11,LOXLEY.BK,136900.0,0.6598618473904874
2026-08-11,LPH.BK,-2000.0,-7.0646414694454265
2026-08-11,LPN.BK,400.0,0.3144629366121335
2026-08-11,LTS.BK,-214600.0,-17.358035775672057
2026-08-11,M.BK,-143400.0,-12.19778789628988
2026-08-11,MADAME.BK,29800.0,1.6179753807128647
2026-08-11,MAGURO.BK,-17186.0,-1.410283763601451
2026-08-11,MAJOR.BK,-51000.0,-3.93796546172645
2026-08-11,MALEE.BK,-5500.0,-2.882524042870994
2026-08-11,MASTEC.BK,300.0,0.0070482942070774
2026-08-11,MASTER.BK,-7500.0,-3.498379084357581
2026-08-11,MBK.BK,375000.0,15.466762134396678
2026-08-11,MC.BK,-316100.0,-31.613825272858016
2026-08-11,MCS.BK,-9400.0,-1.3061923243136586
2026-08-11,MDX.BK,100.0,0.0045226562464666
2026-08-11,MEB.BK,-87100.0,-44.42426962624449
2026-08-11,MEDEZE.BK,-58500.0,-13.296754000959185
2026-08-11,MEGA.BK,-157200.0,-33.6858345922664
2026-08-11,METCO.BK,-6000.0,-27.288852503752217
2026-08-11,MFC.BK,-4000.0,-12.359029816159431
2026-08-11,MFEC.BK,-4900.0,-1.218272092369887
2026-08-11,MGC.BK,741800.0,2.895083244766214
2026-08-11,MGI.BK,-3600.0,-1.9219988788339872
2026-08-11,MICRO.BK,-27500.0,-0.769153961408609
2026-08-11,MIDA.BK,-67800.0,-4.704736170469662
2026-08-11,MINT.BK,-2689196.0,-9.600112865394845
2026-08-11,MJD.BK,-27000.0,-69.22899412835568
2026-08-11,MK.BK,-20000.0,-16.090104585679807
2026-08-11,ML.BK,-715300.0,-19.16913728698688
2026-08-11,MMM.BK,-902.0,-0.2722410691649262
2026-08-11,MONO.BK,6000.0,0.0888675343495237
2026-08-11,MORE.BK,-100.0,-0.0013944278662464
2026-08-11,MOSHI.BK,19900.0,7.312278381010123
2026-08-11,MRDIYT.BK,-293600.0,-10.196738710654342
2026-08-11,MSC.BK,11000.0,5.131386827263524
2026-08-11,MST.BK,-200.0,-0.7546885023206672
2026-08-11,MTC.BK,-213400.0,-4.533461363607395
2026-08-11,MTW.BK,10000.0,8.183306055646481
2026-08-11,NC.BK,-100.0,-0.5076142131979695
2026-08-11,NCAP.BK,432600.0,1.9875921139365351
2026-08-11,NEO.BK,29810.0,3.784392459651978
2026-08-11,NEP.BK,-100.0,-0.1821493624772313
2026-08-11,NER.BK,1394500.0,4.736930674093939
2026-08-11,NETBAY.BK,58000.0,3.4919186166222547
2026-08-11,NEX.BK,-13100.0,-0.2318893119737904
2026-08-11,NOBLE-W3.BK,100000.0,0.943567670880577
2026-08-11,NSL.BK,-13700.0,-11.443367858336115
2026-08-11,NTF.BK,400.0,0.0695283371429068
2026-08-11,NUT.BK,-61700.0,-7.031282941332662
2026-08-11,NV.BK,900.0,0.2210759027266028
2026-08-11,NYT.BK,-604200.0,-19.026361682255352
2026-08-11,OKJ.BK,-6600.0,-1.2970245078676328
2026-08-11,ONEE.BK,-71000.0,-3.715662827148411
2026-08-11,ONSENS.BK,143000.0,5.602563545020124
2026-08-11,OR.BK,-2765100.0,-25.64150119300536
2026-08-11,ORI.BK,226100.0,21.015100944052985
2026-08-11,ORN.BK,50001.0,8.322458871230834
2026-08-11,OSP.BK,383200.0,5.427363059287852
2026-08-11,PACO.BK,200.0,0.0432183868304931
2026-08-11,PAF.BK,-500.0,-0.0792140696862013
2026-08-11,PAP.BK,-9700.0,-1.389085795380502
2026-08-11,PCC.BK,-5800.0,-0.6167398070455079
2026-08-11,PCE.BK,-751000.0,-10.124423912190643
2026-08-11,PCSGH.BK,300.0,0.0631577617731331
2026-08-11,PDJ.BK,57.0,0.8559843820393452
2026-08-11,PEER.BK,300.0,0.075110788412909
2026-08-11,PHOL.BK,30000.0,8.136873053931195
2026-08-11,PIN.BK,-125400.0,-21.07024760061295
2026-08-11,PIS.BK,88900.0,20.17703132092601
2026-08-11,PK.BK,700.0,0.2680954879529377
2026-08-11,PLANB.BK,3861900.0,13.092289743467871
2026-08-11,PLANET.BK,-500.0,-1.0224948875255624
2026-08-11,PLAT.BK,-157000.0,-6.789189189189189
2026-08-11,PLUS.BK,-1700.0,-0.1919565681327255
2026-08-11,PM.BK,-2500.0,-2.544037285410455
2026-08-11,PMC.BK,-198200.0,-12.881832261905457
2026-08-11,PMTA.BK,1500.0,2.03527815468114
2026-08-11,PORT.BK,14100.0,0.9788261167468818
2026-08-11,PPPM.BK,2300.0,0.1251286649097876
2026-08-11,PQS.BK,40000.0,5.754468344669636
2026-08-11,PR9.BK,-714700.0,-20.305644412282714
2026-08-11,PRECHA.BK,1000.0,0.9149214539931746
2026-08-11,PRIME.BK,-100.0,-0.0113357349977215
2026-08-11,PRINC.BK,700.0,0.3248184496879422
2026-08-11,PRM.BK,173400.0,2.198566848857785
2026-08-11,PROS.BK,-90800.0,-29.309137155787106
2026-08-11,PRTR.BK,5000.0,0.7429939386554485
2026-08-11,PSGC.BK,-343.0,-0.4412653896128957
2026-08-11,PSH.BK,-69400.0,-8.812429843407948
2026-08-11,PSL.BK,3587900.0,21.282935266693944
2026-08-11,PSP.BK,-911500.0,-22.55629236419392
2026-08-11,PT.BK,10500.0,3.022922388626902
2026-08-11,PTG.BK,-218300.0,-17.105697223674035
2026-08-11,PTL.BK,33300.0,9.579756507330096
2026-08-11,PTT.BK,33196600.0,29.074868438729595
2026-08-11,PTTEP.BK,4188800.0,17.12811398275715
2026-08-11,PTTGC.BK,6478550.0,13.12651447118922
2026-08-11,PYLON.BK,-144400.0,-15.206402695871946
2026-08-11,QH.BK,4136600.0,18.129259878640983
2026-08-11,RABBIT-P.BK,-100.0,-0.0750187546886721
2026-08-11,RATCH.BK,147700.0,2.9506958108310317
2026-08-11,RBF.BK,94400.0,7.883056855712502
2026-08-11,RCL.BK,5490755.0,17.76104573008611
2026-08-11,READY.BK,5100.0,1.4236067495708244
2026-08-11,RICHY.BK,21900.0,3.3848531684698613
2026-08-11,RJH.BK,-19700.0,-12.446690886115938
2026-08-11,ROCTEC.BK,136500.0,7.848363860498063
2026-08-11,ROJNA.BK,-574300.0,-30.24290163342212
2026-08-11,RPC.BK,1300.0,0.1382073024486081
2026-08-11,RPH.BK,100.0,0.0144235623314246
2026-08-11,RS.BK,2200.0,0.939677007385007
2026-08-11,S.BK,16000.0,0.6522835427639129
2026-08-11,SABINA.BK,-7900.0,-4.0961294169496805
2026-08-11,SAFE.BK,22000.0,9.064688916357644
2026-08-11,SAK.BK,-149700.0,-13.521813747628942
2026-08-11,SALEE.BK,-5900.0,-0.0352691514481274
2026-08-11,SAMART.BK,-311300.0,-28.705874975909374
2026-08-11,SANKO.BK,27000.0,1.9067796610169492
2026-08-11,SAPPE.BK,383200.0,39.2469340893216
2026-08-11,SAT.BK,64000.0,7.159605505736634
2026-08-11,SAV.BK,-345600.0,-34.18688434426667
2026-08-11,SAWAD.BK,253100.0,2.152994090877617
2026-08-11,SC.BK,330500.0,9.19142952732135
2026-08-11,SCAP.BK,-461800.0,-8.093369938686326
2026-08-11,SCB.BK,1191800.0,10.679323430182915
2026-08-11,SCC.BK,94850.0,3.5402517479176527
2026-08-11,SCCC.BK,-12400.0,-6.496738532470594
2026-08-11,SCGD.BK,-87707.0,-11.425984549445682
2026-08-11,SCGP.BK,17700.0,0.2440426029446152
2026-08-11,SCL.BK,-5000.0,-0.3852376916557516
2026-08-11,SCM.BK,-16900.0,-4.0104413858566685
2026-08-11,SCN.BK,600.0,0.2901353965183753
2026-08-11,SCP.BK,-9000.0,-5.48887587822014
2026-08-11,SDC.BK,-10000.0,-0.3428387666992478
2026-08-11,SEAFCO.BK,-140600.0,-30.37825901895076
2026-08-11,SEAOIL.BK,26300.0,3.7150933081705215
2026-08-11,SECURE.BK,13800.0,7.875813263326105
2026-08-11,SENA.BK,300.0,0.3685458409601848
2026-08-11,SFLEX.BK,-162000.0,-11.792693189064533
2026-08-11,SGC.BK,8114400.0,8.280160618217707
2026-08-11,SGF.BK,-700.0,-0.06323396567299
2026-08-11,SGP.BK,51800.0,1.7941556246432468
2026-08-11,SHR.BK,-635500.0,-30.44433883806582
2026-08-11,SICT.BK,-11300.0,-1.116527973472086
2026-08-11,SIMAT.BK,76000.0,8.192303546405087
2026-08-11,SINGER.BK,132380.0,1.8991226994225885
2026-08-11,SINO.BK,-30200.0,-2.704610016729177
2026-08-11,SIRI.BK,-5439687.0,-9.077251622510248
2026-08-11,SIS.BK,-101700.0,-10.61582206337343
2026-08-11,SISB.BK,31200.0,2.015170617778972
2026-08-11,SITHAI.BK,400.0,0.0547868653968897
2026-08-11,SJWD.BK,11820.0,1.0287439054321508
2026-08-11,SKN.BK,100.0,0.2624671916010498
2026-08-11,SKR.BK,-1000.0,-2.5974025974025974
2026-08-11,SKY.BK,36700.0,3.6866674234212873
2026-08-11,SLP.BK,-90000.0,-2.9415504127812326
2026-08-11,SMART.BK,5000.0,2.182453077258839
2026-08-11,SMD100.BK,700.0,1.4989293361884368
2026-08-11,SMIT.BK,-15000.0,-27.573529411764707
2026-08-11,SMO.BK,-124200.0,-9.590740996711194
2026-08-11,SMPC.BK,29600.0,12.49788887012329
2026-08-11,SMT.BK,-124400.0,-1.4019174489249582
2026-08-11,SNC.BK,6500.0,2.635377304941535
2026-08-11,SNNP.BK,-87200.0,-15.332542089762187
2026-08-11,SOLAR.BK,500.0,0.0091180493793434
2026-08-11,SPA.BK,-380299.0,-20.296393231244465
2026-08-11,SPACK.BK,-5000.0,-0.0499015342925339
2026-08-11,SPALI.BK,-268500.0,-24.496677666602498
2026-08-11,SPCG.BK,-278500.0,-32.66559462524881
2026-08-11,SPG.BK,1500.0,33.6322869955157
2026-08-11,SPRC.BK,11769800.0,23.69626644381731
2026-08-11,SPTX.BK,-465700.0,-5.977757402657349
2026-08-11,SPVI.BK,31600.0,1.0803038388733663
2026-08-11,SQ.BK,5500.0,0.390126259043836
2026-08-11,SRICHA.BK,-136400.0,-30.300808836106835
2026-08-11,SRS.BK,-200.0,-0.1291972971925427
2026-08-11,SSP.BK,92600.0,10.397484841679766
2026-08-11,STA.BK,-1560500.0,-16.03088119920237
2026-08-11,STANLY.BK,1900.0,15.13461844830333
2026-08-11,STC.BK,-100.0,-0.6060606060606061
2026-08-11,STECH.BK,-200.0,-1.1976047904191618
2026-08-11,STECON.BK,-531400.0,-1.4750502631565725
2026-08-11,STELLA.BK,400.0,0.0456100342075256
2026-08-11,STGT.BK,-576000.0,-12.903468613656708
2026-08-11,STI.BK,-4000.0,-26.663111585121985
2026-08-11,STOWER.BK,-100.0,-0.0672043010752688
2026-08-11,STPI.BK,-467700.0,-3.923848314444133
2026-08-11,STX.BK,0.0,0.0
2026-08-11,SUC.BK,-4500.0,-2.3667892137526234
2026-08-11,SUN.BK,5000.0,0.2570966385128708
2026-08-11,SUPER.BK,-2349078.0,-2.7122126220960285
2026-08-11,SUSCO.BK,295000.0,12.883907693570888
2026-08-11,SUTHA.BK,-90000.0,-100.0
2026-08-11,SVOA.BK,221500.0,4.388917102569686
2026-08-11,SVT.BK,100.0,0.0346099801338714
2026-08-11,SYMC.BK,1700.0,3.512396694214876
2026-08-11,SYNEX.BK,18040.0,0.624486157627368
2026-08-11,SYNTEC.BK,3800.0,0.8796214849862501
2026-08-11,TACC.BK,-271100.0,-9.869961168201469
2026-08-11,TAE.BK,362200.0,7.3534143941361085
2026-08-11,TAKUNI.BK,-29100.0,-0.2503295575721853
2026-08-11,TAN.BK,100.0,0.6211180124223602
2026-08-11,TASCO.BK,1448100.0,12.700648495234953
2026-08-11,TCAP.BK,1157196.0,13.807751100704218
2026-08-11,TCC.BK,300.0,0.0309725057066841
2026-08-11,TCJ.BK,500.0,4.853897679836909
2026-08-11,TCMC.BK,800.0,0.4357298474945534
2026-08-11,TEAM.BK,-44100.0,-2.759454416441092
2026-08-11,TEAMG.BK,-718200.0,-44.346555176636
2026-08-11,TEGH.BK,-99700.0,-19.390964238549703
2026-08-11,TERA.BK,-9900.0,-19.758507135016465
2026-08-11,TFG.BK,-2714610.0,-7.235769315162786
2026-08-11,TFM.BK,-235430.0,-13.813493488419033
2026-08-11,TFMAMA.BK,-700.0,-77.77777777777779
2026-08-11,TGE.BK,-5600.0,-0.6769727711880389
2026-08-11,TH.BK,900.0,0.0713549512407833
2026-08-11,THAI.BK,-3910000.0,-3.641247767884853
2026-08-11,THANI.BK,589700.0,3.809672951496474
2026-08-11,THCOM.BK,-859800.0,-13.28383592933086
2026-08-11,THG.BK,-324200.0,-40.53999979992597
2026-08-11,THRE.BK,1100.0,0.0643516831182719
2026-08-11,TIDLOR.BK,-1030900.0,-13.852606067707518
2026-08-11,TIGER.BK,-100.0,-0.0313774709758393
2026-08-11,TIPCO.BK,100.0,0.0408788962698007
2026-08-11,TIPH.BK,-29500.0,-28.77627664244257
2026-08-11,TISCO.BK,-1085291.0,-19.56968338250889
2026-08-11,TITLE.BK,-95200.0,-31.450280806078624
2026-08-11,TKC.BK,100.0,0.3533568904593639
2026-08-11,TKN.BK,-158900.0,-38.28749596403048
2026-08-11,TKS.BK,6300.0,4.24625588072739
2026-08-11,TLI.BK,-3787700.0,-32.064281277827256
2026-08-11,TM.BK,10000.0,1.4873205919535957
2026-08-11,TMAN.BK,-62500.0,-11.225259528000288
2026-08-11,TMT.BK,101.0,0.0391319677180638
2026-08-11,TMW.BK,-1900.0,-11.177785621837865
2026-08-11,TNDT.BK,-100.0,-0.0116279069767441
2026-08-11,TNDT-W2.BK,-5000.0,-0.462803124476454
2026-08-11,TNP.BK,10000.0,6.513809275664409
2026-08-11,TOA.BK,617900.0,27.804013875458356
2026-08-11,TOG.BK,-107601.0,-75.13878899185073
2026-08-11,TOP.BK,7699207.0,20.7281281455482
2026-08-11,TPA.BK,-200.0,-0.5494505494505495
2026-08-11,TPAC.BK,-2600.0,-0.2472183184970647
2026-08-11,TPBI.BK,25200.0,3.5377755814867644
2026-08-11,TPCH.BK,29600.0,1.6471118505802451
2026-08-11,TPIPL.BK,-6637000.0,-20.776900169139054
2026-08-11,TPIPP.BK,-299200.0,-13.707830781593756
2026-08-11,TPL.BK,50000.0,11.853509587118555
2026-08-11,TPS.BK,500.0,0.4608209986912683
2026-08-11,TQM.BK,87200.0,14.42612319445984
2026-08-11,TRC.BK,200.0,0.0136112107376119
2026-08-11,TRT.BK,-368100.0,-20.958702644349433
2026-08-11,TRUBB.BK,7100.0,0.8242750152955258
2026-08-11,TRUE.BK,-10134770.0,-13.519387989361928
2026-08-11,TSE.BK,-1600.0,-0.0224507427196801
2026-08-11,TSI.BK,-500500.0,-100.0
2026-08-11,TSTH.BK,1622600.0,41.937390623816746
2026-08-11,TTA.BK,2751200.0,25.8861455583836
2026-08-11,TTB.BK,28912042.0,9.479083481234516
2026-08-11,TTW.BK,-28200.0,-1.2813941568426448
2026-08-11,TU.BK,1586900.0,12.14252008443524
2026-08-11,TURBO.BK,47600.0,0.7946582935948538
2026-08-11,TVO.BK,-110800.0,-19.842158139135073
2026-08-11,TWPC.BK,8000.0,0.1947064192272589
2026-08-11,TYCN.BK,1401.0,100.0
2026-08-11,UAC.BK,100.0,0.0966174239862416
2026-08-11,UBE.BK,-9100.0,-0.3941658259961458
2026-08-11,UBIS.BK,-22600.0,-0.3810357495833054
2026-08-11,UKEM.BK,1492100.0,7.425525034534837
2026-08-11,UMI.BK,-700.0,-0.4834220758143935
2026-08-11,UNIQ.BK,700.0,0.6467229623607236
2026-08-11,UNIX.BK,-517900.0,-21.363740052908152
2026-08-11,UTP.BK,-49400.0,-8.995081838856933
2026-08-11,UV.BK,-1100.0,-0.1896456901292866
2026-08-11,UVAN.BK,46300.0,9.983935136766974
2026-08-11,VCOM.BK,12900.0,1.7401040015647449
2026-08-11,VGI.BK,-5630900.0,-8.465106941635742
2026-08-11,VIBHA.BK,-25700.0,-1.0632782979934656
2026-08-11,VIBHA-W5.BK,-33.0,-0.6084070796460177
2026-08-11,VIH.BK,-1300.0,-0.6824648530600673
2026-08-11,VNG.BK,1.0,0.0006630112645613
2026-08-11,WASH.BK,-11600.0,-5.0522428038205405
2026-08-11,WAVE.BK,-100000.0,-0.36723791258445
2026-08-11,WHA.BK,-3905240.0,-2.068394504128921
2026-08-11,WHAUP.BK,312500.0,2.8821787463619986
2026-08-11,WICE.BK,-495800.0,-36.347108286231645
2026-08-11,WIIK.BK,-19900.0,-2.1423119529165047
2026-08-11,WIN.BK,1.0,0.0019454874418785
2026-08-11,WORK.BK,-300.0,-1.754078231889142
2026-08-11,WPH.BK,-87000.0,-25.667881219666903
2026-08-11,XBIO.BK,-700000.0,-5.020368351597911
2026-08-11,XO.BK,657600.0,47.95022976151761
2026-08-11,XPG.BK,-2623000.0,-8.335384077211016
2026-08-11,YGG.BK,2500.0,0.8796622097114707
2026-08-11,ZAA.BK,100.0,90.9090909090909
2026-08-11,ZIGA.BK,500.0,0.0770303268396767
2026-08-13,2S.BK,-202900.0,-7.848042708205208
2026-08-13,88TH.BK,-100.0,-0.0348572942373921
2026-08-13,AAI.BK,-352900.0,-14.87442930072901
2026-08-13,AAV.BK,-1204700.0,-5.131700730902082
2026-08-13,ACC.BK,100000.0,3.2931568201277748
2026-08-13,ACE.BK,200.0,0.0048539118160716
2026-08-13,ADB.BK,-462900.0,-7.291226617749766
2026-08-13,ADD.BK,-500.0,-0.328043091740531
2026-08-13,ADVANC.BK,-1514440.0,-22.035538788449863
2026-08-13,ADVICE.BK,33200.0,4.1980572604894535
2026-08-13,AEONTS.BK,86700.0,16.620275586022863
2026-08-13,AGE.BK,-377900.0,-8.499998762900418
2026-08-13,AH.BK,304200.0,37.088741092057376
2026-08-13,AI.BK,11040.0,0.3880208406555865
2026-08-13,AIE.BK,3325880.0,4.530634652295981
2026-08-13,AIT.BK,-11400.0,-2.3857108476598063
2026-08-13,AJ.BK,413800.0,12.86293975058704
2026-08-13,AJA.BK,6600.0,0.6238185255198487
2026-08-13,AKP.BK,300.0,0.055813953488372
2026-08-13,AKR.BK,14400.0,0.1820194374006714
2026-08-13,ALPHAX.BK,1200.0,0.0139528394028184
2026-08-13,ALT.BK,2349100.0,20.313177995875968
2026-08-13,AMA.BK,10100.0,0.7359257837063117
2026-08-13,AMANAH.BK,300.0,0.0757384498863923
2026-08-13,AMARC.BK,1345600.0,32.608527071668966
2026-08-13,AMATA.BK,-242300.0,-6.895258378678028
2026-08-13,AMATAV.BK,-2100.0,-0.3613214039917412
2026-08-13,ANAN.BK,-4500.0,-0.1847821623619266
2026-08-13,ANI.BK,25700.0,7.158754432438908
2026-08-13,AOT.BK,4176500.0,17.391363007319573
2026-08-13,AP.BK,2557800.0,18.741020751844793
2026-08-13,APO.BK,-10700.0,-0.8706626556512923
2026-08-13,APP.BK,44980.0,3.5123228026118314
2026-08-13,APURE.BK,200.0,0.158726379530646
2026-08-13,AQUA.BK,7300.0,0.4273937121602879
2026-08-13,AS.BK,-6200.0,-3.009504208451853
2026-08-13,ASEFA.BK,-69300.0,-12.254771933919724
2026-08-13,ASIAN.BK,-12700.0,-4.186928212313525
2026-08-13,ASK.BK,704300.0,42.01602968504383
2026-08-13,ASP.BK,-124700.0,-7.480364792256412
2026-08-13,ASW.BK,7500.0,3.88883127657368
2026-08-13,ATLAS.BK,-111100.0,-8.324042772543097
2026-08-13,AU.BK,4800.0,2.0198959753572687
2026-08-13,AUCT.BK,48200.0,7.443061352753237
2026-08-13,AURA.BK,-522000.0,-34.19143799232069
2026-08-13,AWC.BK,-910600.0,-0.8779133036220836
2026-08-13,AYUD.BK,496.0,3.3905256681933142
2026-08-13,BA.BK,4250600.0,28.119830196077366
2026-08-13,BAFS.BK,-10100.0,-3.166005253687926
2026-08-13,BAM.BK,-507900.0,-3.0690197711583203
2026-08-13,BANPU.BK,-5208993.0,-31.3635938331469
2026-08-13,BAY.BK,269000.0,20.051164011067645
2026-08-13,BBGI.BK,722900.0,18.30850115703953
2026-08-13,BBIK.BK,-245700.0,-13.129453634111998
2026-08-13,BBL.BK,-207565.0,-3.530487738501188
2026-08-13,BCH.BK,-115600.0,-2.4643332528943125
2026-08-13,BCP.BK,-782399.0,-2.72424501425791
2026-08-13,BCPG.BK,-511900.0,-16.04661449035307
2026-08-13,BDMS.BK,-12294.0,-0.0234786838415893
2026-08-13,BE8.BK,-56700.0,-8.991308401878184
2026-08-13,BEAUTY.BK,76200.0,10.351854367613097
2026-08-13,BEM.BK,-549473.0,-1.9293297603925057
2026-08-13,BGRIM.BK,-208300.0,-3.3508511692829743
2026-08-13,BH.BK,-513800.0,-14.785611510791366
2026-08-13,BIOTEC.BK,-108200.0,-0.3353957381430942
2026-08-13,BIS.BK,100.0,0.0056976615657401
2026-08-13,BIZ.BK,5000.0,2.3903658693999703
2026-08-13,BJC.BK,705995.0,10.587762978799727
2026-08-13,BJCHI.BK,-900.0,-3.1959092361776924
2026-08-13,BKA.BK,-300.0,-0.1984035130648713
2026-08-13,BKGI.BK,100.0,0.0146434324205593
2026-08-13,BKIH.BK,1400.0,11.516946363935505
2026-08-13,BLA.BK,-67136.0,-3.251263971485578
2026-08-13,BLAND.BK,-1566300.0,-4.522846873811302
2026-08-13,BLC.BK,-11400.0,-1.9975293715667464
2026-08-13,BM.BK,-800.0,-0.021225203655829
2026-08-13,BR.BK,-5900.0,-3.930686670974877
2026-08-13,BRI.BK,100.0,0.0329361236817316
2026-08-13,BRR.BK,-50000.0,-51.42128429799663
2026-08-13,BSBM.BK,-200.0,-0.3034901365705614
2026-08-13,BSM.BK,-2100.0,-5.146932673218794
2026-08-13,BTC.BK,102000.0,5.0276545646420825
2026-08-13,BTG.BK,-694000.0,-15.02489391104267
2026-08-13,BTS.BK,-4443000.0,-11.475424782490594
2026-08-13,BUI.BK,1700.0,0.9381277178111824
2026-08-13,BYD.BK,44200.0,0.9154055505470584
2026-08-13,CAZ.BK,-100.0,-0.0297876143099699
2026-08-13,CBG.BK,154800.0,1.7452044363818304
2026-08-13,CCET.BK,3739119.0,8.121335890520665
2026-08-13,CCP.BK,944400.0,71.39255548911537
2026-08-13,CENTEL.BK,395850.0,4.7317135736050115
2026-08-13,CFRESH.BK,-2700.0,-0.293216596928176
2026-08-13,CGH.BK,800.0,0.1300601528206795
2026-08-13,CHAYO.BK,-59229.0,-3.2133109162729303
2026-08-13,CHEWA.BK,-100.0,-0.0719538344198362
2026-08-13,CHG.BK,-436300.0,-1.472605819030752
2026-08-13,CHOW.BK,300.0,0.3340720036525206
2026-08-13,CIG-W9.BK,-61.0,-5.986261040235525
2026-08-13,CITY.BK,-112800.0,-82.81938325991189
2026-08-13,CK.BK,-1362700.0,-18.687410647860865
2026-08-13,CKP.BK,-731000.0,-23.11919351650524
2026-08-13,CMAN.BK,-100000.0,-68.4931506849315
2026-08-13,CMR.BK,10200.0,2.5185185185185186
2026-08-13,CNT.BK,62200.0,10.656158985780364
2026-08-13,COCOCO.BK,896900.0,23.412265218233426
2026-08-13,COM7.BK,1255500.0,12.775007343975748
2026-08-13,COMAN.BK,-100.0,-0.1592356687898089
2026-08-13,CPALL.BK,786283.0,2.400029937686086
2026-08-13,CPANEL.BK,-20.0,-0.0526038926880589
2026-08-13,CPAXT.BK,-445790.0,-7.372324288996303
2026-08-13,CPF.BK,-6148922.0,-30.619106873790365
2026-08-13,CPH.BK,21000.0,1.548614322027711
2026-08-13,CPI.BK,-10000.0,-8.994099870484963
2026-08-13,CPL.BK,-64100.0,-0.3615872699619583
2026-08-13,CPN.BK,56706.0,0.8158167101291272
2026-08-13,CPR.BK,-16000.0,-0.2471876610099315
2026-08-13,CPW.BK,50500.0,5.538228030233242
2026-08-13,CRANE.BK,125.0,0.0076446754835257
2026-08-13,CRC.BK,-1673900.0,-12.068265184897012
2026-08-13,CREDIT.BK,-32400.0,-5.391831375466169
2026-08-13,CSS.BK,55100.0,0.6610598553106741
2026-08-13,CTW.BK,-13300.0,-15.011117256012913
2026-08-13,CWT.BK,-24400.0,-1.8501668183196849
2026-08-13,D.BK,-100.0,-0.1045882882034869
2026-08-13,DCC.BK,-21871.0,-2.552068808190518
2026-08-13,DELTA.BK,-2065674.0,-8.234180702858772
2026-08-13,DEMCO.BK,-63300.0,-44.79544827293378
2026-08-13,DEMCO-W8.BK,56000.0,2.409943426578061
2026-08-13,DEXON.BK,250000.0,80.14258969558638
2026-08-13,DITTO.BK,-433340.0,-16.801060156433557
2026-08-13,DMT.BK,-54200.0,-15.626261344896385
2026-08-13,DOHOME.BK,-5880601.0,-12.983568919444064
2026-08-13,DRT.BK,9800.0,2.311391622856361
2026-08-13,DTCENT.BK,100.0,0.018311563935741
2026-08-13,DUSIT.BK,37800.0,16.812777711060406
2026-08-13,EA.BK,1075000.0,4.653679653679654
2026-08-13,EASON.BK,-100.0,-0.0047689196155678
2026-08-13,EAST.BK,-100.0,-0.014150075702905
2026-08-13,EASTW.BK,-1124800.0,-25.2461941609198
2026-08-13,EFORL.BK,-246800.0,-26.31719254843835
2026-08-13,EGCO.BK,468900.0,28.68947997334797
2026-08-13,EKH.BK,17700.0,2.1951337481350666
2026-08-13,EMPIRE.BK,-1149500.0,-2.4871112141583636
2026-08-13,EP.BK,200.0,0.1188770870358592
2026-08-13,EPG.BK,5965100.0,15.053787808947948
2026-08-13,ERW.BK,2116935.0,7.1305146557290575
2026-08-13,ESTAR.BK,973900.0,37.93036298488861
2026-08-13,ETC.BK,-122000.0,-3.8690829195211727
2026-08-13,EVER.BK,17100.0,8.809891808346213
2026-08-13,FANCY.BK,-500.0,-0.1904761904761904
2026-08-13,FM.BK,-66700.0,-5.50911399075427
2026-08-13,FNS.BK,200.0,1.1235955056179776
2026-08-13,FORTH.BK,-6900.0,-0.0830911747418242
2026-08-13,FPT.BK,1800.0,1.0560343563177257
2026-08-13,FSMART.BK,18800.0,2.357952193773501
2026-08-13,FTI.BK,-5400.0,-12.026726057906458
2026-08-13,GABLE.BK,-15400.0,-14.21424747558657
2026-08-13,GCAP.BK,0.0,0.0
2026-08-13,GFPT.BK,1368200.0,8.420271104173747
2026-08-13,GGC.BK,100.0,0.0417536534446764
2026-08-13,GJS.BK,-301800.0,-35.45957631798475
2026-08-13,GLOBAL.BK,1614800.0,13.111708541367085
2026-08-13,GPI.BK,35000.0,1.961663490640063
2026-08-13,GPSC.BK,-741163.0,-9.845577976367045
2026-08-13,GRAMMY.BK,2900.0,5.427357625437463
2026-08-13,GREEN.BK,700.0,0.0264840528167681
2026-08-13,GTV.BK,-200100.0,-0.633696723515586
2026-08-13,GULF.BK,-4046994.0,-14.68024869183446
2026-08-13,GUNKUL.BK,6237400.0,11.265005340556009
2026-08-13,HANA.BK,6170254.0,12.636244906722649
2026-08-13,HENG.BK,-94900.0,-5.794340596102711
2026-08-13,HFT.BK,380400.0,78.85572139303483
2026-08-13,HL.BK,100.0,0.0301200283128266
2026-08-13,HMPRO.BK,-6073700.0,-12.9815400179797
2026-08-13,HTC.BK,4700.0,3.3466725530127173
2026-08-13,HTECH.BK,1067400.0,8.281673736038059
2026-08-13,HUMAN.BK,-69300.0,-2.4447169419942396
2026-08-13,I2.BK,7000.0,0.5670311867152693
2026-08-13,ICHI.BK,697200.0,28.68793436174284
2026-08-13,ICN.BK,500300.0,6.297042164883575
2026-08-13,IIG.BK,-100.0,-0.2564102564102564
2026-08-13,III.BK,181300.0,4.3895222853601075
2026-08-13,ILINK.BK,-168400.0,-17.40667428122529
2026-08-13,ILM.BK,329800.0,26.523790988023276
2026-08-13,INET.BK,-18400.0,-5.79326847391455
2026-08-13,INOX.BK,200.0,0.2118599182220715
2026-08-13,INSET.BK,919800.0,10.250409548326704
2026-08-13,IP.BK,100.0,0.0182888913274077
2026-08-13,IRCP.BK,-82.0,-0.0033987157828071
2026-08-13,IROYAL.BK,1400.0,0.5335365853658537
2026-08-13,IRPC.BK,116378396.0,38.63290403080589
2026-08-13,IT.BK,-8300.0,-5.6164949011699905
2026-08-13,ITC.BK,1794900.0,19.883616205994663
2026-08-13,ITD.BK,249800.0,1.7140786446454903
2026-08-13,ITEL.BK,-5700.0,-0.1297901384541994
2026-08-13,IVL.BK,-7255775.0,-14.739437025427618
2026-08-13,JAS.BK,108400.0,1.3042198731826646
2026-08-13,JCK.BK,6400.0,0.2629068792049696
2026-08-13,JDF.BK,0.0,0.0
2026-08-13,JMART.BK,-862598.0,-9.902082116759203
2026-08-13,JMT.BK,-1107400.0,-6.265604603120287
2026-08-13,JPARK.BK,-16500.0,-0.8624136606323844
2026-08-13,JR.BK,200.0,0.8771160424524164
2026-08-13,JTS.BK,-3790.0,-0.8034750827324936
2026-08-13,JUBILE.BK,100.0,0.217391304347826
2026-08-13,KAMART.BK,83962.0,1.035498908410848
2026-08-13,KBANK.BK,3061662.0,19.59370758801135
2026-08-13,KBS.BK,-39900.0,-13.921259402955911
2026-08-13,KCAR.BK,-10600.0,-68.38709677419355
2026-08-13,KCC.BK,6100.0,2.101998621640248
2026-08-13,KCE.BK,7831854.0,13.420316149953443
2026-08-13,KCG.BK,-7400.0,-3.2300305543430814
2026-08-13,KGEN.BK,-120100.0,-3.972393683067151
2026-08-13,KGI.BK,1817800.0,37.06708759500506
2026-08-13,KIAT.BK,29109.0,1.5484663751555967
2026-08-13,KISS.BK,-1103800.0,-31.952701433297797
2026-08-13,KJL.BK,-100.0,-0.148539853242625
2026-08-13,KKP.BK,525800.0,7.50717629228587
2026-08-13,KLINIQ.BK,-92000.0,-7.879856175494675
2026-08-13,KSL.BK,-235900.0,-7.061705053025652
2026-08-13,KTB.BK,-3175299.0,-2.3566190944586043
2026-08-13,KTC.BK,-5519200.0,-26.639316865049743
2026-08-13,KTIS.BK,100.0,0.5586592178770949
2026-08-13,KUMWEL.BK,13500.0,2.2677603430869424
2026-08-13,KYE.BK,300.0,14.251781472684083
2026-08-13,LANNA.BK,91000.0,13.908057044430894
2026-08-13,LEE.BK,-10001.0,-6.206365853507177
2026-08-13,LEO.BK,100.0,0.1926782273603083
2026-08-13,LH.BK,2705900.0,11.26605399162384
2026-08-13,LHFG.BK,197700.0,2.951110092080009
2026-08-13,LOXLEY.BK,-16500.0,-0.0828252007268739
2026-08-13,LPN.BK,-1600.0,-0.2401450476087556
2026-08-13,LTS.BK,-94900.0,-4.965500497858137
2026-08-13,M.BK,42200.0,4.000910159657174
2026-08-13,MADAME.BK,4980.0,0.1430964990493277
2026-08-13,MAGURO.BK,55500.0,6.331496628905849
2026-08-13,MAJOR.BK,-210300.0,-15.022158219113498
2026-08-13,MALEE.BK,-2000.0,-0.5148005148005148
2026-08-13,MASTEC.BK,656200.0,4.689956496043591
2026-08-13,MASTER.BK,21300.0,11.480189935161182
2026-08-13,MBK.BK,543700.0,32.38188829826834
2026-08-13,MC.BK,-142600.0,-9.54320441530473
2026-08-13,MCOT.BK,2000.0,0.8833844223990954
2026-08-13,MCS.BK,-66900.0,-9.25877230616781
2026-08-13,MDX.BK,-1000.0,-0.2083216152424759
2026-08-13,MEB.BK,76300.0,28.76423132021413
2026-08-13,MEDEZE.BK,-33900.0,-1.7055608326759293
2026-08-13,MEGA.BK,-51100.0,-7.83153764808656
2026-08-13,MENA.BK,100000.0,1.7524177231116909
2026-08-13,METCO.BK,-900.0,-6.072464745968558
2026-08-13,MFC.BK,-800.0,-4.562564161058515
2026-08-13,MGC.BK,2247400.0,17.563473976064472
2026-08-13,MGI.BK,-1300.0,-1.6023665721681253
2026-08-13,MICRO.BK,8000.0,0.850941620086477
2026-08-13,MIDA.BK,-200.0,-0.0155366233168981
2026-08-13,MINT.BK,3806300.0,14.778838867752164
2026-08-13,MJD.BK,-18000.0,-5.487788146987357
2026-08-13,ML.BK,-507500.0,-10.146069412709515
2026-08-13,MMM.BK,1000.0,0.3035398821051098
2026-08-13,MODERN.BK,5000.0,5.56792873051225
2026-08-13,MONO.BK,18700.0,0.2131461234077301
2026-08-13,MOONG.BK,500.0,0.1047063405971612
2026-08-13,MORE.BK,-300.0,-0.0182804216683931
2026-08-13,MOSHI.BK,-53400.0,-29.63193145812409
2026-08-13,MRDIYT.BK,-84400.0,-2.7257160979371755
2026-08-13,MSC.BK,-100.0,-0.2504319951917056
2026-08-13,MTC.BK,927800.0,6.178895747816875
2026-08-13,MTW.BK,13000.0,12.427110218908323
2026-08-13,NCAP.BK,-670897.0,-6.620372860198395
2026-08-13,NDR.BK,500.0,0.2561475409836065
2026-08-13,NEO.BK,-109400.0,-28.23910832563254
2026-08-13,NEP.BK,-100.0,-0.7246376811594203
2026-08-13,NER.BK,2130300.0,33.71048951181742
2026-08-13,NETBAY.BK,143500.0,17.91611264053536
2026-08-13,NEX.BK,84500.0,1.0230949457535687
2026-08-13,NNCL.BK,2500.0,2.711496746203905
2026-08-13,NOBLE.BK,200.0,0.0369291219362677
2026-08-13,NRF.BK,-1700.0,-1.3264669163545568
2026-08-13,NSL.BK,5200.0,2.903454552560903
2026-08-13,NTF.BK,2000.0,0.372785189989972
2026-08-13,NTV.BK,1200.0,1.140478430701679
2026-08-13,NUT.BK,1500.0,0.1915855621120392
2026-08-13,NV.BK,900.0,0.9771986970684038
2026-08-13,NYT.BK,-94500.0,-6.527667640175619
2026-08-13,OKJ.BK,6400.0,0.7256918734982998
2026-08-13,ONEE.BK,-9100.0,-1.6581149237631556
2026-08-13,OR.BK,-1339800.0,-10.265036846257054
2026-08-13,ORI.BK,290300.0,8.864273709718395
2026-08-13,ORI-W2.BK,-3200.0,-0.3499336766328507
2026-08-13,OSP.BK,-69500.0,-1.3626245992756327
2026-08-13,PACO.BK,-14100.0,-0.6306636728778838
2026-08-13,PAF.BK,400.0,0.0268652907160271
2026-08-13,PAP.BK,39598.0,0.7216565113289393
2026-08-13,PB.BK,0.0,0.0
2026-08-13,PCC.BK,9600.0,1.5816528272044286
2026-08-13,PCE.BK,2307000.0,22.41104577983105
2026-08-13,PCSGH.BK,1300.0,0.9908536585365854
2026-08-13,PDG.BK,-100.0,-0.203442242747284
2026-08-13,PF.BK,10800.0,6.563035525468224
2026-08-13,PHOL.BK,-10000.0,-3.6290395746765616
2026-08-13,PIN.BK,-42100.0,-9.481939270543826
2026-08-13,PIS.BK,25800.0,7.608352673687191
2026-08-13,PK.BK,-1200.0,-0.1259578041356145
2026-08-13,PLANB.BK,12149900.0,38.13557978752438
2026-08-13,PLANET.BK,-400.0,-0.2107403836528684
2026-08-13,PLAT.BK,221600.0,7.265809611525095
2026-08-13,PLE.BK,16000.0,3.9418090439881257
2026-08-13,PLUS.BK,7700.0,1.140046579045944
2026-08-13,PM.BK,6700.0,14.771374399223951
2026-08-13,PMC.BK,-80200.0,-5.096551693459574
2026-08-13,PORT.BK,2900.0,0.3169049099498306
2026-08-13,PPPM.BK,700.0,0.0454899922017156
2026-08-13,PQS.BK,24300.0,2.752277991403379
2026-08-13,PR9.BK,183700.0,9.010971114858734
2026-08-13,PRG.BK,-41.0,-0.1552324700893533
2026-08-13,PRIME.BK,-100.0,-0.0137912012136257
2026-08-13,PRINC.BK,900.0,0.2065997130559541
2026-08-13,PRM.BK,911868.0,21.13198557255114
2026-08-13,PROS.BK,-100.0,-0.0498753117206982
2026-08-13,PRTR.BK,5150.0,0.4159656501220031
2026-08-13,PSGC.BK,-13000.0,-2.98175395942521
2026-08-13,PSH.BK,51900.0,7.7554594549361475
2026-08-13,PSL.BK,1689200.0,9.602960886410369
2026-08-13,PSP.BK,-274000.0,-6.8108359903465105
2026-08-13,PT.BK,-8790.0,-2.0259571437461537
2026-08-13,PTC.BK,-2800.0,-1.4127144298688197
2026-08-13,PTG.BK,-561500.0,-30.054687219826352
2026-08-13,PTL.BK,49900.0,15.236594697420772
2026-08-13,PTT.BK,2973500.0,6.70200952097818
2026-08-13,PTTEP.BK,-5761001.0,-27.97581988295222
2026-08-13,PTTGC.BK,2571350.0,4.880960818945254
2026-08-13,PYLON.BK,135000.0,15.68855316676351
2026-08-13,QH.BK,928200.0,7.768192840658732
2026-08-13,QTCG.BK,-100.0,-0.0306560392397302
2026-08-13,RABBIT.BK,-375200.0,-20.09959800803984
2026-08-13,RAM.BK,-1200.0,-3.1084056469369252
2026-08-13,RATCH.BK,1136900.0,17.708184876004545
2026-08-13,RBF.BK,645800.0,15.355110103605384
2026-08-13,RCL.BK,843199.0,12.0668704623068
2026-08-13,READY.BK,-10000.0,-2.938160535215323
2026-08-13,RJH.BK,-300.0,-0.2306060326538142
2026-08-13,RML.BK,-100.0,-0.0021624165090985
2026-08-13,ROCTEC.BK,89200.0,2.79914092733154
2026-08-13,ROJNA.BK,403500.0,23.15237187012638
2026-08-13,RP.BK,100.0,0.1703577512776831
2026-08-13,RPC.BK,1100.0,0.0336873980956207
2026-08-13,RPH.BK,-400.0,-0.3081664098613251
2026-08-13,RS.BK,-508500.0,-76.73595286888339
2026-08-13,RWI.BK,100.0,0.0024572439551798
2026-08-13,S.BK,-24400.0,-0.4814982330593529
2026-08-13,S11.BK,4800.0,1.2780131156095988
2026-08-13,SABINA.BK,108700.0,14.337059386025652
2026-08-13,SAF.BK,-1000.0,-1.579778830963665
2026-08-13,SAFE.BK,2000.0,0.326850792613172
2026-08-13,SAK.BK,290400.0,21.04038319000901
2026-08-13,SALEE.BK,-2100.0,-0.0388241819190238
2026-08-13,SAMART.BK,-8300.0,-1.694915254237288
2026-08-13,SAMCO.BK,22800.0,47.68876804015896
2026-08-13,SANKO.BK,-44300.0,-4.91517168151019
2026-08-13,SAPPE.BK,140100.0,29.776833156216792
2026-08-13,SAT.BK,113900.0,7.836138703094965
2026-08-13,SAV.BK,107400.0,18.03944490914771
2026-08-13,SAWAD.BK,-2801900.0,-19.670785510159178
2026-08-13,SC.BK,1909800.0,20.68584101948767
2026-08-13,SCAP.BK,-1545100.0,-5.8171812524646125
2026-08-13,SCB.BK,-485221.0,-5.362168290976763
2026-08-13,SCC.BK,190800.0,12.521706259671836
2026-08-13,SCCC.BK,-8400.0,-5.465903175429464
2026-08-13,SCG.BK,-101.0,-1.9800039207998432
2026-08-13,SCGD.BK,158400.0,11.696113700402275
2026-08-13,SCGP.BK,385024.0,8.67638015139227
2026-08-13,SCL.BK,-7000.0,-0.9370816599732262
2026-08-13,SCM.BK,3500.0,1.6826923076923077
2026-08-13,SCN.BK,300.0,0.4601156423981227
2026-08-13,SCP.BK,600.0,0.2233522190042957
2026-08-13,SDC.BK,-10000.0,-2.2055531417001726
2026-08-13,SE.BK,31000.0,8.651050125858827
2026-08-13,SEAFCO.BK,43200.0,13.919633449652494
2026-08-13,SEAOIL.BK,18900.0,2.5858070659572343
2026-08-13,SECURE.BK,9400.0,3.1396335312861146
2026-08-13,SENA.BK,-100.0,-0.0361402240693892
2026-08-13,SFLEX.BK,1867600.0,16.488299452096882
2026-08-13,SGC.BK,-6830600.0,-8.752607147648138
2026-08-13,SGF.BK,-500.0,-0.2695417789757413
2026-08-13,SGP.BK,-35700.0,-4.19396562357925
2026-08-13,SHR.BK,-681100.0,-24.587852929189076
2026-08-13,SICT.BK,-54900.0,-6.2245180250250565
2026-08-13,SIMAT.BK,300.0,0.0434467147766621
2026-08-13,SINGER.BK,-1021800.0,-11.841663812869726
2026-08-13,SIRI.BK,14758300.0,25.04320110425409
2026-08-13,SIS.BK,-186100.0,-13.754192404965996
2026-08-13,SISB.BK,140400.0,7.824996516650411
2026-08-13,SITHAI.BK,3700.0,0.0723105931501152
2026-08-13,SJWD.BK,1118200.0,22.352609110397346
2026-08-13,SKE.BK,-100.0,-0.0574052812858783
2026-08-13,SKR.BK,-1500.0,-5.352554952897516
2026-08-13,SKY.BK,13500.0,1.3466213270903304
2026-08-13,SMART.BK,4900.0,0.1333254970592204
2026-08-13,SMIT.BK,-2700.0,-4.897426130489198
2026-08-13,SMO.BK,-101900.0,-9.383817473239084
2026-08-13,SMPC.BK,332000.0,26.43556252010536
2026-08-13,SMT.BK,-129200.0,-2.1139303757723944
2026-08-13,SNC.BK,1800.0,0.4695987018204777
2026-08-13,SNNP.BK,-41600.0,-2.9705925618076057
2026-08-13,SNP.BK,7000.0,27.256444202164943
2026-08-13,SO.BK,-11500.0,-19.92480551657224
2026-08-13,SOLAR.BK,4100.0,0.2926593887273314
2026-08-13,SPA.BK,191200.0,11.208061362963573
2026-08-13,SPACK.BK,-400.0,-0.0126872962103046
2026-08-13,SPALI.BK,7595300.0,38.554769493463134
2026-08-13,SPCG.BK,-20700.0,-4.348100069317537
2026-08-13,SPG.BK,500.0,25.0
2026-08-13,SPRC.BK,-315100.0,-1.4494076242060916
2026-08-13,SPVI.BK,-275300.0,-14.31976934404221
2026-08-13,SQ.BK,9000.0,1.2057877813504825
2026-08-13,SRICHA.BK,787200.0,27.977167617423603
2026-08-13,SSP.BK,251200.0,22.22222222222222
2026-08-13,SST.BK,-100.0,-3.0303030303030303
2026-08-13,STA.BK,2674800.0,25.02710146530367
2026-08-13,STANLY.BK,-1900.0,-11.269276393831554
2026-08-13,STARM.BK,-2000.0,-2.176278563656148
2026-08-13,STECON.BK,-916100.0,-3.1550297807810503
2026-08-13,STELLA.BK,200.0,0.1160948030161429
2026-08-13,STGT.BK,145000.0,6.933231072159635
2026-08-13,STI.BK,-1100.0,-15.195468987429203
2026-08-13,STOWER.BK,13400.0,37.85310734463277
2026-08-13,STP.BK,1900.0,2.130044843049327
2026-08-13,STPI.BK,433000.0,6.104796946417224
2026-08-13,STX.BK,-1200.0,-1.3228825611006385
2026-08-13,SUPER.BK,-1035500.0,-3.912846936418448
2026-08-13,SUSCO.BK,89700.0,4.439651182991335
2026-08-13,SVOA.BK,487500.0,16.83472615512121
2026-08-13,SVT.BK,-5000.0,-1.593859179353786
2026-08-13,SYNEX.BK,157801.0,18.449956272243863
2026-08-13,SYNTEC.BK,102100.0,14.030507077092208
2026-08-13,TACC.BK,-17800.0,-1.5354768475107592
2026-08-13,TAE.BK,226700.0,7.460918216225111
2026-08-13,TAKUNI.BK,1500.0,0.0659714739346706
2026-08-13,TASCO.BK,7637900.0,18.37905489898943
2026-08-13,TBN.BK,-1200.0,-32.406157169862276
2026-08-13,TC.BK,-1600.0,-0.7580710881162881
2026-08-13,TCAP.BK,490000.0,5.23563510016785
2026-08-13,TCC.BK,-298700.0,-36.86744013823747
2026-08-13,TCJ.BK,200.0,0.4975124378109453
2026-08-13,TCMC.BK,400.0,0.3783758217849879
2026-08-13,TEAM.BK,3731000.0,21.73998419524708
2026-08-13,TEAMG.BK,92400.0,2.520595777183698
2026-08-13,TEGH.BK,-224304.0,-29.163188729142124
2026-08-13,TEKA.BK,-100.0,-0.0858944185806806
2026-08-13,TFG.BK,-6179600.0,-32.582825314170435
2026-08-13,TFM.BK,-542700.0,-29.445244432966085
2026-08-13,TFMAMA.BK,3800.0,23.443765809118393
2026-08-13,TGE.BK,-4900.0,-0.656308598982052
2026-08-13,TGPRO.BK,200000.0,15.862881254436653
2026-08-13,TH.BK,800.0,0.0227085639671861
2026-08-13,THAI.BK,31977301.0,10.481045124569969
2026-08-13,THANI.BK,2135090.0,11.315023200119349
2026-08-13,THCOM.BK,-115500.0,-2.8979798195223476
2026-08-13,THG.BK,861300.0,39.62076674670862
2026-08-13,THRE.BK,1100.0,0.0779644198738394
2026-08-13,THREL.BK,-300.0,-0.0241449858107966
2026-08-13,TIDLOR.BK,-689500.0,-13.28821827445114
2026-08-13,TIGER.BK,-100.0,-0.0228519195612431
2026-08-13,TIPCO.BK,300.0,0.0311128119448307
2026-08-13,TIPH.BK,-19200.0,-10.444716442268462
2026-08-13,TISCO.BK,803400.0,15.180046231686733
2026-08-13,TITLE.BK,89800.0,32.58321782860792
2026-08-13,TKN.BK,-194100.0,-28.35700312788994
2026-08-13,TKS.BK,5100.0,1.7038734723604996
2026-08-13,TL.BK,29600.0,3.1758770678071215
2026-08-13,TLI.BK,-2873900.0,-15.795203499204495
2026-08-13,TMAN.BK,-21100.0,-2.2140051037539457
2026-08-13,TMT.BK,100.0,0.0109408591856718
2026-08-13,TMW.BK,-3900.0,-18.138691223664015
2026-08-13,TNP.BK,100.0,0.0093104234846121
2026-08-13,TNR.BK,29800.0,4.853412290859461
2026-08-13,TOA.BK,781200.0,28.16501265118144
2026-08-13,TOG.BK,-344102.0,-66.84681464443763
2026-08-13,TOP.BK,3789503.0,14.522669602955624
2026-08-13,TPAC.BK,-10300.0,-1.5629742033383915
2026-08-13,TPBI.BK,9300.0,2.7016113804653163
2026-08-13,TPCS.BK,900.0,90.0
2026-08-13,TPIPL.BK,9057400.0,24.179023331793815
2026-08-13,TPIPP.BK,-184800.0,-21.94432932643496
2026-08-13,TPOLY.BK,18100.0,1.8096380723855228
2026-08-13,TQM.BK,-24200.0,-12.35040445022838
2026-08-13,TQR.BK,100.0,0.1218026796589524
2026-08-13,TRC.BK,1400.0,0.5333353650871051
2026-08-13,TRT.BK,-338400.0,-6.826928683005971
2026-08-13,TRU.BK,-100.0,-0.1509661835748792
2026-08-13,TRUBB.BK,56900.0,7.649875034115217
2026-08-13,TRUE.BK,-16303673.0,-6.038706678651676
2026-08-13,TSE.BK,-1700.0,-0.0747759251431409
2026-08-13,TSI.BK,-60400.0,-93.78590726996056
2026-08-13,TSTH.BK,772000.0,17.713174150329785
2026-08-13,TTA.BK,950500.0,7.271872077480133
2026-08-13,TTB.BK,44342549.0,8.591540993830156
2026-08-13,TTW.BK,197900.0,13.924234993804808
2026-08-13,TU.BK,444100.0,2.560464672736753
2026-08-13,TURBO.BK,-84400.0,-1.184631566950351
2026-08-13,TVO.BK,-22000.0,-6.002237197500887
2026-08-13,TWPC.BK,-100.0,-0.0194170609948137
2026-08-13,TWZ.BK,4540000.0,1.2319453557666746
2026-08-13,TYCN.BK,100.0,33.33333333333333
2026-08-13,UAC.BK,-20100.0,-8.173888290193368
2026-08-13,UBA.BK,-500.0,-0.0622975330176924
2026-08-13,UBE.BK,103100.0,0.4034272139633554
2026-08-13,UEC.BK,-30000.0,-7.684406546089789
2026-08-13,UKEM.BK,130600.0,1.0719543180018969
2026-08-13,UNIQ.BK,400.0,0.2775850104094379
2026-08-13,UNIX.BK,315000.0,10.371053238073287
2026-08-13,UPF.BK,-10.0,-0.3105590062111801
2026-08-13,UREKA.BK,-135600.0,-3.3882203372678497
2026-08-13,UTP.BK,137000.0,14.466553750110874
2026-08-13,UV.BK,-21800.0,-1.4365733113673804
2026-08-13,UVAN.BK,14500.0,5.852886684077323
2026-08-13,VCOM.BK,5000.0,1.221914299818668
2026-08-13,VGI.BK,979000.0,4.923876318865805
2026-08-13,VIBHA.BK,-13700.0,-3.5311098510232486
2026-08-13,VIBHA-W5.BK,-700.0,-0.0657098684019078
2026-08-13,VIH.BK,7800.0,2.9504438905007055
2026-08-13,WARRIX.BK,100000.0,23.19109461966605
2026-08-13,WASH.BK,-125100.0,-1.3312114822576964
2026-08-13,WAVE.BK,0.0,0.0
2026-08-13,WFX.BK,-200.0,-0.3609782510603736
2026-08-13,WHA.BK,-19659899.0,-21.96936426814509
2026-08-13,WHAUP.BK,-235500.0,-2.2993991489391616
2026-08-13,WICE.BK,108600.0,3.3931837624596395
2026-08-13,WIIK.BK,-105700.0,-1.1521479493129023
2026-08-13,WINNER.BK,10000.0,1.3815360470385392
2026-08-13,WORK.BK,-700.0,-0.7377040542107093
2026-08-13,WPH.BK,-4100.0,-1.4351270087402734
2026-08-13,XBIO.BK,-9900.0,-0.1895716083772268
2026-08-13,XO.BK,548200.0,41.823957910541594
2026-08-13,XPG.BK,722000.0,34.55049660357133
2026-08-13,XYZ.BK,100.0,0.0192418703097941
2026-08-13,YGG.BK,-26600.0,-10.24254816115456
2026-08-13,YUASA.BK,-10000.0,-60.97189195780746
2026-08-13,ZIGA.BK,-9500.0,-0.4998760833498643
2026-08-13,ZIGA-W2.BK,-20000.0,-3.2197512420190413
2026-08-14,2S.BK,-168400.0,-7.674331275907704
2026-08-14,88TH.BK,-58300.0,-5.022086845061299
2026-08-14,AAI.BK,-523600.0,-20.224891835841554
2026-08-14,AAV.BK,1028700.0,6.487704327684127
2026-08-14,ACE.BK,-52400.0,-3.0135136534022227
2026-08-14,ADB.BK,80900.0,2.0113815854410784
2026-08-14,ADD.BK,-800.0,-0.5262430848369634
2026-08-14,ADVANC.BK,-272358.0,-8.204154701684491
2026-08-14,ADVICE.BK,-230200.0,-7.74036749597094
2026-08-14,AE.BK,12600.0,0.0363340532089716
2026-08-14,AEONTS.BK,63000.0,9.068362498434627
2026-08-14,AGE.BK,-736400.0,-32.208358865149584
2026-08-14,AH.BK,-174500.0,-41.15886377949227
2026-08-14,AI.BK,-9739.0,-1.177500420147239
2026-08-14,AIE.BK,2213800.0,11.732152281831546
2026-08-14,AIT.BK,2800.0,0.1886868741323773
2026-08-14,AJ.BK,847500.0,9.27647338582522
2026-08-14,AJA.BK,4400.0,0.990990990990991
2026-08-14,AKP.BK,900.0,0.106318885778077
2026-08-14,AKR.BK,19600.0,0.2255766908382832
2026-08-14,ALLA.BK,-1863600.0,-26.24650106508459
2026-08-14,ALPHAX.BK,1300.0,0.0258354334559721
2026-08-14,ALT.BK,-1051700.0,-11.72567037676674
2026-08-14,AMANAH.BK,-14800.0,-2.975657911932589
2026-08-14,AMARC.BK,448300.0,9.172658153670566
2026-08-14,AMATA.BK,8133970.0,26.12452457622165
2026-08-14,AMATAV.BK,-50000.0,-16.12726346142681
2026-08-14,ANAN.BK,2000.0,0.0187462226361388
2026-08-14,ANI.BK,4500.0,0.3274870824539698
2026-08-14,AOT.BK,16458600.0,24.765817471955742
2026-08-14,AP.BK,-3344100.0,-29.37755530528376
2026-08-14,APO.BK,-29300.0,-2.5940452054430683
2026-08-14,APURE.BK,400.0,0.3979624323463865
2026-08-14,AQUA.BK,-600100.0,-42.29538260723088
2026-08-14,AS.BK,-68900.0,-2.4495661352636913
2026-08-14,ASEFA.BK,-381800.0,-33.12870127334649
2026-08-14,ASIA.BK,300.0,20.0
2026-08-14,ASIAN.BK,-52600.0,-7.32681349080875
2026-08-14,ASK.BK,696800.0,34.18514928038495
2026-08-14,ASP.BK,-123900.0,-8.154030223219046
2026-08-14,ASW.BK,15600.0,6.479616207347719
2026-08-14,ATLAS.BK,-156900.0,-9.465846333538057
2026-08-14,AU.BK,24700.0,3.0495031902494913
2026-08-14,AUCT.BK,-139200.0,-28.1856119740255
2026-08-14,AURA.BK,-333100.0,-9.61953872420254
2026-08-14,AWC.BK,9823800.0,7.919542836372521
2026-08-14,AYUD.BK,-928.0,-0.5395662538519681
2026-08-14,BA.BK,-152700.0,-2.287355686505545
2026-08-14,BAFS.BK,-12600.0,-1.1608709111546796
2026-08-14,BAM.BK,-2962700.0,-13.924709466743836
2026-08-14,BANPU.BK,-2169436.0,-18.716790090118455
2026-08-14,BAY.BK,34400.0,2.5210274945896844
2026-08-14,BBGI.BK,896900.0,23.282624163828267
2026-08-14,BBIK.BK,-307100.0,-16.202837791707797
2026-08-14,BBL.BK,-2029199.0,-25.449048889613508
2026-08-14,BCH.BK,-1771900.0,-13.18831128136141
2026-08-14,BCP.BK,2871900.0,17.43642374753608
2026-08-14,BCPG.BK,-178900.0,-4.17967607393611
2026-08-14,BDMS.BK,-6598775.0,-9.312153959270844
2026-08-14,BE8.BK,-14600.0,-2.602472348731294
2026-08-14,BEAUTY.BK,171300.0,1.9728204537602212
2026-08-14,BEC.BK,-6800.0,-1.4947650251362326
2026-08-14,BEM.BK,-11371820.0,-23.590797816816757
2026-08-14,BGC.BK,-1700.0,-0.6578845528706986
2026-08-14,BGRIM.BK,-759400.0,-4.3236413509323866
2026-08-14,BH.BK,3342500.0,33.70057975079618
2026-08-14,BIOTEC.BK,502300.0,2.6978819612457823
2026-08-14,BIS.BK,400.0,0.0631205539459814
2026-08-14,BIZ.BK,11300.0,4.792887863389971
2026-08-14,BJC.BK,-4082633.0,-24.47008923484808
2026-08-14,BKA.BK,-400.0,-0.0317911701614435
2026-08-14,BKGI.BK,200.0,0.008054448068946
2026-08-14,BKIH.BK,1400.0,12.056493282810886
2026-08-14,BLA.BK,-312700.0,-14.02664838911098
2026-08-14,BLAND.BK,-1962400.0,-5.983395832642858
2026-08-14,BLC.BK,12700.0,1.8989234449760763
2026-08-14,BOL.BK,100.0,0.0545687702927614
2026-08-14,BR.BK,100.0,0.0221187066749833
2026-08-14,BRR.BK,100.0,0.242712555520497
2026-08-14,BTC.BK,1872100.0,46.928361866526025
2026-08-14,BTG.BK,42400.0,1.8021663399531775
2026-08-14,BTS.BK,-3754000.0,-10.9280295807846
2026-08-14,BTW.BK,-400.0,-0.1037075447238786
2026-08-14,BUI.BK,2000.0,9.065361254645998
2026-08-14,BWG.BK,-1056300.0,-4.224900877017907
2026-08-14,BWG-W8.BK,-66667.0,-2.9946814722978377
2026-08-14,BYD.BK,-27800.0,-0.8830967343527488
2026-08-14,CAZ.BK,400.0,0.1424501424501424
2026-08-14,CBG.BK,4826250.0,22.499711542159716
2026-08-14,CCET.BK,12289840.0,9.149218437009509
2026-08-14,CCP.BK,317100.0,14.3887438367987
2026-08-14,CENTEL.BK,648800.0,13.59736704004936
2026-08-14,CFRESH.BK,116500.0,1.554109559254529
2026-08-14,CGH.BK,1500.0,0.2244165170556553
2026-08-14,CHASE.BK,-3200.0,-0.6414972545922182
2026-08-14,CHAYO.BK,-227015.0,-13.31634194341222
2026-08-14,CHG.BK,-2066400.0,-4.588410741188876
2026-08-14,CHOW.BK,700.0,0.2964845404489623
2026-08-14,CITY.BK,200.0,0.0480307396733909
2026-08-14,CIVIL.BK,20600.0,1.0774058577405856
2026-08-14,CK.BK,-762400.0,-14.057301573370484
2026-08-14,CKP.BK,-780200.0,-15.710779886577107
2026-08-14,CMAN.BK,-10000.0,-4.235493434985176
2026-08-14,CMR.BK,-4000.0,-3.350083752093802
2026-08-14,CNT.BK,-102900.0,-11.938739993038636
2026-08-14,COCOCO.BK,-951900.0,-36.28353530240472
2026-08-14,COM7.BK,-1526000.0,-12.13127888085057
2026-08-14,COMAN.BK,-100.0,-14.084507042253522
2026-08-14,CPALL.BK,-9579558.0,-24.109626041188136
2026-08-14,CPANEL.BK,-1.0,-0.0384467512495194
2026-08-14,CPAXT.BK,-450500.0,-8.811099991022653
2026-08-14,CPF.BK,-5675200.0,-42.58157874024344
2026-08-14,CPH.BK,24200.0,0.8314368327891201
2026-08-14,CPL.BK,28100.0,0.4790142330300258
2026-08-14,CPN.BK,-4146800.0,-40.56195543290849
2026-08-14,CPR.BK,10000.0,0.6659549827750744
2026-08-14,CPW.BK,900.0,0.2368919772583702
2026-08-14,CRC.BK,-6258690.0,-34.01057341602132
2026-08-14,CREDIT.BK,-130700.0,-10.611470780702223
2026-08-14,CSP.BK,110000.0,1.0037775800437336
2026-08-14,CSS.BK,206000.0,5.248997403275119
2026-08-14,CTW.BK,-31800.0,-19.4256601975553
2026-08-14,CWT.BK,2600.0,0.7288711467946489
2026-08-14,D.BK,-1500.0,-1.530612244897959
2026-08-14,DCC.BK,-12681.0,-0.911347538118345
2026-08-14,DCON.BK,11500.0,0.1112465416835954
2026-08-14,DDD.BK,-8.0,-0.0071106054680556
2026-08-14,DELTA.BK,153030.0,1.1793937871233906
2026-08-14,DEMCO.BK,-221700.0,-34.957316438611045
2026-08-14,DEMCO-W8.BK,147500.0,6.937993156081328
2026-08-14,DEXON.BK,117000.0,61.63117167705266
2026-08-14,DITTO.BK,-225900.0,-15.36865379709159
2026-08-14,DMT.BK,-140900.0,-45.200386240348
2026-08-14,DOD.BK,3100.0,1.1299682150876271
2026-08-14,DOHOME.BK,-2969300.0,-15.65372750663002
2026-08-14,DPAINT.BK,20000.0,0.4047176315438541
2026-08-14,DRT.BK,-63500.0,-12.494613542586956
2026-08-14,DTCENT.BK,1100.0,0.565224316977797
2026-08-14,DUSIT.BK,-9300.0,-3.106212424849699
2026-08-14,EA.BK,-4561460.0,-9.490652608296182
2026-08-14,EA-W1.BK,0.0,0.0
2026-08-14,EAST.BK,-2000.0,-0.1344257667309669
2026-08-14,EASTW.BK,-1922000.0,-33.909578573804055
2026-08-14,EFORL.BK,-93900.0,-6.063040120666766
2026-08-14,EGCO.BK,-341800.0,-24.790894822198947
2026-08-14,EKH.BK,15900.0,1.462237038740085
2026-08-14,EMC.BK,2000000.0,51.930516968296416
2026-08-14,EMPIRE.BK,1480200.0,1.8781421243513052
2026-08-14,EP.BK,100.0,0.0444357547857307
2026-08-14,EPG.BK,-3414000.0,-16.50773738539779
2026-08-14,ERW.BK,-2646400.0,-8.184872972868401
2026-08-14,ESTAR.BK,1001600.0,79.29564942709368
2026-08-14,ETC.BK,-216800.0,-5.890283151997018
2026-08-14,EVER.BK,9700.0,2.207555757851616
2026-08-14,FLOYD.BK,-140000.0,-5.790787931832499
2026-08-14,FM.BK,-54200.0,-3.2152261721783275
2026-08-14,FMT.BK,-10.0,-100.0
2026-08-14,FORTH.BK,-649700.0,-9.12423622966392
2026-08-14,FSMART.BK,-900.0,-0.0209586046599361
2026-08-14,FSX.BK,-2100.0,-0.7918552036199095
2026-08-14,FTE.BK,30000.0,9.646736509038991
2026-08-14,GABLE.BK,-140000.0,-4.305174112004025
2026-08-14,GBX.BK,20000.0,2.3643456673365644
2026-08-14,GCAP.BK,-100.0,-0.0237405631261573
2026-08-14,GEL.BK,-1000000.0,-79.25814377427281
2026-08-14,GFPT.BK,745300.0,9.819375143608196
2026-08-14,GGC.BK,500.0,0.3866826495495147
2026-08-14,GJS.BK,3900.0,1.8789475966333111
2026-08-14,GLOBAL.BK,-1643600.0,-8.500256543700322
2026-08-14,GPI.BK,-35000.0,-10.68193471201504
2026-08-14,GPSC.BK,-115300.0,-0.6962840834229254
2026-08-14,GRAMMY.BK,500.0,1.8230875811273972
2026-08-14,GRAND.BK,-5000000.0,-38.40938737718502
2026-08-14,GREEN.BK,100.0,0.007415647015202
2026-08-14,GULF.BK,-7660326.0,-19.18571909911404
2026-08-14,GUNKUL.BK,11686610.0,14.121958729201223
2026-08-14,HANA.BK,19214125.0,29.661250469677142
2026-08-14,HENG.BK,-252100.0,-5.544680757472452
2026-08-14,HMPRO.BK,-13159000.0,-29.728477048007186
2026-08-14,HTC.BK,-579800.0,-34.77042702618097
2026-08-14,HTECH.BK,833600.0,7.453167135574238
2026-08-14,HUMAN.BK,-174800.0,-3.0878754957294396
2026-08-14,I2.BK,6000.0,0.703977472720873
2026-08-14,ICHI.BK,-2486000.0,-18.1926888223271
2026-08-14,ICN.BK,-414400.0,-13.746880911009512
2026-08-14,III.BK,-70500.0,-3.827552733361275
2026-08-14,ILINK.BK,-47500.0,-17.108424188070206
2026-08-14,ILM.BK,-35300.0,-8.543802112957293
2026-08-14,INET.BK,398300.0,12.512282959169054
2026-08-14,INOX.BK,100.0,0.292107261786528
2026-08-14,INSET.BK,-736100.0,-9.32802367171338
2026-08-14,IROYAL.BK,8100.0,1.1398801859271237
2026-08-14,IRPC.BK,-31879500.0,-21.921256648457664
2026-08-14,IT.BK,-500.0,-0.1198954511665827
2026-08-14,ITC.BK,-1566300.0,-25.431774309118076
2026-08-14,ITD.BK,1900100.0,29.214688987564426
2026-08-14,ITEL.BK,1290100.0,13.18849063188828
2026-08-14,IVL.BK,1584900.0,3.107777890179024
2026-08-14,JAS.BK,-1069700.0,-13.499403209518764
2026-08-14,JAS-W4.BK,-750000.0,-48.55481450118668
2026-08-14,JCK.BK,5600.0,12.549582054097662
2026-08-14,JDF.BK,3900.0,0.1863887467077295
2026-08-14,JMART.BK,508600.0,4.085585874701363
2026-08-14,JMT.BK,467501.0,6.201940042292497
2026-08-14,JPARK.BK,-28500.0,-4.245632956837555
2026-08-14,JR.BK,500.0,0.5263157894736842
2026-08-14,JTS.BK,-6000.0,-3.079244353435667
2026-08-14,KAMART.BK,98914.0,10.19185591229444
2026-08-14,KBANK.BK,-1442651.0,-15.069569205850495
2026-08-14,KBS.BK,100.0,0.0087741618481894
2026-08-14,KCAR.BK,-13800.0,-33.65853658536586
2026-08-14,KCC.BK,-8200.0,-0.7992981772102545
2026-08-14,KCE.BK,13722660.0,28.523933728133095
2026-08-14,KCG.BK,-268200.0,-12.105477435155354
2026-08-14,KCM.BK,-100.0,-0.1055821270575317
2026-08-14,KGEN.BK,665800.0,3.996666763111714
2026-08-14,KGI.BK,248400.0,4.52528090808761
2026-08-14,KIAT.BK,1600.0,0.4317218416174458
2026-08-14,KISS.BK,-790100.0,-37.224409337527064
2026-08-14,KKP.BK,100750.0,1.536175835489062
2026-08-14,KLINIQ.BK,261800.0,39.18053125687493
2026-08-14,KSL.BK,3328000.0,37.43481527808398
2026-08-14,KTB.BK,-9125597.0,-15.910505088090746
2026-08-14,KTC.BK,-4861100.0,-19.908746017667184
2026-08-14,KTMS.BK,-627000.0,-29.660774406394236
2026-08-14,KUMWEL.BK,-18200.0,-0.3668114631403858
2026-08-14,KWM.BK,-220000.0,-23.019776080359943
2026-08-14,KYE.BK,-300.0,-5.517748758506529
2026-08-14,LANNA.BK,6100.0,1.7963472309749158
2026-08-14,LEE.BK,60.0,0.0315806095057634
2026-08-14,LH.BK,-7738000.0,-15.174872262796626
2026-08-14,LHFG.BK,179000.0,2.7875810306200983
2026-08-14,LOXLEY.BK,-52000.0,-0.4597902790431835
2026-08-14,LPN.BK,-63500.0,-11.185268560940338
2026-08-14,LTS.BK,57400.0,2.217156153458107
2026-08-14,M.BK,1551700.0,17.56119709939771
2026-08-14,MADAME.BK,-30400.0,-1.4623708880439634
2026-08-14,MAGURO.BK,-132449.0,-6.904315216558388
2026-08-14,MAJOR.BK,245100.0,15.753021417939031
2026-08-14,MALEE.BK,-20100.0,-2.1227633097787573
2026-08-14,MASTEC.BK,-393600.0,-7.941888619854722
2026-08-14,MASTER.BK,-64500.0,-10.10620129046006
2026-08-14,MBK.BK,-567500.0,-6.739116623530382
2026-08-14,MC.BK,28900.0,2.162417777618153
2026-08-14,MCS.BK,-8500.0,-1.9430925346384815
2026-08-14,MDX.BK,25100.0,1.6086639693238678
2026-08-14,MEB.BK,-527700.0,-21.76312221001475
2026-08-14,MEDEZE.BK,-28300.0,-5.975431054505222
2026-08-14,MEGA.BK,-416200.0,-14.5321127569045
2026-08-14,MENA.BK,11300.0,0.5838830704395502
2026-08-14,METCO.BK,-1600.0,-17.364879531148254
2026-08-14,MFC.BK,1900.0,0.5421121259069678
2026-08-14,MFEC.BK,-3300.0,-0.8350096785212738
2026-08-14,MGC.BK,-2218100.0,-13.122011039148388
2026-08-14,MGI.BK,-2100.0,-7.52068187515668
2026-08-14,MICRO.BK,701500.0,8.964987983848964
2026-08-14,MIDA.BK,5700.0,0.1214781978602787
2026-08-14,MINT.BK,-2684600.0,-12.832334691915223
2026-08-14,ML.BK,-823900.0,-12.411455959140866
2026-08-14,MODERN.BK,500.0,0.1999200319872051
2026-08-14,MONO.BK,15500.0,0.2701437007630426
2026-08-14,MOONG.BK,2500.0,0.3224192275351179
2026-08-14,MORE.BK,-100.0,-0.0231107002542177
2026-08-14,MOSHI.BK,58100.0,10.591945745902684
2026-08-14,MPJ.BK,-22800.0,-0.6528048706114978
2026-08-14,MRDIYT.BK,-785700.0,-30.596723732262895
2026-08-14,MST.BK,700.0,0.969529085872576
2026-08-14,MTC.BK,10500.0,0.0499885359624192
2026-08-14,MTI.BK,9600.0,58.50091407678245
2026-08-14,MTW.BK,18000.0,33.02752293577982
2026-08-14,NAT.BK,100.0,0.5288766659614977
2026-08-14,NCAP.BK,1147300.0,5.8438426232247025
2026-08-14,NCP.BK,4000.0,5.062842532940119
2026-08-14,NDR.BK,400.0,0.0605052185751021
2026-08-14,NEO.BK,-136810.0,-18.98938865022798
2026-08-14,NER.BK,-3115200.0,-17.422506979740852
2026-08-14,NETBAY.BK,-134100.0,-12.718652221211602
2026-08-14,NEX.BK,-726800.0,-10.813155867446302
2026-08-14,NKT.BK,100.0,0.0530222693531283
2026-08-14,NNCL.BK,20100.0,1.087926077317445
2026-08-14,NOBLE.BK,100.0,0.0069149359158313
2026-08-14,NSL.BK,-4500.0,-1.2592167671708197
2026-08-14,NTF.BK,-2000.0,-0.1959287955571186
2026-08-14,NTV.BK,1000.0,2.3288851626726284
2026-08-14,NUT.BK,-100.0,-0.0128083777036884
2026-08-14,NV.BK,-58500.0,-48.30319544216002
2026-08-14,NYT.BK,-474400.0,-21.123057393359502
2026-08-14,OKJ.BK,34100.0,4.798552272557769
2026-08-14,ONEE.BK,-2000.0,-0.2326820562578676
2026-08-14,OR.BK,-1309700.0,-17.358791657388853
2026-08-14,ORI.BK,-448600.0,-17.22340709400118
2026-08-14,OSP.BK,383200.0,3.6182849159537183
2026-08-14,PACO.BK,600.0,0.2282175826432921
2026-08-14,PAF.BK,900.0,0.1678662889053439
2026-08-14,PAP.BK,900.0,0.0519696497245608
2026-08-14,PCC.BK,10000.0,1.016569059094176
2026-08-14,PCE.BK,-2753200.0,-21.62882355760053
2026-08-14,PCSGH.BK,-19800.0,-18.6442433544572
2026-08-14,PDJ.BK,-1.0,-0.0065763514402209
2026-08-14,PEER.BK,100.0,0.0231749710312862
2026-08-14,PHOL.BK,-100.0,-0.0342063945433959
2026-08-14,PIMO.BK,4000.0,0.3357273491052446
2026-08-14,PIN.BK,76100.0,7.365466511807975
2026-08-14,PIS.BK,-123900.0,-11.009418873289498
2026-08-14,PK.BK,3300.0,0.7607192254495159
2026-08-14,PLANB.BK,4633600.0,9.522490152547883
2026-08-14,PLAT.BK,-324600.0,-17.695159180113386
2026-08-14,PLE.BK,8000.0,2.6542800265428004
2026-08-14,PLUS.BK,-2700.0,-0.0893054713493163
2026-08-14,PM.BK,28100.0,2.547648275849564
2026-08-14,PMC.BK,-152000.0,-9.109951723249257
2026-08-14,POLY.BK,300.0,1.1764705882352942
2026-08-14,PORT.BK,44800.0,2.379026755023437
2026-08-14,PPPM.BK,1200.0,0.1098398169336384
2026-08-14,PQS.BK,158100.0,4.228968837769158
2026-08-14,PR9.BK,-190800.0,-9.382662138597851
2026-08-14,PREB.BK,-200.0,-0.1317523056653491
2026-08-14,PRINC.BK,400.0,0.1190600211331537
2026-08-14,PRM.BK,203000.0,3.1111216007165083
2026-08-14,PROUD.BK,2900.0,0.0835707896459826
2026-08-14,PRTR.BK,-9900.0,-2.1573327522336023
2026-08-14,PSGC.BK,-3010.0,-0.2815404847734301
2026-08-14,PSH.BK,148600.0,9.473844602171845
2026-08-14,PSL.BK,2188600.0,21.20823979749552
2026-08-14,PSP.BK,310400.0,20.40224766514548
2026-08-14,PT.BK,16120.0,4.570637904538315
2026-08-14,PTG.BK,-449600.0,-7.141627236285567
2026-08-14,PTL.BK,-59200.0,-14.368374043726456
2026-08-14,PTT.BK,58193849.0,33.605074865699464
2026-08-14,PTTEP.BK,-3605400.0,-24.74822249567709
2026-08-14,PTTGC.BK,-3242700.0,-11.05406003622372
2026-08-14,PYLON.BK,738600.0,32.58593625227321
2026-08-14,QDC.BK,-1667.0,-0.0207928525473676
2026-08-14,QH.BK,-1354400.0,-9.092903641270182
2026-08-14,QTC.BK,101.0,0.0284065340653406
2026-08-14,QTCG.BK,-200.0,-0.2311871459946826
2026-08-14,RABBIT.BK,-421100.0,-8.49521002091827
2026-08-14,RABBIT-P.BK,-100.0,-0.0290354144950596
2026-08-14,RAM.BK,-1000.0,-1.7824041066590617
2026-08-14,RATCH.BK,-2019900.0,-17.64211580665974
2026-08-14,RBF.BK,-696400.0,-25.8877444354732
2026-08-14,RCL.BK,1038600.0,16.44615215303504
2026-08-14,RJH.BK,44600.0,5.557819390808164
2026-08-14,RML.BK,18000.0,7.100591715976331
2026-08-14,ROCTEC.BK,17800.0,0.7022067438673287
2026-08-14,ROJNA.BK,950000.0,11.873073593809403
2026-08-14,RPC.BK,2200.0,0.160043881122315
2026-08-14,RS.BK,3800.0,0.3173603635279448
2026-08-14,S.BK,14900.0,0.1980602589697702
2026-08-14,S11.BK,-500000.0,-51.55946765880831
2026-08-14,SABINA.BK,-31500.0,-4.187053630175497
2026-08-14,SAFE.BK,1000.0,0.607164541590771
2026-08-14,SAK.BK,-480000.0,-20.501387046967395
2026-08-14,SALEE.BK,100.0,0.0030614744060739
2026-08-14,SAMART.BK,-288400.0,-19.991141234917396
2026-08-14,SANKO.BK,-41100.0,-0.4487703528546981
2026-08-14,SAPPE.BK,-227400.0,-39.99219149822989
2026-08-14,SAT.BK,-591500.0,-31.852175748620365
2026-08-14,SAUCE.BK,-18300.0,-69.82867172892739
2026-08-14,SAV.BK,35600.0,9.033079848873529
2026-08-14,SAWAD.BK,-2177300.0,-8.835407075159273
2026-08-14,SC.BK,4251000.0,24.10494719026249
2026-08-14,SCAP.BK,-1689300.0,-8.658635709007104
2026-08-14,SCB.BK,-2581180.0,-19.5730342889429
2026-08-14,SCC.BK,-1048001.0,-28.23546306115235
2026-08-14,SCCC.BK,3400.0,1.5745551881593451
2026-08-14,SCG.BK,-900.0,-10.344827586206897
2026-08-14,SCGD.BK,56200.0,5.535391540306416
2026-08-14,SCGP.BK,-812000.0,-15.950113074908764
2026-08-14,SCM.BK,-93200.0,-9.145781998706637
2026-08-14,SCN.BK,300.0,0.3524850193866761
2026-08-14,SCP.BK,-14600.0,-23.35103320324995
2026-08-14,SE-ED.BK,10.0,0.9871668311944718
2026-08-14,SEAFCO.BK,-105800.0,-9.474038626855409
2026-08-14,SEAOIL.BK,318100.0,13.32333141085326
2026-08-14,SECURE.BK,-22500.0,-0.9353864164431784
2026-08-14,SEI.BK,-1300.0,-0.554382822661464
2026-08-14,SENA.BK,300.0,0.1223456100356025
2026-08-14,SFLEX.BK,-45700.0,-1.977467258204867
2026-08-14,SGC.BK,-2756700.0,-3.948590262894152
2026-08-14,SGP.BK,47900.0,15.347005731898385
2026-08-14,SHR.BK,-275900.0,-4.067696855002456
2026-08-14,SICT.BK,115000.0,3.796306688762272
2026-08-14,SIMAT.BK,-54500.0,-6.880444388334807
2026-08-14,SINGER.BK,1065800.0,14.68459736192545
2026-08-14,SIRI.BK,-16099100.0,-30.768569788708827
2026-08-14,SIS.BK,-43800.0,-2.956894153990727
2026-08-14,SISB.BK,-343500.0,-2.863661453357791
2026-08-14,SITHAI.BK,500.0,0.0236417797531798
2026-08-14,SJWD.BK,-228600.0,-6.177039463337946
2026-08-14,SK.BK,1000.0,0.6523157208088715
2026-08-14,SKE.BK,-100.0,-0.0327545602536513
2026-08-14,SKN.BK,-400000.0,-49.218653869816656
2026-08-14,SKR.BK,-300.0,-1.7045454545454544
2026-08-14,SKY.BK,174500.0,7.826400129528044
2026-08-14,SMART.BK,10000.0,0.5143784199735199
2026-08-14,SMD100.BK,600.0,0.8581972137197127
2026-08-14,SMIT.BK,-7300.0,-11.831442463533223
2026-08-14,SMO.BK,-114300.0,-9.498633376851425
2026-08-14,SMPC.BK,17200.0,5.371508519462349
2026-08-14,SMT.BK,-156800.0,-1.3999122554997
2026-08-14,SNC.BK,4000.0,2.047386766715633
2026-08-14,SNNP.BK,-64500.0,-10.48258915076401
2026-08-14,SO.BK,-14900.0,-17.528380683489207
2026-08-14,SOLAR.BK,5600.0,0.2613643311430069
2026-08-14,SPA.BK,-2091000.0,-35.188211494782095
2026-08-14,SPACK.BK,10100.0,1.0083865814696484
2026-08-14,SPALI.BK,1071677.0,14.949555849025916
2026-08-14,SPCG.BK,-128400.0,-9.706440646702948
2026-08-14,SPG.BK,500.0,19.960079840319363
2026-08-14,SPRC.BK,3268800.0,15.683344597980671
2026-08-14,SPVI.BK,-124600.0,-4.778994516429807
2026-08-14,SQ.BK,11700.0,2.0343721962178063
2026-08-14,SR.BK,-16800.0,-0.5394306117239464
2026-08-14,SRICHA.BK,-1516100.0,-37.100153529690154
2026-08-14,SRS.BK,4800.0,0.5559982949385622
2026-08-14,SSP.BK,-5000.0,-0.943654396014004
2026-08-14,STA.BK,251800.0,3.722216235337491
2026-08-14,STANLY.BK,-4300.0,-22.540231692614142
2026-08-14,STARM.BK,-1000.0,-2.0161290322580645
2026-08-14,STECH.BK,-100.0,-0.0327118089630356
2026-08-14,STECON.BK,-3413525.0,-14.43207790043322
2026-08-14,STELLA.BK,500.0,0.0900738605656638
2026-08-14,STGT.BK,-163600.0,-8.87080507436077
2026-08-14,STOWER.BK,24700.0,6.049473426402155
2026-08-14,STPI.BK,-2182300.0,-14.145420339951595
2026-08-14,SUC.BK,20300.0,12.343201814389865
2026-08-14,SUPER.BK,-1603600.0,-3.2722826922487505
2026-08-14,SUSCO.BK,1671700.0,24.43046487885021
2026-08-14,SVOA.BK,-87500.0,-1.6279869374049256
2026-08-14,SVT.BK,100.0,0.0217656277207034
2026-08-14,SWC.BK,-200.0,-0.0784861589658663
2026-08-14,SYNEX.BK,-304000.0,-13.510498635172985
2026-08-14,SYNTEC.BK,160700.0,5.178855830579549
2026-08-14,TACC.BK,-123400.0,-5.19716590204311
2026-08-14,TAE.BK,-297800.0,-24.45795006570302
2026-08-14,TAKUNI.BK,3300.0,0.1668772860291853
2026-08-14,TASCO.BK,6012800.0,29.056848936280023
2026-08-14,TCAP.BK,1234450.0,13.639852212927767
2026-08-14,TCC.BK,42200.0,24.867413081909252
2026-08-14,TCJ.BK,100.0,90.9090909090909
2026-08-14,TCMC.BK,400.0,0.2059954989983469
2026-08-14,TEAM.BK,1564500.0,6.672516758594144
2026-08-14,TEAMG.BK,-564200.0,-23.803888362210632
2026-08-14,TEGH.BK,-10700.0,-1.233570171120393
2026-08-14,TFG.BK,-2988800.0,-21.66942126230759
2026-08-14,TFM.BK,-107600.0,-20.883674439818723
2026-08-14,TFMAMA.BK,2500.0,21.040228917690623
2026-08-14,TGE.BK,-700.0,-0.0376960396002281
2026-08-14,TGPRO.BK,-1000.0,-0.1330849081714133
2026-08-14,TH.BK,1400.0,0.1600164588357659
2026-08-14,THAI.BK,-15975900.0,-11.758235331601607
2026-08-14,THANI.BK,345200.0,2.0029113000402905
2026-08-14,THCOM.BK,-366900.0,-12.062634960797258
2026-08-14,THG.BK,-200900.0,-9.280834637608583
2026-08-14,THMUI.BK,-10000.0,-0.9502993442934524
2026-08-14,THRE.BK,-40000.0,-3.7013047099102434
2026-08-14,THREL.BK,-112800.0,-7.434116134338696
2026-08-14,TIDLOR.BK,-2828400.0,-19.98601600704358
2026-08-14,TIPCO.BK,200.0,0.0402812436431162
2026-08-14,TIPH.BK,-68800.0,-17.35646856410541
2026-08-14,TISCO.BK,-454400.0,-19.796976430096283
2026-08-14,TITLE.BK,-158200.0,-52.21104880841977
2026-08-14,TKC.BK,200.0,0.1274697259400892
2026-08-14,TKN.BK,1388700.0,18.53638013207588
2026-08-14,TKS.BK,900.0,0.1040855907377702
2026-08-14,TLI.BK,-3757900.0,-26.681285200282524
2026-08-14,TMAN.BK,-128600.0,-16.620999844905135
2026-08-14,TMC.BK,-100000.0,-21.64277304522474
2026-08-14,TMT.BK,15200.0,0.3056357626014429
2026-08-14,TMW.BK,-4900.0,-10.147238501522086
2026-08-14,TNDT.BK,-100.0,-0.0070361043623143
2026-08-14,TNP.BK,100.0,0.0229001690032472
2026-08-14,TNR.BK,-300.0,-0.089605734767025
2026-08-14,TOA.BK,-1971700.0,-10.691096393976744
2026-08-14,TOG.BK,-55900.0,-12.483195698098712
2026-08-14,TOP.BK,2838261.0,10.916786504369467
2026-08-14,TOPP.BK,-15300.0,-98.70967741935485
2026-08-14,TPAC.BK,11700.0,5.4647361046240075
2026-08-14,TPBI.BK,8400.0,1.4578170231376388
2026-08-14,TPCH.BK,900.0,0.1910162915672674
2026-08-14,TPIPL.BK,-7256800.0,-13.472313567615592
2026-08-14,TPIPP.BK,-812300.0,-16.2213532758327
2026-08-14,TPOLY.BK,3600.0,5.980066445182724
2026-08-14,TPS.BK,-659400.0,-70.4939063502245
2026-08-14,TQM.BK,-3400.0,-1.0257152855712028
2026-08-14,TQR.BK,1300.0,1.1187029929607766
2026-08-14,TRC.BK,100.0,0.0072426924854168
2026-08-14,TRITN.BK,-1000.0,-0.0931970792035377
2026-08-14,TRP.BK,24300.0,11.456859971711458
2026-08-14,TRT.BK,1347300.0,19.646425584186968
2026-08-14,TRUBB.BK,-322100.0,-6.775545183167956
2026-08-14,TRUE.BK,3803087.0,2.79911970839831
2026-08-14,TSE.BK,-48300.0,-0.5944065970025417
2026-08-14,TSI.BK,-440400.0,-99.95460735360872
2026-08-14,TSTH.BK,1830200.0,9.423140291622046
2026-08-14,TTA.BK,3036300.0,24.57493647852807
2026-08-14,TTB.BK,-1147197.0,-0.1387748435336463
2026-08-14,TTW.BK,-1352000.0,-22.07339731135572
2026-08-14,TU.BK,-4957500.0,-20.34442840281648
2026-08-14,TURBO.BK,-79200.0,-0.3497724315199016
2026-08-14,TVO.BK,-30100.0,-9.318048843911846
2026-08-14,TWPC.BK,2000.0,0.119268194213942
2026-08-14,TWZ.BK,1015800.0,3.0226294608891298
2026-08-14,UBA.BK,20000.0,4.488330341113106
2026-08-14,UBE.BK,718000.0,11.915331447015774
2026-08-14,UBIS.BK,200.0,0.0082801848965287
2026-08-14,UKEM.BK,-2115200.0,-5.844155395627797
2026-08-14,UNIQ.BK,0.0,0.0
2026-08-14,UNIX.BK,13694700.0,12.965225339416586
2026-08-14,UPF.BK,-22.0,-1.2775842044134729
2026-08-14,UREKA.BK,-187600.0,-5.149727786377433
2026-08-14,UTP.BK,742400.0,21.521423150488204
2026-08-14,UV.BK,-37300.0,-3.748698508158695
2026-08-14,UVAN.BK,-198200.0,-6.424704056801904
2026-08-14,VCOM.BK,300.0,0.09301748728761
2026-08-14,VGI.BK,20946400.0,19.67497350302456
2026-08-14,VIBHA.BK,-29600.0,-5.27509815068603
2026-08-14,VIH.BK,-1100.0,-0.4011655683239667
2026-08-14,VNG.BK,100.0,0.1307121196277318
2026-08-14,VPO.BK,2000.0,0.083977158212966
2026-08-14,WARRIX.BK,100.0,0.0476079390999243
2026-08-14,WASH.BK,-15500.0,-3.078988979205899
2026-08-14,WAVE.BK,300.0,0.0017159722698881
2026-08-14,WFX.BK,-199.0,-0.2871117138693714
2026-08-14,WHA.BK,5422356.0,3.0875981608256633
2026-08-14,WHAUP.BK,-833400.0,-9.87251262198488
2026-08-14,WICE.BK,659300.0,14.674103801311787
2026-08-14,WIIK.BK,120300.0,2.02358017591186
2026-08-14,WINNER.BK,100.0,0.0143040848175013
2026-08-14,WORK.BK,-500.0,-0.374515003071023
2026-08-14,WPH.BK,-110100.0,-35.521285347873075
2026-08-14,XBIO.BK,413200.0,80.38238046233487
2026-08-14,XO.BK,1943000.0,34.43473686934188
2026-08-14,XPG.BK,1658400.0,9.974212834690052
2026-08-14,YUASA.BK,-10000.0,-11.59178374368248
2026-08-14,ZIGA.BK,-80300.0,-0.3729008537897083
2026-08-17,2S.BK,-14930.0,-1.929755852924944
2026-08-17,88TH.BK,8900.0,2.06973856178751
2026-08-17,AAI.BK,950698.0,19.887373677153217
2026-08-17,AAV.BK,-507700.0,-4.018247290710416
2026-08-17,ACE.BK,-1500.0,-0.1776497646732784
2026-08-17,ADB.BK,234300.0,5.68147098448762
2026-08-17,ADVANC.BK,-354710.0,-9.707449210426496
2026-08-17,ADVICE.BK,1282200.0,17.115685320209618
2026-08-17,AEONTS.BK,144500.0,30.616677084105813
2026-08-17,AGE.BK,-684200.0,-22.170283460132534
2026-08-17,AH.BK,60500.0,8.405451178221963
2026-08-17,AI.BK,9045.0,0.8242975016814029
2026-08-17,AIE.BK,1989401.0,7.649569895516171
2026-08-17,AIT.BK,-5000.0,-0.5594637204561196
2026-08-17,AJ.BK,2101400.0,11.612276188489998
2026-08-17,AJA.BK,400.0,0.007669715953987
2026-08-17,AKP.BK,-109800.0,-11.590824880370654
2026-08-17,AKR.BK,5700.0,0.1305452830668339
2026-08-17,ALLA.BK,-504200.0,-23.32132268255341
2026-08-17,ALPHAX.BK,4200.0,0.1510737023848063
2026-08-17,ALT.BK,-432200.0,-10.593630585738062
2026-08-17,AMANAH.BK,-14.0,-0.0013700185148216
2026-08-17,AMARC.BK,-160300.0,-2.057862523999838
2026-08-17,AMARIN.BK,-200.0,-6.872852233676976
2026-08-17,AMATA.BK,-2953900.0,-22.28783212182214
2026-08-17,ANAN.BK,-2300.0,-0.2438439992112177
2026-08-17,ANI.BK,-2000.0,-1.572339405184003
2026-08-17,AOT.BK,5726500.0,11.434739635581147
2026-08-17,AP.BK,1647400.0,22.21616569262477
2026-08-17,APO.BK,292700.0,6.317190289872057
2026-08-17,APP.BK,-400.0,-0.0212513202382698
2026-08-17,APURE.BK,149.0,0.0450590757748497
2026-08-17,AQUA.BK,11700.0,0.1008819757622862
2026-08-17,AS.BK,40900.0,4.749380200077802
2026-08-17,ASEFA.BK,326100.0,15.667331763557335
2026-08-17,ASIAN.BK,-38100.0,-8.136748632129265
2026-08-17,ASK.BK,458800.0,32.679319574969405
2026-08-17,ASP.BK,1854700.0,19.340838931699945
2026-08-17,ASW.BK,-1000.0,-0.7542558888528522
2026-08-17,ATLAS.BK,-106100.0,-1.982840672491347
2026-08-17,AU.BK,67900.0,1.3048495627600931
2026-08-17,AUCT.BK,-81400.0,-17.26573536336525
2026-08-17,AURA.BK,176200.0,7.6415431059793555
2026-08-17,AWC.BK,-6988676.0,-11.63456831952453
2026-08-17,AYUD.BK,189.0,0.2242604743880299
2026-08-17,BA.BK,-1568200.0,-31.942764562556043
2026-08-17,BAFS.BK,-6000.0,-1.6500243378589834
2026-08-17,BAM.BK,555200.0,5.680629330239273
2026-08-17,BANPU.BK,-212917.0,-4.040573301894401
2026-08-17,BAY.BK,-900.0,-0.0768617845769143
2026-08-17,BBGI.BK,991800.0,16.29454116441731
2026-08-17,BBIK.BK,200900.0,16.86690342459428
2026-08-17,BBL.BK,-221896.0,-3.858686409214549
2026-08-17,BCH.BK,-51100.0,-0.7797229313309764
2026-08-17,BCP.BK,1669177.0,12.051456645673555
2026-08-17,BCPG.BK,167800.0,3.751555788965821
2026-08-17,BDMS.BK,-1750900.0,-5.940196682290401
2026-08-17,BE8.BK,16700.0,3.5319621424417065
2026-08-17,BEAUTY.BK,33600.0,0.6914341393548467
2026-08-17,BEC.BK,5599.0,0.2207431541630132
2026-08-17,BEM.BK,1521450.0,3.9319242790128306
2026-08-17,BGRIM.BK,-545700.0,-2.141356360311049
2026-08-17,BH.BK,-970700.0,-17.017258659351366
2026-08-17,BIOTEC.BK,1600.0,0.0138526663309126
2026-08-17,BIS.BK,4600.0,0.2994173728468799
2026-08-17,BIZ.BK,8300.0,2.213280214608183
2026-08-17,BJC.BK,2599691.0,35.003504132587494
2026-08-17,BKGI.BK,200.0,0.0079402543501675
2026-08-17,BKIH.BK,500.0,4.746535029428517
2026-08-17,BLA.BK,153300.0,8.627860616996154
2026-08-17,BLAND.BK,-1872100.0,-4.729239124006783
2026-08-17,BLC.BK,68700.0,6.9295805334264005
2026-08-17,BOL.BK,2700.0,1.117013354515216
2026-08-17,BR.BK,100.0,0.055005500550055
2026-08-17,BRI.BK,-100.0,-0.0217060994139353
2026-08-17,BRR.BK,-20000.0,-45.24784507137847
2026-08-17,BTC.BK,-199300.0,-2.5819426728405284
2026-08-17,BTG.BK,-2300.0,-0.0700198886927317
2026-08-17,BTS.BK,-4454640.0,-4.558610555838389
2026-08-17,BTW.BK,-100.0,-0.0053656704405215
2026-08-17,BUI.BK,9700.0,20.05292317869842
2026-08-17,BWG.BK,-1769800.0,-8.503255913890047
2026-08-17,BYD.BK,-29900.0,-2.793110824845795
2026-08-17,CBG.BK,-441000.0,-2.293475996901467
2026-08-17,CCET.BK,19230315.0,6.913901157496808
2026-08-17,CCP.BK,100100.0,12.879319107325514
2026-08-17,CENTEL.BK,-423800.0,-19.988482332737956
2026-08-17,CFRESH.BK,47100.0,2.764730259767246
2026-08-17,CHARAN.BK,5600.0,10.677038647066674
2026-08-17,CHASE.BK,47200.0,5.599456188407465
2026-08-17,CHAYO.BK,-60100.0,-1.7633444982478048
2026-08-17,CHEWA.BK,100.0,0.0065294182941241
2026-08-17,CHG.BK,-1376900.0,-4.644474249495261
2026-08-17,CIVIL.BK,-700.0,-0.1538454776022962
2026-08-17,CK.BK,5962600.0,22.930215055851683
2026-08-17,CKP.BK,-521500.0,-7.025540906026688
2026-08-17,CMC.BK,-100.0,-0.1200048001920076
2026-08-17,CMO.BK,24300.0,3.6484459572065817
2026-08-17,CMR.BK,15000.0,1.7333005161768935
2026-08-17,CNT.BK,2631100.0,15.23036278259903
2026-08-17,COCOCO.BK,281600.0,14.505011337191034
2026-08-17,COM7.BK,1761300.0,10.693796232089804
2026-08-17,COMAN.BK,-1200.0,-1.572533088717075
2026-08-17,CPALL.BK,-2126610.0,-7.976894796182782
2026-08-17,CPANEL.BK,-10.0,-0.0786782061369
2026-08-17,CPAXT.BK,-125800.0,-2.511118385857892
2026-08-17,CPF.BK,5054600.0,14.12133823999503
2026-08-17,CPH.BK,-100.0,-0.0037333868949906
2026-08-17,CPI.BK,-73000.0,-17.908265523154405
2026-08-17,CPL.BK,100.0,0.0022874344364104
2026-08-17,CPN.BK,-854700.0,-16.144338356016377
2026-08-17,CPR.BK,5500.0,0.8294049697945791
2026-08-17,CPW.BK,-3300.0,-1.142647410172332
2026-08-17,CRC.BK,7090014.0,12.198336298176988
2026-08-17,CREDIT.BK,-56500.0,-13.516649402037784
2026-08-17,CSS.BK,415800.0,22.744913984511797
2026-08-17,CTW.BK,-55500.0,-8.904933814681106
2026-08-17,CWT-W8.BK,-5000.0,-0.2189812989970656
2026-08-17,D.BK,0.0,0.0
2026-08-17,DCC.BK,-39174.0,-3.280464929322704
2026-08-17,DELTA.BK,42698.0,0.1935127850413683
2026-08-17,DEMCO.BK,31800.0,9.037736814283036
2026-08-17,DEMCO-W8.BK,-54900.0,-0.7097315572893632
2026-08-17,DEXON.BK,160000.0,34.11513859275053
2026-08-17,DITTO.BK,-41800.0,-2.1637839508313745
2026-08-17,DMT.BK,-71800.0,-19.07459014869148
2026-08-17,DOHOME.BK,6462500.0,20.199817690589303
2026-08-17,DRT.BK,-1000.0,-0.2420199956920441
2026-08-17,DTCENT.BK,100.0,0.0057665803601806
2026-08-17,DUSIT.BK,-16900.0,-2.4692259926215434
2026-08-17,EA.BK,3335300.0,7.400500237693337
2026-08-17,EASON.BK,10000.0,3.2849676594933923
2026-08-17,EAST.BK,-97200.0,-11.46630710592532
2026-08-17,EASTW.BK,-277114.0,-12.60644538491388
2026-08-17,EFORL.BK,-750000.0,-59.43324457968809
2026-08-17,EGCO.BK,71100.0,5.643448361256893
2026-08-17,EKH.BK,9700.0,2.2852404096470127
2026-08-17,EP.BK,100.0,0.1776198934280639
2026-08-17,EPG.BK,5999500.0,24.06120493557296
2026-08-17,ERW.BK,2059980.0,5.3969994016346305
2026-08-17,ESTAR.BK,1336300.0,30.157977883096365
2026-08-17,ETC.BK,-113800.0,-12.369229097035408
2026-08-17,ETL.BK,-27.0,-0.0029077468838645
2026-08-17,EVER.BK,200.0,0.1324503311258278
2026-08-17,FLOYD.BK,-25000.0,-6.004952885139663
2026-08-17,FM.BK,83100.0,5.56180970980873
2026-08-17,FMT.BK,97.0,2.0620748299319724
2026-08-17,FORTH.BK,-60300.0,-0.6258951832123909
2026-08-17,FPI.BK,1600.0,0.7714449646340699
2026-08-17,FPT.BK,-700.0,-2.040756829246961
2026-08-17,FSMART.BK,51600.0,4.560930854166887
2026-08-17,FSX.BK,-4400.0,-10.918114143920596
2026-08-17,FTE.BK,300.0,0.10841910489187
2026-08-17,FTI.BK,31200.0,23.762195261269905
2026-08-17,GABLE.BK,-30800.0,-3.663177925784967
2026-08-17,GBX.BK,7300.0,0.1685223750389275
2026-08-17,GEL.BK,2000000.0,32.745186130187
2026-08-17,GENCO.BK,-40020.0,-10.47589131459086
2026-08-17,GFPT.BK,4838600.0,38.66192319136893
2026-08-17,GGC.BK,100.0,0.0406667724002749
2026-08-17,GLOBAL.BK,182899.0,1.4252039303427575
2026-08-17,GLORY.BK,6000.0,93.75
2026-08-17,GPI.BK,0.0,0.0
2026-08-17,GPSC.BK,-338800.0,-2.658885893849082
2026-08-17,GRAMMY.BK,400.0,0.2220741727737064
2026-08-17,GREEN.BK,17800.0,11.244472520530636
2026-08-17,GTV.BK,-663300.0,-3.3635390942328467
2026-08-17,GULF.BK,-3893809.0,-12.883096541608918
2026-08-17,GUNKUL.BK,-2870637.0,-2.4998180632072757
2026-08-17,HANA.BK,36958650.0,31.369300104131888
2026-08-17,HANN.BK,3500.0,0.3906524677516388
2026-08-17,HENG.BK,-48300.0,-2.488242667025221
2026-08-17,HFT.BK,20500.0,32.28346456692913
2026-08-17,HL.BK,100.0,0.1265774717415794
2026-08-17,HMPRO.BK,5344650.0,21.55750226207258
2026-08-17,HTC.BK,-125740.0,-21.395706565388437
2026-08-17,HTECH.BK,-2228800.0,-27.175910983772123
2026-08-17,HUMAN.BK,1790000.0,40.94924466944923
2026-08-17,I2.BK,-20000.0,-6.03118120683936
2026-08-17,ICC.BK,3.0,0.1238645747316267
2026-08-17,ICHI.BK,327200.0,7.020928891208218
2026-08-17,ICN.BK,302601.0,17.939884393063586
2026-08-17,III.BK,185200.0,12.587909761271517
2026-08-17,ILINK.BK,-81500.0,-16.739478262298384
2026-08-17,ILM.BK,400.0,0.3070946542498061
2026-08-17,IND.BK,300.0,0.0482858522452921
2026-08-17,INET.BK,-24500.0,-1.093009778645444
2026-08-17,INSET.BK,5473900.0,23.372874092800803
2026-08-17,IP.BK,8600.0,1.109000571264248
2026-08-17,IRC.BK,-100.0,-0.5227938101212881
2026-08-17,IRCP.BK,-100.0,-0.0339424878485893
2026-08-17,IROYAL.BK,4600.0,1.1773739442027131
2026-08-17,IRPC.BK,-15288200.0,-20.873451305201694
2026-08-17,IT.BK,-200.0,-0.1675617255506497
2026-08-17,ITC.BK,175770.0,1.8100560523189304
2026-08-17,ITD.BK,740400.0,4.344771592000832
2026-08-17,ITEL.BK,1252500.0,22.002260128373745
2026-08-17,IVL.BK,6591500.0,23.71609024556111
2026-08-17,JAS.BK,-2817800.0,-3.9802876740274065
2026-08-17,JAS-W4.BK,-10000.0,-0.0385601337573919
2026-08-17,JCT.BK,-100.0,-84.03361344537815
2026-08-17,JDF.BK,2000.0,0.4903162539838195
2026-08-17,JMART.BK,1691500.0,13.176454971967608
2026-08-17,JMT.BK,944500.0,9.027998552461511
2026-08-17,JPARK.BK,34900.0,7.881501956825629
2026-08-17,JR.BK,-3000.0,-3.601440576230492
2026-08-17,JTS.BK,116200.0,20.82362639331924
2026-08-17,JUBILE.BK,192.0,0.509175771719529
2026-08-17,KAMART.BK,81210.0,6.968554408955721
2026-08-17,KBANK.BK,-1292300.0,-20.200715989781937
2026-08-17,KBS.BK,-18300.0,-4.423056936585932
2026-08-17,KCC.BK,-48200.0,-5.24480280303154
2026-08-17,KCE.BK,-3660315.0,-10.495632515183164
2026-08-17,KCG.BK,-248100.0,-34.36211939901609
2026-08-17,KGEN.BK,-708100.0,-4.553792046369063
2026-08-17,KGI.BK,1722700.0,35.79443724483192
2026-08-17,KIAT.BK,1200.0,0.0438785733613181
2026-08-17,KISS.BK,-258000.0,-25.508942960817077
2026-08-17,KJL.BK,-800.0,-1.2364760432766615
2026-08-17,KKP.BK,454600.0,7.694024910971195
2026-08-17,KLINIQ.BK,189300.0,14.81963958448643
2026-08-17,KSL.BK,-665700.0,-22.29088109755383
2026-08-17,KTB.BK,-1212200.0,-6.605206245140225
2026-08-17,KTC.BK,1073900.0,9.644742263819222
2026-08-17,KUMWEL.BK,87300.0,11.15141915540454
2026-08-17,KYE.BK,0.0,0.0
2026-08-17,LALIN.BK,-26000.0,-31.21098626716604
2026-08-17,LANNA.BK,115000.0,22.335084533439503
2026-08-17,LEE.BK,-333.0,-0.1059133355385359
2026-08-17,LH.BK,-1475700.0,-6.333665589324042
2026-08-17,LHFG.BK,-570600.0,-7.403029845004738
2026-08-17,LHK.BK,55800.0,5.424295594947045
2026-08-17,LOXLEY.BK,-62700.0,-0.933214719311487
2026-08-17,LPN.BK,-4500.0,-1.5940319444001656
2026-08-17,LST.BK,-100.0,-0.1104972375690607
2026-08-17,LTS.BK,-626500.0,-20.076357453375746
2026-08-17,M.BK,432400.0,19.64112699369476
2026-08-17,MADAME.BK,96000.0,3.4780970461536236
2026-08-17,MAGURO.BK,-39037.0,-4.38237351154559
2026-08-17,MAJOR.BK,218500.0,4.72611769438998
2026-08-17,MALEE.BK,-10378.0,-1.1625861885477755
2026-08-17,MASTEC.BK,865400.0,29.815665868848967
2026-08-17,MASTER.BK,276700.0,28.301259595272555
2026-08-17,MBAX.BK,-45000.0,-30.405405405405407
2026-08-17,MBK.BK,268000.0,11.432398478808471
2026-08-17,MC.BK,126800.0,35.097334207998756
2026-08-17,MCS.BK,-300.0,-0.0376071333210483
2026-08-17,MDX.BK,16000.0,1.6051267749190916
2026-08-17,MEB.BK,20600.0,1.5278816143923482
2026-08-17,MEDEZE.BK,-2800.0,-0.5505297866107224
2026-08-17,MEGA.BK,29200.0,2.1185779698363834
2026-08-17,MENA.BK,-2100.0,-0.08323091307086
2026-08-17,METCO.BK,-16100.0,-84.51887238175232
2026-08-17,MFC.BK,-1000.0,-0.4441897756397443
2026-08-17,MFEC.BK,26300.0,15.757466822443906
2026-08-17,MGC.BK,1621700.0,12.57965453229431
2026-08-17,MGI.BK,-100.0,-0.1929421752300835
2026-08-17,MGT.BK,200.0,0.0443602585315867
2026-08-17,MICRO.BK,618900.0,8.034486107050668
2026-08-17,MIDA.BK,191000.0,7.40677545448905
2026-08-17,MINT.BK,297670.0,2.201457427383965
2026-08-17,ML.BK,646200.0,9.879084409759106
2026-08-17,MONO.BK,2100.0,0.0197906637826329
2026-08-17,MOONG.BK,500.0,0.1939480451976524
2026-08-17,MORE.BK,-200.0,-0.0260010400416016
2026-08-17,MOSHI.BK,54700.0,16.77718548144695
2026-08-17,MPJ.BK,-400.0,-0.0132160628027304
2026-08-17,MRDIYT.BK,-314000.0,-7.797720185019537
2026-08-17,MSC.BK,800.0,1.056803170409511
2026-08-17,MST.BK,-23400.0,-23.92638036809816
2026-08-17,MTC.BK,3675000.0,18.962989198681353
2026-08-17,MTW.BK,110700.0,0.8867517841574064
2026-08-17,NCAP.BK,269500.0,1.6079040865822043
2026-08-17,NDR.BK,110500.0,55.74895313051814
2026-08-17,NEO.BK,38100.0,3.7591685232288983
2026-08-17,NEP.BK,-300.0,-0.0569800569800569
2026-08-17,NER.BK,2868100.0,30.15514639350505
2026-08-17,NETBAY.BK,151800.0,24.69416970327954
2026-08-17,NEX.BK,-493300.0,-8.7081257952586
2026-08-17,NNCL.BK,100.0,0.0147391538251788
2026-08-17,NOBLE.BK,100.0,0.0057593103571405
2026-08-17,NOBLE-W3.BK,-250000.0,-1.3177764725348236
2026-08-17,NSL.BK,-8900.0,-1.0593964297149987
2026-08-17,NTF.BK,19200.0,1.5157495855372227
2026-08-17,NV.BK,-1400.0,-0.2432202359236288
2026-08-17,NYT.BK,616200.0,28.708561972197145
2026-08-17,OKJ.BK,44400.0,8.55915164156432
2026-08-17,ONEE.BK,-5500.0,-2.381086381484672
2026-08-17,ONSENS.BK,100000.0,5.227118289686896
2026-08-17,OR.BK,618400.0,9.666504047223311
2026-08-17,ORI.BK,-105670.0,-1.9142006260506637
2026-08-17,OSP.BK,3931900.0,13.921101531278682
2026-08-17,PACO.BK,-200.0,-0.0395018812770958
2026-08-17,PAP.BK,-9000.0,-0.6816451885316984
2026-08-17,PCC.BK,-9900.0,-2.3404144661254556
2026-08-17,PCE.BK,-176300.0,-6.431020646385059
2026-08-17,PEER.BK,100.0,0.0056022408963585
2026-08-17,PHOL.BK,-4000.0,-1.044596433225479
2026-08-17,PIN.BK,-939300.0,-28.261472629427193
2026-08-17,PIS.BK,634700.0,21.100791770059548
2026-08-17,PLANB.BK,7987900.0,8.15542865226628
2026-08-17,PLAT.BK,4108800.0,22.980756468916834
2026-08-17,PLE.BK,131300.0,0.8066200592217622
2026-08-17,PLUS.BK,6500.0,1.0835970086054274
2026-08-17,PM.BK,-421600.0,-48.34269189445791
2026-08-17,PMC.BK,145000.0,7.865652485708923
2026-08-17,POLY.BK,120985.0,42.65818098478571
2026-08-17,PORT.BK,5000.0,0.9331439673175655
2026-08-17,PPPM.BK,-300.0,-0.0156810843783469
2026-08-17,PQS.BK,300.0,0.0489077274209325
2026-08-17,PR9.BK,298300.0,13.149919218146271
2026-08-17,PREB.BK,-76900.0,-8.649195815993702
2026-08-17,PRIME.BK,-1200.0,-0.0075594103508738
2026-08-17,PRINC.BK,100.0,0.0151103052281656
2026-08-17,PRM.BK,-527300.0,-17.534432064633656
2026-08-17,PSH.BK,-30900.0,-1.2777946174659225
2026-08-17,PSL.BK,1581900.0,19.952091772306765
2026-08-17,PSP.BK,365200.0,10.50542243189598
2026-08-17,PT.BK,-30200.0,-4.772356991265955
2026-08-17,PTC.BK,-200.0,-0.4833252779120348
2026-08-17,PTG.BK,1834400.0,25.112227453479957
2026-08-17,PTL.BK,57300.0,46.80913635918047
2026-08-17,PTT.BK,620520.0,0.3699240580819402
2026-08-17,PTTEP.BK,1256200.0,13.136252595852971
2026-08-17,PTTGC.BK,-1185100.0,-6.244777356377234
2026-08-17,PYLON.BK,-6800.0,-0.4494925691607114
2026-08-17,Q-CON.BK,200.0,0.509917903217582
2026-08-17,QH.BK,-1312000.0,-11.056832625342093
2026-08-17,QLT.BK,-200.0,-5.88235294117647
2026-08-17,QTC.BK,100.0,0.0450243581777741
2026-08-17,QTCG.BK,-100.0,-0.0165234633179114
2026-08-17,RABBIT.BK,-172300.0,-1.7914461409983522
2026-08-17,RAM.BK,-1100.0,-7.852655625356938
2026-08-17,RATCH.BK,-1272800.0,-20.718148857490455
2026-08-17,RBF.BK,1078200.0,21.700338889172897
2026-08-17,RCL.BK,1208780.0,19.932103089329225
2026-08-17,RJH.BK,-127200.0,-21.262867210719698
2026-08-17,RML.BK,900.0,0.910010111223458
2026-08-17,ROCTEC.BK,254999.0,6.108635440477463
2026-08-17,ROJNA.BK,-1219800.0,-20.89865232989648
2026-08-17,RPH.BK,-900.0,-0.6521266574885878
2026-08-17,RS.BK,-259900.0,-3.4589964518335745
2026-08-17,RT.BK,-225900.0,-10.888846042610623
2026-08-17,SA.BK,-1300.0,-8.024691358024691
2026-08-17,SAAM-W3.BK,-5000.0,-3.1347962382445136
2026-08-17,SAAM-W4.BK,-10000.0,-5.167958656330749
2026-08-17,SABINA.BK,-91700.0,-14.293775271301154
2026-08-17,SAFE.BK,3000.0,1.1666025035289729
2026-08-17,SAK.BK,324100.0,16.663993023848896
2026-08-17,SAMART.BK,229800.0,26.584914391485427
2026-08-17,SAMTEL.BK,66100.0,13.8661050299768
2026-08-17,SANKO.BK,349600.0,9.994522452797607
2026-08-17,SAPPE.BK,13100.0,10.773469303836508
2026-08-17,SAT.BK,218800.0,11.569263828918718
2026-08-17,SAUCE.BK,-8900.0,-89.8626817447496
2026-08-17,SAV.BK,286700.0,33.811354576974786
2026-08-17,SAWAD.BK,603800.0,3.611683383014417
2026-08-17,SC.BK,7765900.0,33.30392006681798
2026-08-17,SCAP.BK,-339700.0,-4.623334980149737
2026-08-17,SCB.BK,374500.0,4.895568823919658
2026-08-17,SCC.BK,-369300.0,-22.80841854837664
2026-08-17,SCCC.BK,78100.0,17.977662581601557
2026-08-17,SCGD.BK,-6300.0,-2.843473551182524
2026-08-17,SCGP.BK,-209830.0,-2.600259889674528
2026-08-17,SCM.BK,-3400.0,-2.480864508314544
2026-08-17,SCN.BK,600.0,0.2106002106002106
2026-08-17,SCP.BK,-4900.0,-0.5225295549114579
2026-08-17,SE.BK,20000.0,0.514668039114771
2026-08-17,SEAFCO.BK,458900.0,3.7713771295768423
2026-08-17,SEAOIL.BK,-339400.0,-14.779024410210678
2026-08-17,SECURE.BK,10300.0,2.9550996987519724
2026-08-17,SEI.BK,2000.0,4.987531172069826
2026-08-17,SELIC.BK,428072.0,44.31313767059759
2026-08-17,SFLEX.BK,421700.0,13.876626686493868
2026-08-17,SGC.BK,3508500.0,7.84551318041742
2026-08-17,SGF.BK,67000.0,3.0017921146953404
2026-08-17,SGP.BK,9500.0,4.130147468002225
2026-08-17,SHR.BK,-546400.0,-12.877189228221782
2026-08-17,SICT.BK,885400.0,13.213980672128066
2026-08-17,SIMAT.BK,21700.0,3.7917176306133142
2026-08-17,SINGER.BK,1534200.0,28.91790816198628
2026-08-17,SIRI.BK,7908000.0,20.062002445595645
2026-08-17,SIS.BK,-34500.0,-2.2055424963288903
2026-08-17,SISB.BK,442200.0,9.569282732270429
2026-08-17,SITHAI.BK,19300.0,1.3923919128723383
2026-08-17,SJWD.BK,57900.0,1.197218483068353
2026-08-17,SKE.BK,-100.0,-0.0340483486550902
2026-08-17,SKIN.BK,600.0,0.3894131543763548
2026-08-17,SKN.BK,-215500.0,-73.29931972789116
2026-08-17,SKR.BK,-5600.0,-6.729879463051761
2026-08-17,SKY.BK,692400.0,38.110125272451064
2026-08-17,SMART.BK,-1400.0,-0.0781554422425699
2026-08-17,SMD100.BK,-42900.0,-1.204394101332498
2026-08-17,SMO.BK,-127500.0,-2.691862215501833
2026-08-17,SMPC.BK,27300.0,7.891176912670976
2026-08-17,SMT.BK,2384100.0,13.72444203330133
2026-08-17,SNC.BK,-12300.0,-29.56517558829892
2026-08-17,SNNP.BK,-14900.0,-4.550479785486107
2026-08-17,SOLAR.BK,600.0,0.0507945108065321
2026-08-17,SONIC.BK,-100.0,-0.0230255583697904
2026-08-17,SPA.BK,-132800.0,-6.428782355703366
2026-08-17,SPACK.BK,-6200.0,-0.1771833561957018
2026-08-17,SPALI.BK,3132000.0,31.71047967567834
2026-08-17,SPCG.BK,177700.0,15.99452747737409
2026-08-17,SPRC.BK,-4822000.0,-14.302413287541093
2026-08-17,SPREME.BK,22900.0,11.055378272560937
2026-08-17,SPVI.BK,-737800.0,-46.68394061053584
2026-08-17,SRICHA.BK,-18900.0,-1.6466254632767672
2026-08-17,SRS.BK,5000.0,1.001153328634587
2026-08-17,SSP.BK,32000.0,1.8986556924367644
2026-08-17,STA.BK,-2838000.0,-15.385902338987862
2026-08-17,STANLY.BK,3900.0,13.664073996216104
2026-08-17,STARM.BK,-1000.0,-2.0491803278688523
2026-08-17,STECH.BK,22700.0,0.589638569739437
2026-08-17,STECON.BK,-1548100.0,-5.917103674643309
2026-08-17,STELLA.BK,220000.0,2.796345938498184
2026-08-17,STGT.BK,366990.0,7.61751794576304
2026-08-17,STPI.BK,-100100.0,-0.5251471513731155
2026-08-17,STX.BK,-300.0,-0.0151146445791327
2026-08-17,SUC.BK,11300.0,8.252572538651982
2026-08-17,SUN.BK,400.0,0.3822776100003823
2026-08-17,SUPER.BK,-2500.0,-0.0092837801294871
2026-08-17,SUSCO.BK,-592300.0,-18.1544943484443
2026-08-17,SVOA.BK,708800.0,6.301245402748972
2026-08-17,SVT.BK,-8800.0,-0.1108358407843147
2026-08-17,SWC.BK,11900.0,67.9961145077424
2026-08-17,SYMC.BK,900.0,0.0396916050491249
2026-08-17,SYNEX.BK,617400.0,34.87721795719152
2026-08-17,SYNTEC.BK,156200.0,16.66289742397153
2026-08-17,TACC.BK,709200.0,33.605226721557095
2026-08-17,TAE.BK,62200.0,3.615196612642145
2026-08-17,TAKUNI.BK,200.0,0.0277700638711469
2026-08-17,TASCO.BK,1821500.0,14.045797241456317
2026-08-17,TBN.BK,-65200.0,-49.16784181830522
2026-08-17,TCAP.BK,649000.0,8.237566858834251
2026-08-17,TCJ.BK,26400.0,33.41772151898734
2026-08-17,TCMC.BK,100.0,0.0016184883157282
2026-08-17,TEAM.BK,322600.0,0.906448119571128
2026-08-17,TEAMG.BK,395000.0,12.816432028620554
2026-08-17,TEGH.BK,38300.0,2.498695198329854
2026-08-17,TFG.BK,-415900.0,-1.4850029166257093
2026-08-17,TFM.BK,-155000.0,-32.72790233149353
2026-08-17,TFMAMA.BK,400.0,28.188865398167724
2026-08-17,TH.BK,-6400.0,-0.0848332694874612
2026-08-17,THAI.BK,8156800.0,6.8672598939292575
2026-08-17,THANI.BK,1780080.0,11.693540784941604
2026-08-17,THCOM.BK,-89000.0,-4.789210178524536
2026-08-17,THG.BK,-254300.0,-57.46892655367232
2026-08-17,TIDLOR.BK,1988100.0,9.688946842034932
2026-08-17,TIPCO.BK,200.0,0.0448430493273542
2026-08-17,TIPH.BK,20500.0,6.476868102530402
2026-08-17,TISCO.BK,34100.0,1.2766204375326409
2026-08-17,TITLE.BK,-20000.0,-6.57030223390276
2026-08-17,TKC.BK,5000.0,14.492753623188406
2026-08-17,TKN.BK,-138900.0,-5.693822387175003
2026-08-17,TKS.BK,-4900.0,-4.148393978902454
2026-08-17,TLI.BK,4027900.0,35.278687088757266
2026-08-17,TMAN.BK,-60300.0,-5.1500342481547845
2026-08-17,TMD.BK,200000.0,83.35938314056476
2026-08-17,TMILL.BK,6000.0,3.53356890459364
2026-08-17,TMT.BK,246200.0,21.511483130261556
2026-08-17,TMW.BK,4000.0,4.889616898516001
2026-08-17,TNDT.BK,-200.0,-0.1075847229693383
2026-08-17,TNP.BK,2700.0,0.9066365797638716
2026-08-17,TNR.BK,-100.0,-0.0406008932196508
2026-08-17,TOA.BK,671100.0,8.37366379796
2026-08-17,TOG.BK,3100.0,0.91069330199765
2026-08-17,TOP.BK,-6002700.0,-25.785672166581964
2026-08-17,TOPP.BK,-3400.0,-87.09016393442623
2026-08-17,TPAC.BK,500.0,0.4734848484848485
2026-08-17,TPBI.BK,-4500.0,-5.005561735261402
2026-08-17,TPCH.BK,500.0,0.1209625717610456
2026-08-17,TPIPL.BK,22411289.0,29.27992447494323
2026-08-17,TPIPP.BK,691600.0,26.636163714581723
2026-08-17,TPP.BK,3000.0,10.416666666666668
2026-08-17,TPS.BK,-152800.0,-60.73131955484896
2026-08-17,TQM.BK,75000.0,13.388983901085757
2026-08-17,TQR.BK,100.0,0.1449233355554911
2026-08-17,TRC.BK,300.0,0.0465314669044941
2026-08-17,TRT.BK,-100500.0,-2.9448072792119753
2026-08-17,TRUBB.BK,41400.0,2.553062379824147
2026-08-17,TRUE.BK,-1873765.0,-1.7189597638752103
2026-08-17,TSC.BK,-200.0,-1.2813941568426448
2026-08-17,TSE.BK,115200.0,5.751025524668754
2026-08-17,TSI.BK,-116800.0,-100.0
2026-08-17,TSTH.BK,-490500.0,-15.449101117437737
2026-08-17,TTA.BK,-210800.0,-3.488489474128415
2026-08-17,TTB.BK,28693260.0,6.405727971346391
2026-08-17,TTW.BK,-319300.0,-24.209495156584556
2026-08-17,TU.BK,4081860.0,34.79185116554994
2026-08-17,TURBO.BK,-848200.0,-10.66302868231516
2026-08-17,TVO.BK,520800.0,14.130781905978749
2026-08-17,TYCN.BK,100.0,5.555555555555555
2026-08-17,UBE.BK,96500.0,2.4604172408702585
2026-08-17,UBIS.BK,100.0,0.019782393669634
2026-08-17,UKEM.BK,32566900.0,33.499775277094045
2026-08-17,UMI.BK,-98800.0,-20.354346930366702
2026-08-17,UMS.BK,50000.0,3.5919540229885056
2026-08-17,UNIQ.BK,-1400.0,-0.596252129471891
2026-08-17,UNIX.BK,-8566500.0,-13.79525223990273
2026-08-17,UPF.BK,-10.0,-0.4739336492890995
2026-08-17,UREKA.BK,-96600.0,-2.494060469864469
2026-08-17,UTP.BK,-269500.0,-20.57168679435107
2026-08-17,UV.BK,-10700.0,-2.0983025320824575
2026-08-17,UVAN.BK,415600.0,8.3850082669806
2026-08-17,VCOM.BK,5500.0,0.8126849781831024
2026-08-17,VGI.BK,29559700.0,19.74363920080838
2026-08-17,VIBHA.BK,-25200.0,-2.0736166837273755
2026-08-17,VIBHA-W5.BK,-500.0,-0.0168730863810908
2026-08-17,VIH.BK,-100.0,-0.0175864991962969
2026-08-17,VNG.BK,-100.0,-0.0755857898715041
2026-08-17,VPO.BK,100000.0,9.731403531137085
2026-08-17,VRANDA.BK,5000.0,0.2318863163420954
2026-08-17,VS.BK,-100.0,-0.1049317943336831
2026-08-17,WASH.BK,-24000.0,-7.133664057925353
2026-08-17,WAVE.BK,36200.0,1.3894747670230811
2026-08-17,WHA.BK,29398270.0,16.031716702590277
2026-08-17,WHAUP.BK,4259800.0,16.235710284311306
2026-08-17,WICE.BK,162000.0,10.198037066717196
2026-08-17,WIIK.BK,213600.0,9.61469211379186
2026-08-17,WINNER.BK,1000.0,0.4940418552259747
2026-08-17,WORK.BK,-800.0,-1.2028628134961208
2026-08-17,WP.BK,-9700.0,-1.1941092252939416
2026-08-17,WPH.BK,-236000.0,-10.845458648012478
2026-08-17,XBIO.BK,-103700.0,-2.860137352787048
2026-08-17,XO.BK,-169200.0,-9.824306332555093
2026-08-17,XPG.BK,1690200.0,12.093524111740956
2026-08-17,XYZ.BK,-163000.0,-53.65124714463455
2026-08-17,YGG.BK,-100.0,-0.124223602484472
2026-08-17,ZIGA.BK,4700.0,0.142156643312649
2026-08-18,2S.BK,155900.0,27.680075849444535
2026-08-18,88TH.BK,-3900.0,-0.2529251769503449
2026-08-18,AAI.BK,1267252.0,35.63380123273496
2026-08-18,AAV.BK,-545400.0,-2.017995457845207
2026-08-18,ACC.BK,100000.0,6.809655819565911
2026-08-18,ACE.BK,-17400.0,-3.222210288110044
2026-08-18,ADB.BK,-41300.0,-2.2706880019704956
2026-08-18,ADVANC.BK,-983258.0,-13.70591178942761
2026-08-18,ADVICE.BK,452800.0,22.439347355943156
2026-08-18,AEONTS.BK,60300.0,10.234250625426428
2026-08-18,AGE.BK,678100.0,4.267934119109035
2026-08-18,AH.BK,-112100.0,-37.35981736681608
2026-08-18,AI.BK,99872.0,11.532656730481657
2026-08-18,AIE.BK,1784000.0,15.207873040856835
2026-08-18,AIT.BK,-316400.0,-27.70201942818619
2026-08-18,AJ.BK,2105300.0,13.656470963701342
2026-08-18,AJA.BK,200.0,0.0211886627940853
2026-08-18,AKP.BK,-60000.0,-3.308092586895322
2026-08-18,AKR.BK,-80100.0,-0.7431506973230709
2026-08-18,ALLA.BK,-2392800.0,-81.48329010237512
2026-08-18,ALT.BK,12542600.0,43.80218438189124
2026-08-18,AMA.BK,3000.0,1.7909913136921287
2026-08-18,AMANAH.BK,-5000.0,-0.3076075026700331
2026-08-18,AMARC.BK,-636000.0,-11.295024257662948
2026-08-18,AMARIN.BK,-200.0,-1.8689842070834504
2026-08-18,AMATA.BK,30300.0,0.2724596442756093
2026-08-18,AMATAV.BK,-173600.0,-27.43358496588975
2026-08-18,ANI.BK,-5700.0,-0.7245335973855777
2026-08-18,AOT.BK,-5496400.0,-8.938863081480655
2026-08-18,AP.BK,-16800.0,-0.0966974316068563
2026-08-18,APO.BK,-21900.0,-1.4761401160286574
2026-08-18,APP.BK,-2000.0,-0.3254059031884898
2026-08-18,ARROW.BK,500.0,1.0775862068965518
2026-08-18,AS.BK,213700.0,18.789191774607072
2026-08-18,ASEFA.BK,109600.0,7.817933454834672
2026-08-18,ASIAN.BK,-69500.0,-14.132105704083877
2026-08-18,ASK.BK,99500.0,16.36244038809406
2026-08-18,ASP.BK,71500.0,3.952545135025023
2026-08-18,ASW.BK,-500.0,-0.3860526884709225
2026-08-18,ATLAS.BK,-34700.0,-0.8965757266720427
2026-08-18,AU.BK,-20700.0,-5.043466396382349
2026-08-18,AUCT.BK,-150900.0,-30.974559397669005
2026-08-18,AURA.BK,878300.0,13.184369819246688
2026-08-18,AWC.BK,-7119742.0,-12.017705625119644
2026-08-18,AYUD.BK,0.0,0.0
2026-08-18,BA.BK,-1990200.0,-22.169081182814384
2026-08-18,BAFS.BK,-1900.0,-0.7454985619725107
2026-08-18,BAM.BK,-796800.0,-9.87087708466222
2026-08-18,BANPU.BK,-1845041.0,-23.126361385425025
2026-08-18,BAY.BK,60800.0,10.03908307506361
2026-08-18,BBGI.BK,-624500.0,-27.288473907936684
2026-08-18,BBIK.BK,-184700.0,-4.349249183485568
2026-08-18,BBL.BK,-2245922.0,-16.97894212980935
2026-08-18,BC-W5.BK,-1700.0,-0.9297746663749726
2026-08-18,BCH.BK,916600.0,15.442683232760457
2026-08-18,BCP.BK,6360100.0,34.683004504357115
2026-08-18,BCPG.BK,410504.0,9.675071601902848
2026-08-18,BDMS.BK,-4694254.0,-4.023397800666117
2026-08-18,BE8.BK,-34700.0,-5.844574735604577
2026-08-18,BEC.BK,-19200.0,-1.3676168279552277
2026-08-18,BEM.BK,-7039200.0,-16.48324745264491
2026-08-18,BGRIM.BK,-5112299.0,-10.01063077775624
2026-08-18,BH.BK,720300.0,10.074513355408774
2026-08-18,BIOTEC.BK,845600.0,18.026291610654273
2026-08-18,BIS.BK,-4700.0,-0.5011606667782726
2026-08-18,BIZ.BK,-95400.0,-44.909333986103526
2026-08-18,BJC.BK,9034436.0,27.96503864074803
2026-08-18,BKIH.BK,3000.0,23.42286071205497
2026-08-18,BLA.BK,-198600.0,-12.16076457286386
2026-08-18,BLAND.BK,-615400.0,-4.80049399688631
2026-08-18,BLC.BK,-23000.0,-2.582079247380032
2026-08-18,BM.BK,-200.0,-0.0029245705012319
2026-08-18,BTC.BK,-1000.0,-0.0512484900913606
2026-08-18,BTG.BK,-1216500.0,-29.43119052976143
2026-08-18,BTS.BK,16141376.0,13.03915721749655
2026-08-18,BTW.BK,-300.0,-0.2873535694102547
2026-08-18,BUI.BK,15000.0,15.020126970139987
2026-08-18,BWG.BK,-5460200.0,-2.9331234425537285
2026-08-18,BWG-W8.BK,-329417.0,-0.7090007215119798
2026-08-18,CBG.BK,-39300.0,-0.7306495009273485
2026-08-18,CCET.BK,-3045090.0,-2.5645196384856774
2026-08-18,CENTEL.BK,-969700.0,-27.08588855093988
2026-08-18,CFRESH.BK,32300.0,2.184224086514208
2026-08-18,CHARAN.BK,2600.0,100.0
2026-08-18,CHASE.BK,-50000.0,-8.256056643153418
2026-08-18,CHAYO.BK,-104800.0,-5.208845892715668
2026-08-18,CHG.BK,1855900.0,9.21281076606713
2026-08-18,CK.BK,1836400.0,17.337888289768948
2026-08-18,CKP.BK,289100.0,3.8633953645937384
2026-08-18,CMAN.BK,-200000.0,-26.437541308658297
2026-08-18,CNT.BK,1514178.0,3.882368922505693
2026-08-18,COCOCO.BK,268100.0,29.300706561238037
2026-08-18,COM7.BK,-1473600.0,-12.903771542297548
2026-08-18,COMAN.BK,-400.0,-3.4722222222222223
2026-08-18,CPALL.BK,169055.0,0.986350203769666
2026-08-18,CPAXT.BK,483363.0,4.912391353041587
2026-08-18,CPF.BK,-2613800.0,-9.64116518597309
2026-08-18,CPH.BK,-40300.0,-5.575123053894701
2026-08-18,CPN.BK,90418.0,0.8860916789035347
2026-08-18,CPW.BK,-77300.0,-24.24862209479235
2026-08-18,CRC.BK,8544600.0,23.906063824036867
2026-08-18,CREDIT.BK,-88500.0,-8.472304658331579
2026-08-18,CSC.BK,600.0,8.554319931565441
2026-08-18,CSP.BK,179500.0,9.280293825993716
2026-08-18,CSS.BK,772900.0,5.434217076195753
2026-08-18,CTW.BK,100900.0,24.000894384171303
2026-08-18,CWT.BK,-11300.0,-1.2367906923291614
2026-08-18,DCC.BK,14736.0,0.6940297242154958
2026-08-18,DCON.BK,-160000.0,-16.715629531502692
2026-08-18,DELTA.BK,-4892470.0,-29.585384820986917
2026-08-18,DEMCO.BK,-91300.0,-18.507969779100385
2026-08-18,DEMCO-W8.BK,22000.0,0.5636327256433162
2026-08-18,DEXON.BK,18300.0,57.9095598240562
2026-08-18,DITTO.BK,-606400.0,-20.862942782760136
2026-08-18,DMT.BK,-300.0,-0.0015578396253956
2026-08-18,DOD.BK,10000.0,5.306869742882161
2026-08-18,DOHOME.BK,-3385300.0,-19.35733952972523
2026-08-18,DRT.BK,-5200.0,-1.4720827989955867
2026-08-18,DTCENT.BK,300.0,0.1312008816699248
2026-08-18,DUSIT.BK,-18000.0,-8.981946287961199
2026-08-18,EA.BK,5134988.0,18.35409853339508
2026-08-18,EAST.BK,-82000.0,-16.07843137254902
2026-08-18,EASTW.BK,-490400.0,-18.342769660969218
2026-08-18,EFORL.BK,-20000.0,-0.4587911495516922
2026-08-18,EGCO.BK,-187400.0,-27.135391703868024
2026-08-18,EKH.BK,13500.0,4.385637200599046
2026-08-18,EMC.BK,1033500.0,35.03503842836919
2026-08-18,EP.BK,-20000.0,-12.626262626262626
2026-08-18,EPG.BK,4187600.0,11.16219431211618
2026-08-18,ERW.BK,-3635450.0,-11.575397438323424
2026-08-18,ESTAR.BK,1141600.0,28.68800139921857
2026-08-18,ETC.BK,127400.0,4.771533793433036
2026-08-18,EVER.BK,-100.0,-0.0026678761038337
2026-08-18,FLOYD.BK,-35000.0,-24.97199569054703
2026-08-18,FM.BK,147900.0,9.169607988408725
2026-08-18,FMT.BK,-5.0,-0.1919385796545105
2026-08-18,FORTH.BK,3319400.0,16.154058934819048
2026-08-18,FPT.BK,200.0,0.4184100418410041
2026-08-18,FSMART.BK,-23500.0,-1.7221087991698705
2026-08-18,FSX.BK,-700.0,-1.2237762237762235
2026-08-18,FTI.BK,100100.0,4.302226928932025
2026-08-18,GABLE.BK,-24500.0,-6.932497283592901
2026-08-18,GBX.BK,8100.0,5.065507645164316
2026-08-18,GFPT.BK,2353000.0,28.85343582740814
2026-08-18,GGC.BK,-800.0,-0.2828834308102488
2026-08-18,GLOBAL.BK,-2965100.0,-40.80960216865785
2026-08-18,GPI.BK,4000.0,0.6537870615540519
2026-08-18,GPSC.BK,-679100.0,-8.323602444351918
2026-08-18,GRAMMY.BK,-3900.0,-30.94746865576893
2026-08-18,GTB.BK,-100.0,-0.0504770077229821
2026-08-18,GTV.BK,-6000.0,-0.082149018319231
2026-08-18,GULF.BK,-2105001.0,-8.121757471858992
2026-08-18,GUNKUL.BK,22992040.0,19.69199620069837
2026-08-18,HANA.BK,4534471.0,7.54034200230161
2026-08-18,HANN.BK,1600.0,0.241432175666051
2026-08-18,HENG.BK,-47300.0,-1.4621216219349151
2026-08-18,HFT.BK,495000.0,85.83170050805431
2026-08-18,HMPRO.BK,-3372500.0,-16.441951064073347
2026-08-18,HTC.BK,45500.0,11.316550019151084
2026-08-18,HTECH.BK,-33000.0,-1.4251239857867637
2026-08-18,HUMAN.BK,-532600.0,-13.288307113086589
2026-08-18,ICHI.BK,63600.0,1.009746594883633
2026-08-18,ICN.BK,82300.0,9.691873781891625
2026-08-18,IHL.BK,-400.0,-1.3937282229965158
2026-08-18,IIG.BK,-200.0,-0.3129841473529365
2026-08-18,III.BK,-13800.0,-1.5116098206442088
2026-08-18,ILINK.BK,-49500.0,-10.611091699125176
2026-08-18,ILM.BK,12500.0,2.495159390781883
2026-08-18,INET.BK,40400.0,3.5127471856721653
2026-08-18,INSET.BK,5324900.0,16.274044282307436
2026-08-18,IP.BK,23500.0,4.622526456587591
2026-08-18,IRC.BK,25200.0,14.650651721451576
2026-08-18,IROYAL.BK,11600.0,2.419181607546178
2026-08-18,IRPC.BK,-21254100.0,-21.458458990441702
2026-08-18,IT.BK,-900.0,-0.47819687896837
2026-08-18,ITC.BK,1544170.0,15.047018216873235
2026-08-18,ITD.BK,4933700.0,30.91827534717964
2026-08-18,ITEL.BK,225400.0,3.322902701457979
2026-08-18,IVL.BK,4011800.0,8.70542281788144
2026-08-18,J.BK,1.0,1.6750640418859813e-05
2026-08-18,JAS.BK,1380085.0,7.064129128422053
2026-08-18,JCK.BK,8000.0,0.4111905508411417
2026-08-18,JMART.BK,-1205299.0,-12.385629616034889
2026-08-18,JMT.BK,15300.0,0.2644675412763825
2026-08-18,JPARK.BK,10600.0,1.5814876427628293
2026-08-18,JTS.BK,62600.0,8.656212837744407
2026-08-18,KAMART.BK,2800.0,0.3689895879045213
2026-08-18,KBANK.BK,-1859756.0,-16.669029916229825
2026-08-18,KBS.BK,4900.0,1.0637235534445104
2026-08-18,KCC.BK,2100.0,0.4849884526558891
2026-08-18,KCE.BK,3591916.0,9.281032835677124
2026-08-18,KCG.BK,-110300.0,-16.472324106044134
2026-08-18,KGEN.BK,-744100.0,-9.418055073535758
2026-08-18,KGI.BK,-229400.0,-8.638671196132105
2026-08-18,KIAT.BK,-16397.0,-0.200852406982809
2026-08-18,KISS.BK,-22900.0,-2.6028406197715865
2026-08-18,KJL.BK,1300.0,2.559055118110236
2026-08-18,KKP.BK,-1606800.0,-25.83035143456673
2026-08-18,KLINIQ.BK,-182200.0,-30.009108143141138
2026-08-18,KSL.BK,287400.0,2.9777054406947068
2026-08-18,KTB.BK,-3049245.0,-8.11655069147908
2026-08-18,KTC.BK,-1688790.0,-9.83526073670546
2026-08-18,KUMWEL.BK,-85900.0,-5.453968253968254
2026-08-18,KWM.BK,-2000.0,-1.333777925975325
2026-08-18,KYE.BK,0.0,0.0
2026-08-18,LALIN.BK,-100.0,-0.6942997986530584
2026-08-18,LANNA.BK,-14800.0,-2.3006766787555826
2026-08-18,LEE.BK,-10.0,-0.0054611981868822
2026-08-18,LH.BK,4776500.0,11.948980093947275
2026-08-18,LHFG.BK,56700.0,1.6091817013052252
2026-08-18,LHK.BK,-55700.0,-16.2152877849684
2026-08-18,LOXLEY.BK,1091500.0,3.812603100088184
2026-08-18,LPN.BK,29900.0,5.21221016886515
2026-08-18,LST.BK,-3000.0,-1.1024547993532263
2026-08-18,LTS.BK,-730000.0,-37.33988605708195
2026-08-18,M.BK,2872100.0,31.501709445675868
2026-08-18,MADAME-W6.BK,100000.0,19.758940920766648
2026-08-18,MAGURO.BK,-52001.0,-14.387412362976365
2026-08-18,MAJOR.BK,-581800.0,-38.0580578354267
2026-08-18,MALEE.BK,-10600.0,-1.9094557690783456
2026-08-18,MASTEC.BK,122300.0,4.6393027465582675
2026-08-18,MASTER.BK,102100.0,9.52490234876069
2026-08-18,MBK.BK,139100.0,5.591863135632228
2026-08-18,MC.BK,-204500.0,-12.898277685727312
2026-08-18,MCOT.BK,-1000.0,-0.1925250234399216
2026-08-18,MCS.BK,-6500.0,-1.8360700192363644
2026-08-18,MDX.BK,-4700.0,-2.188010632800607
2026-08-18,MEB.BK,-21700.0,-5.190667323672791
2026-08-18,MEDEZE.BK,-5500.0,-1.0412663313158008
2026-08-18,MEGA.BK,-213300.0,-26.603805354436773
2026-08-18,MENA.BK,-2700.0,-0.3831961396537042
2026-08-18,METCO.BK,500.0,18.50481125092524
2026-08-18,MFC.BK,700.0,0.7415489899043403
2026-08-18,MFEC.BK,7500.0,4.615384615384616
2026-08-18,MGC.BK,-2227200.0,-19.143883665837116
2026-08-18,MICRO.BK,316300.0,21.776052950989076
2026-08-18,MIDA.BK,200000.0,11.102463525631702
2026-08-18,MINT.BK,-2874765.0,-7.62298517644384
2026-08-18,ML.BK,102900.0,1.888884748476364
2026-08-18,MMM.BK,-500.0,-0.1244099856430876
2026-08-18,MMM-W1.BK,-500.0,-0.2225060410390142
2026-08-18,MMM-W2.BK,1100.0,0.0136647965771423
2026-08-18,MONO.BK,10300.0,0.0522124969546934
2026-08-18,MOONG.BK,2300.0,1.7736238991964712
2026-08-18,MORE.BK,-10000.0,-0.8676036786395974
2026-08-18,MOSHI.BK,-232400.0,-29.683710106128203
2026-08-18,MPJ.BK,-100.0,-0.0114651551006182
2026-08-18,MRDIYT.BK,-854500.0,-14.828774938415895
2026-08-18,MSC.BK,10099.0,22.29310611244785
2026-08-18,MTC.BK,-411900.0,-2.2663406378755755
2026-08-18,MTI.BK,1900.0,27.47252747252747
2026-08-18,MTW.BK,57200.0,1.3273426553629053
2026-08-18,NCAP.BK,-3744300.0,-17.435399546687993
2026-08-18,NCH.BK,62.0,0.0130890328682504
2026-08-18,NCP.BK,800.0,1.4465761351102109
2026-08-18,NEO.BK,-251400.0,-37.14467659456896
2026-08-18,NEP.BK,-100.0,-0.0054415076023302
2026-08-18,NER.BK,-817400.0,-19.34399848542219
2026-08-18,NETBAY.BK,-117900.0,-29.62854996016857
2026-08-18,NEX.BK,-1082500.0,-22.296284563617945
2026-08-18,NKT.BK,5000.0,4.815332017142582
2026-08-18,NOBLE.BK,4400.0,0.4992499903553979
2026-08-18,NOBLE-W3.BK,-152000.0,-9.711684370257966
2026-08-18,NRF.BK,2400.0,0.3022631956776363
2026-08-18,NSL.BK,-10400.0,-4.550506243819625
2026-08-18,NTF.BK,1000.0,0.1114074549412548
2026-08-18,NTSC.BK,1800.0,0.7897196056666769
2026-08-18,NV.BK,-10100.0,-10.642781875658589
2026-08-18,NYT.BK,323300.0,22.598372469828064
2026-08-18,OKJ.BK,37200.0,12.789438399257389
2026-08-18,ONEE.BK,30600.0,2.720391736410043
2026-08-18,OR.BK,-2737900.0,-23.915598090420858
2026-08-18,ORI.BK,29400.0,2.666110471284902
2026-08-18,OSP.BK,-7219000.0,-33.01147563765445
2026-08-18,PACO.BK,4900.0,1.195107376739308
2026-08-18,PAP.BK,-8600.0,-1.2336293087372514
2026-08-18,PCC.BK,10000.0,2.0583204516778397
2026-08-18,PCE.BK,-592200.0,-12.725043861863869
2026-08-18,PCSGH.BK,500.0,0.5744155321959906
2026-08-18,PDG.BK,2000.0,0.7262164124909223
2026-08-18,PHOL.BK,5400.0,2.39842237106259
2026-08-18,PIN.BK,-19200.0,-7.032786705102799
2026-08-18,PIS.BK,219800.0,12.258688443035023
2026-08-18,PL.BK,-10000.0,-57.80346820809249
2026-08-18,PLANB.BK,774800.0,1.805900432374238
2026-08-18,PLAT.BK,-1441800.0,-22.137593635280613
2026-08-18,PLE.BK,5400.0,0.0768790521667079
2026-08-18,PLUS.BK,9200.0,0.905564397932557
2026-08-18,PM.BK,-274900.0,-72.2045366197035
2026-08-18,PMC.BK,318700.0,25.921738635346937
2026-08-18,PMTA.BK,900.0,10.454175862469508
2026-08-18,POLY.BK,28000.0,40.93088527657584
2026-08-18,PORT.BK,4700.0,1.118131815846069
2026-08-18,POWER.BK,23000.0,2.3653547517920135
2026-08-18,PQS.BK,73600.0,13.396408088081383
2026-08-18,PR9.BK,543100.0,17.12539884899409
2026-08-18,PREB.BK,-21800.0,-9.159625379725297
2026-08-18,PRG.BK,9.0,0.0194397045164913
2026-08-18,PRM.BK,235500.0,11.211328059169151
2026-08-18,PROUD.BK,-100.0,-0.0164717509471256
2026-08-18,PRTR.BK,-31.0,-0.0144791476919771
2026-08-18,PSGC.BK,-99851.0,-21.304000887568915
2026-08-18,PSH.BK,233700.0,25.65963487997505
2026-08-18,PSL.BK,-1649300.0,-14.364795251369546
2026-08-18,PSP.BK,3057700.0,39.3799001908786
2026-08-18,PT.BK,-64200.0,-8.663289513101539
2026-08-18,PTG.BK,-650000.0,-19.77571900711287
2026-08-18,PTL.BK,-10400.0,-17.776866143616566
2026-08-18,PTT.BK,43973765.0,27.79726344991219
2026-08-18,PTTEP.BK,3399750.0,19.245651960152458
2026-08-18,PTTGC.BK,4949400.0,12.715688720227872
2026-08-18,PYLON.BK,-77500.0,-9.906660087792185
2026-08-18,QH.BK,-1123000.0,-6.532425611203522
2026-08-18,QTCG.BK,-100.0,-0.0354609929078014
2026-08-18,RABBIT.BK,-171600.0,-1.5600141819471087
2026-08-18,RABBIT-P.BK,-100.0,-0.0045913682277318
2026-08-18,RAM.BK,-600.0,-3.591524003352089
2026-08-18,RATCH.BK,-1101600.0,-15.80510027257198
2026-08-18,RBF.BK,-566000.0,-27.338927348008124
2026-08-18,RCL.BK,773681.0,6.960034638200202
2026-08-18,RJH.BK,-27900.0,-9.465616740910123
2026-08-18,RML.BK,8100.0,2.417910447761194
2026-08-18,ROCTEC.BK,355900.0,2.8024383339547416
2026-08-18,ROJNA.BK,-508100.0,-15.44718709793535
2026-08-18,RT.BK,345700.0,5.756281665168901
2026-08-18,S.BK,500.0,0.0148672090620991
2026-08-18,SABINA.BK,-5800.0,-2.3909638057548026
2026-08-18,SAF.BK,-1000.0,-0.2949852507374631
2026-08-18,SAFE.BK,108000.0,33.51435221101629
2026-08-18,SAK.BK,-351000.0,-26.29132738245492
2026-08-18,SAMART.BK,400900.0,12.66458991400778
2026-08-18,SAMTEL.BK,80300.0,10.489355198566235
2026-08-18,SANKO.BK,152900.0,19.097079108619788
2026-08-18,SAPPE.BK,4500.0,4.971277065841803
2026-08-18,SAT.BK,-333300.0,-27.905271107285845
2026-08-18,SAUCE.BK,-2600.0,-65.47469151347268
2026-08-18,SAV.BK,-161800.0,-25.6093700538145
2026-08-18,SAWAD.BK,-2406620.0,-18.25266711525615
2026-08-18,SC.BK,929400.0,5.1580786839540185
2026-08-18,SCAP.BK,-959600.0,-17.348085835060125
2026-08-18,SCB.BK,-3254696.0,-27.18141182332319
2026-08-18,SCC.BK,-374340.0,-12.669096427479964
2026-08-18,SCCC.BK,-53000.0,-15.576507100536066
2026-08-18,SCGD.BK,-25400.0,-14.38963040177661
2026-08-18,SCGP.BK,-338000.0,-6.474914686294214
2026-08-18,SCL.BK,-20000.0,-19.66549001484745
2026-08-18,SCM.BK,1200.0,0.4206983592763988
2026-08-18,SCP.BK,-10000.0,-4.010764892972738
2026-08-18,SEAFCO.BK,-281200.0,-16.877363626160395
2026-08-18,SEAOIL.BK,97300.0,7.301729526828416
2026-08-18,SECURE.BK,-200.0,-0.0927553438672485
2026-08-18,SELIC.BK,349700.0,71.99606358382692
2026-08-18,SENA.BK,7000.0,0.5313839134906989
2026-08-18,SFLEX.BK,-160400.0,-19.165832244003507
2026-08-18,SGC.BK,-4369000.0,-12.203085713200393
2026-08-18,SGP.BK,-15700.0,-4.138963730023568
2026-08-18,SHR.BK,-42000.0,-1.9458768259969144
2026-08-18,SICT.BK,349400.0,11.1137865345057
2026-08-18,SIMAT.BK,24400.0,5.185906237114936
2026-08-18,SINGER.BK,-656699.0,-23.28208808066598
2026-08-18,SIRI.BK,-6028000.0,-21.450905361295806
2026-08-18,SIS.BK,-50900.0,-4.711122135609975
2026-08-18,SISB.BK,-83100.0,-4.5329135342652265
2026-08-18,SITHAI.BK,75000.0,6.137303759712283
2026-08-18,SJWD.BK,999700.0,20.10747452171585
2026-08-18,SK.BK,1200.0,0.7638446849140674
2026-08-18,SKN.BK,-170700.0,-73.23037323037323
2026-08-18,SKR.BK,-5300.0,-17.352016762702984
2026-08-18,SKY.BK,131700.0,2.9448053588749548
2026-08-18,SMART.BK,6000.0,0.3133912062427528
2026-08-18,SMD100.BK,-47000.0,-0.8787605811187631
2026-08-18,SMO.BK,-57900.0,-3.21792523298001
2026-08-18,SMPC.BK,10500.0,3.4700419709838393
2026-08-18,SMT.BK,-80100.0,-0.663388978500234
2026-08-18,SNC.BK,-1300.0,-0.7696816478292018
2026-08-18,SNNP.BK,-19800.0,-6.558767216763944
2026-08-18,SOLAR.BK,-3800.0,-0.1536843186587727
2026-08-18,SPA.BK,-569800.0,-12.651316787151698
2026-08-18,SPACK.BK,53900.0,4.23169595225328
2026-08-18,SPALI.BK,1330700.0,14.296436344383933
2026-08-18,SPC.BK,300.0,0.9977052778609198
2026-08-18,SPCG.BK,148300.0,12.319690570576956
2026-08-18,SPRC.BK,14278900.0,36.819211454813065
2026-08-18,SPVI.BK,-665600.0,-32.381147905855315
2026-08-18,SQ.BK,42300.0,2.6733253323170905
2026-08-18,SRICHA.BK,-113600.0,-26.44455721661724
2026-08-18,SSP.BK,89600.0,14.442178899267413
2026-08-18,STA.BK,-445200.0,-3.4234458828334104
2026-08-18,STANLY.BK,1200.0,15.178345560333922
2026-08-18,STARM.BK,-3000.0,-9.174311926605505
2026-08-18,STECH.BK,29000.0,0.4068298026117912
2026-08-18,STECON.BK,-3750400.0,-11.329590456028402
2026-08-18,STELLA.BK,700000.0,26.87903665532627
2026-08-18,STGT.BK,153000.0,3.041381272128285
2026-08-18,STOWER.BK,-200.0,-0.4728132387706856
2026-08-18,STP.BK,300.0,0.8902077151335311
2026-08-18,STPI.BK,-2552500.0,-5.214596318027167
2026-08-18,STX.BK,14400.0,0.9380954707578052
2026-08-18,SUC.BK,3500.0,1.7409384155470775
2026-08-18,SUSCO.BK,227700.0,21.166470525898948
2026-08-18,SVOA.BK,596900.0,15.616762707097395
2026-08-18,SYMC.BK,-900.0,-0.6700167504187605
2026-08-18,SYNEX.BK,-176900.0,-20.210721622158903
2026-08-18,SYNTEC.BK,-169400.0,-6.711563619997131
2026-08-18,TACC.BK,-498500.0,-32.87107220360151
2026-08-18,TAE.BK,9315800.0,9.073128561073668
2026-08-18,TASCO.BK,2493700.0,13.048148331865107
2026-08-18,TATG.BK,93300.0,11.14961759082218
2026-08-18,TBN.BK,-189600.0,-56.21908839680714
2026-08-18,TCAP.BK,379400.0,6.410463281849688
2026-08-18,TCC.BK,-441000.0,-79.74178849439909
2026-08-18,TCJ.BK,2000.0,8.620318089737511
2026-08-18,TEAM.BK,818401.0,6.419414909951422
2026-08-18,TEAMG.BK,-469600.0,-25.43840071764892
2026-08-18,TEGH.BK,162500.0,27.024240327816507
2026-08-18,TFG.BK,-3820400.0,-15.844652398710082
2026-08-18,TFM.BK,-125300.0,-25.024215372018016
2026-08-18,TFMAMA.BK,400.0,23.323615160349853
2026-08-18,TH.BK,221000.0,5.744727198241958
2026-08-18,THAI.BK,-9635450.0,-5.751539899156547
2026-08-18,THANI.BK,-807300.0,-12.646043157578973
2026-08-18,THCOM.BK,-197400.0,-4.947976067236327
2026-08-18,THG.BK,-374800.0,-52.843138498933406
2026-08-18,THRE.BK,-51900.0,-3.0294062538852575
2026-08-18,TIDLOR.BK,1302151.0,7.780601719719894
2026-08-18,TIPCO.BK,-35800.0,-5.875488871856901
2026-08-18,TIPH.BK,1800.0,0.521507853039087
2026-08-18,TISCO.BK,-1096490.0,-22.11623990237704
2026-08-18,TITLE.BK,253000.0,34.63172649422896
2026-08-18,TKN.BK,-394900.0,-19.79184730256517
2026-08-18,TKS.BK,6400.0,1.323673276070676
2026-08-18,TL.BK,20000.0,0.3276862613766526
2026-08-18,TL-W2.BK,-33300.0,-11.59878648131829
2026-08-18,TLI.BK,-727500.0,-5.321655876933178
2026-08-18,TMAN.BK,25700.0,9.255491171269805
2026-08-18,TMD.BK,45500.0,97.01492537313432
2026-08-18,TMT.BK,14000.0,2.888873298144105
2026-08-18,TMW.BK,-1900.0,-4.336414469930389
2026-08-18,TNDT.BK,-200.0,-0.0464231001346269
2026-08-18,TNH.BK,-100.0,-3.571428571428571
2026-08-18,TNP.BK,2100.0,0.7765439357465361
2026-08-18,TNR.BK,-41400.0,-25.006493231938244
2026-08-18,TOA.BK,282700.0,5.845251968197859
2026-08-18,TOG.BK,-197803.0,-52.3242679871863
2026-08-18,TOP.BK,-5096300.0,-15.14724733561902
2026-08-18,TOPP.BK,-1900.0,-90.30418250950572
2026-08-18,TPAC.BK,-200.0,-0.1803426510369702
2026-08-18,TPBI.BK,-10000.0,-4.769854519437157
2026-08-18,TPCH.BK,46300.0,4.548553599251797
2026-08-18,TPIPL.BK,2828163.0,6.9670614202462415
2026-08-18,TPIPP.BK,145400.0,6.645356431507582
2026-08-18,TPOLY.BK,2700.0,1.6333938294010888
2026-08-18,TPP.BK,3000.0,21.27659574468085
2026-08-18,TPS.BK,-182000.0,-94.88309047780412
2026-08-18,TQM.BK,-37400.0,-25.18230236269249
2026-08-18,TRC.BK,-9375.0,-2.2337170958580335
2026-08-18,TRT.BK,-613700.0,-34.79437189553637
2026-08-18,TRUBB.BK,15500.0,0.5417636889703205
2026-08-18,TRUE.BK,-5293186.0,-3.8627986793356177
2026-08-18,TSC.BK,-4000.0,-11.52704533010576
2026-08-18,TSE.BK,379500.0,2.2472630024298272
2026-08-18,TSTH.BK,-252100.0,-9.179082033539878
2026-08-18,TTA.BK,1739900.0,19.7790170309398
2026-08-18,TTB.BK,10621400.0,1.230219686039722
2026-08-18,TTW.BK,-528500.0,-13.61343260706894
2026-08-18,TU.BK,-1644740.0,-10.750607783154004
2026-08-18,TURBO.BK,1718700.0,6.238911656764099
2026-08-18,TVO.BK,-186300.0,-16.61335471162052
2026-08-18,TWPC.BK,1000.0,0.1063377286261165
2026-08-18,UAC.BK,47700.0,6.412833195083226
2026-08-18,UBA.BK,97100.0,25.542952144450524
2026-08-18,UBE.BK,-67600.0,-2.0746805191489024
2026-08-18,UKEM.BK,4436900.0,2.872527034005226
2026-08-18,UMS.BK,-100000.0,-3.7671863751416934
2026-08-18,UNIQ.BK,100.0,0.0849617672047578
2026-08-18,UNIX.BK,6708600.0,13.565389124721808
2026-08-18,UP.BK,10100.0,63.12105493406662
2026-08-18,UREKA.BK,-196100.0,-0.3427919796675585
2026-08-18,UTP.BK,-19900.0,-5.772851353429044
2026-08-18,UV.BK,-200.0,-0.0250770806767301
2026-08-18,UVAN.BK,-105800.0,-15.271803458529403
2026-08-18,VARO.BK,3600.0,0.2918155466353667
2026-08-18,VCOM.BK,-200.0,-0.0652013744449733
2026-08-18,VGI.BK,36880110.0,5.156059582301729
2026-08-18,VIBE.BK,-15503.0,-22.83143353656741
2026-08-18,VIBE-W3.BK,-3876.0,-23.24298392899976
2026-08-18,VIBHA.BK,-27300.0,-3.081709321436957
2026-08-18,VIBHA-W5.BK,-400.0,-0.3592663780560096
2026-08-18,VIH.BK,4400.0,1.4778589853826312
2026-08-18,WASH.BK,-12300.0,-2.0147420147420148
2026-08-18,WAVE.BK,802500.0,85.8839897260274
2026-08-18,WHA.BK,-10050110.0,-7.605456713952566
2026-08-18,WHAUP.BK,-7086200.0,-28.00114530382361
2026-08-18,WICE.BK,-475000.0,-36.41780654401149
2026-08-18,WIIK.BK,772000.0,16.575732740786673
2026-08-18,WORK.BK,-800.0,-0.4426174181019459
2026-08-18,WPH.BK,-13800.0,-7.436747231428341
2026-08-18,XBIO.BK,-15500.0,-0.1711175632858988
2026-08-18,XO.BK,-10600.0,-2.5888070728163046
2026-08-18,XPG.BK,2411000.0,22.01341987745163
2026-08-19,2S.BK,76100.0,3.308351871262073
2026-08-19,88TH.BK,45900.0,4.594337054179145
2026-08-19,AAI.BK,-702800.0,-13.731338967715136
2026-08-19,AAV.BK,-688700.0,-2.230109476453062
2026-08-19,ACE.BK,-2800.0,-0.0420313511848487
2026-08-19,ADB.BK,391200.0,7.698150633444451
2026-08-19,ADVANC.BK,-2185343.0,-29.96964421261805
2026-08-19,ADVICE.BK,135700.0,9.42094184425524
2026-08-19,AE.BK,-10000.0,-0.4928390486235006
2026-08-19,AEONTS.BK,-103820.0,-29.849716367316542
2026-08-19,AGE.BK,504800.0,14.945762396722351
2026-08-19,AH.BK,-59500.0,-18.60526200586613
2026-08-19,AI.BK,43704.0,7.057296124171207
2026-08-19,AIE.BK,825500.0,10.297851797009445
2026-08-19,AIT.BK,-195100.0,-11.879210772270476
2026-08-19,AJ.BK,604600.0,8.887123680803798
2026-08-19,AJA.BK,500.0,0.0939466420651726
2026-08-19,AKP.BK,-20000.0,-0.1528381392904138
2026-08-19,AKR.BK,300.0,0.0027782346430301
2026-08-19,ALPHAX.BK,2800.0,0.0738260342236401
2026-08-19,ALT.BK,-1336700.0,-5.82818322269799
2026-08-19,AMANAH.BK,100.0,0.009875616608812
2026-08-19,AMARC.BK,246800.0,6.075334143377885
2026-08-19,AMATA.BK,-252400.0,-2.6915162001762925
2026-08-19,AMATAV.BK,48300.0,4.281599846819782
2026-08-19,ANAN.BK,-1900.0,-0.261298046178241
2026-08-19,ANI.BK,21100.0,7.099596231493943
2026-08-19,AOT.BK,-874900.0,-2.105266704012351
2026-08-19,AP.BK,3740500.0,20.771830232867185
2026-08-19,APO.BK,-17500.0,-1.691499490133725
2026-08-19,APP.BK,14900.0,2.5454595152351733
2026-08-19,APURE.BK,-200.0,-0.0117006688102291
2026-08-19,AQUA.BK,500.0,0.0359040643400832
2026-08-19,AS.BK,66600.0,11.300297778117123
2026-08-19,ASEFA.BK,-318300.0,-15.301773765462215
2026-08-19,ASIAN.BK,-4500.0,-0.6729867601071394
2026-08-19,ASK.BK,-39600.0,-5.793361334579783
2026-08-19,ASP.BK,2500.0,0.1183385457518118
2026-08-19,ASTR.BK,-100.0,-0.0551757623910968
2026-08-19,ASW.BK,7100.0,5.0422555216248846
2026-08-19,ATLAS.BK,-37500.0,-1.5500966433587249
2026-08-19,AU.BK,5900.0,0.8992970240889664
2026-08-19,AUCT.BK,-84700.0,-14.23416973785264
2026-08-19,AURA.BK,-239600.0,-5.20041117107356
2026-08-19,AWC.BK,-9018100.0,-20.172324048306567
2026-08-19,AYUD.BK,90.0,0.2884707843200102
2026-08-19,BA.BK,1100.0,0.0217146135203474
2026-08-19,BAFS.BK,15300.0,3.359130577968055
2026-08-19,BAM.BK,198100.0,2.478116641360105
2026-08-19,BANPU.BK,-1825072.0,-25.99546599984161
2026-08-19,BAY.BK,-117300.0,-8.858185212343463
2026-08-19,BBGI.BK,147100.0,10.184885795650064
2026-08-19,BBIK.BK,-365000.0,-10.35764523334072
2026-08-19,BBL.BK,916601.0,6.438313981184635
2026-08-19,BCH.BK,-336800.0,-7.009982356407233
2026-08-19,BCP.BK,1114200.0,7.343462064711047
2026-08-19,BCPG.BK,689700.0,14.492281604552137
2026-08-19,BDMS.BK,-8231600.0,-14.255637545618264
2026-08-19,BE8.BK,-39800.0,-5.075242381079292
2026-08-19,BEAUTY.BK,100.0,0.0049444857858394
2026-08-19,BEC.BK,-9600.0,-3.5307098197866864
2026-08-19,BEM.BK,4132813.0,9.383764612474536
2026-08-19,BGRIM.BK,-1797000.0,-4.923825379944232
2026-08-19,BH.BK,-269500.0,-4.462821960727167
2026-08-19,BIOTEC.BK,4700.0,0.1517483998615538
2026-08-19,BIS.BK,-100.0,-0.0100958805778478
2026-08-19,BIZ.BK,-105600.0,-28.86247413720061
2026-08-19,BJC.BK,-809500.0,-9.00190602432683
2026-08-19,BKGI.BK,200.0,0.0189376006060032
2026-08-19,BKIH.BK,2700.0,19.110985277463193
2026-08-19,BLA.BK,194700.0,15.628386351048714
2026-08-19,BLAND.BK,2356500.0,5.436222293115985
2026-08-19,BLC.BK,20200.0,1.8248257607581155
2026-08-19,BOL.BK,500.0,0.371985061079947
2026-08-19,BR.BK,-308600.0,-31.23162510714998
2026-08-19,BRI.BK,-1700.0,-6.027300124091473
2026-08-19,BRR.BK,91500.0,14.636721374412131
2026-08-19,BTC.BK,-3100.0,-0.1064177452620073
2026-08-19,BTG.BK,-401300.0,-15.012223383978856
2026-08-19,BTS.BK,-5867500.0,-31.71022555468575
2026-08-19,BTW.BK,-500.0,-0.081806282722513
2026-08-19,BUI.BK,5000.0,8.35868802032833
2026-08-19,BWG.BK,1200.0,0.003268058227647
2026-08-19,BYD.BK,-29500.0,-1.1625533296709618
2026-08-19,CBG.BK,-103600.0,-1.7429619080385703
2026-08-19,CCET.BK,-5245410.0,-12.01799713061529
2026-08-19,CCP.BK,100.0,0.0470956135145572
2026-08-19,CENTEL.BK,75000.0,4.566438020041183
2026-08-19,CFARM.BK,-300000.0,-2.249836886825705
2026-08-19,CFRESH.BK,548800.0,2.09133358298755
2026-08-19,CHARAN.BK,1100.0,7.18954248366013
2026-08-19,CHASE.BK,-800.0,-0.0709917188160001
2026-08-19,CHAYO.BK,-44200.0,-2.435275125482785
2026-08-19,CHEWA.BK,-100.0,-0.004343105320304
2026-08-19,CHG.BK,-416952.0,-2.1865423434912277
2026-08-19,CK.BK,583500.0,7.868357457793712
2026-08-19,CKP.BK,-218800.0,-10.49734783643328
2026-08-19,CMAN.BK,-200.0,-0.1662510390689942
2026-08-19,CNT.BK,1396888.0,9.05999579587678
2026-08-19,COCOCO.BK,1285500.0,24.50315586542268
2026-08-19,COM7.BK,-1335700.0,-12.672181378885512
2026-08-19,COMAN.BK,200.0,4.854368932038835
2026-08-19,CPALL.BK,-2210787.0,-11.14071504279006
2026-08-19,CPANEL.BK,94.0,0.0281555142874258
2026-08-19,CPAXT.BK,-242800.0,-5.619041050936561
2026-08-19,CPF.BK,-1385600.0,-1.8602915413566667
2026-08-19,CPH.BK,1400.0,0.1718978877433122
2026-08-19,CPL.BK,100.0,0.0063991809048441
2026-08-19,CPN.BK,-1995300.0,-34.33084278580001
2026-08-19,CPW.BK,-100.0,-0.0119416530830362
2026-08-19,CRC.BK,4739400.0,18.203866015029156
2026-08-19,CREDIT.BK,-46000.0,-8.285630914769678
2026-08-19,CSP.BK,-110000.0,-1.454564111433892
2026-08-19,CSS.BK,-2339500.0,-14.413220215892112
2026-08-19,CTW.BK,-78000.0,-34.96190049305245
2026-08-19,CWT.BK,1900.0,0.1938775510204081
2026-08-19,DCC.BK,5490.0,0.490114243934055
2026-08-19,DCON.BK,3000.0,0.0684975295224352
2026-08-19,DELTA.BK,-2843871.0,-19.145028011308195
2026-08-19,DEMCO.BK,55400.0,9.196715079458622
2026-08-19,DEMCO-W8.BK,17800.0,0.5714192159293701
2026-08-19,DEXON.BK,1600.0,74.45323406235458
2026-08-19,DIMET.BK,1440700.0,10.647402261473651
2026-08-19,DITTO.BK,297600.0,7.8317355820800625
2026-08-19,DMT.BK,-4400.0,-0.0234232131708301
2026-08-19,DOD.BK,-5000.0,-2.522729795457068
2026-08-19,DOHOME.BK,-5934200.0,-29.379570816266583
2026-08-19,DRT.BK,-10000.0,-3.169592200267514
2026-08-19,DTCENT.BK,100.0,0.0932670515486994
2026-08-19,DUSIT.BK,-14900.0,-5.2946527560622
2026-08-19,EA.BK,-2454920.0,-4.5743395486565435
2026-08-19,EAST.BK,-260800.0,-2.67355037546058
2026-08-19,EASTW.BK,-444100.0,-22.5218714706564
2026-08-19,EFORL.BK,-150000.0,-2.531407595944145
2026-08-19,EGCO.BK,-138500.0,-27.19947525633296
2026-08-19,EKH.BK,37700.0,9.393648697472187
2026-08-19,EP.BK,-300.0,-0.9253547193090684
2026-08-19,EPG.BK,-440900.0,-1.6616369079518731
2026-08-19,ERW.BK,485481.0,1.7970961639175758
2026-08-19,ESTAR.BK,1067400.0,75.57295686096813
2026-08-19,ETC.BK,2054300.0,10.174244901696923
2026-08-19,EVER.BK,200.0,0.1306335728282168
2026-08-19,FM.BK,233300.0,19.722965461562197
2026-08-19,FMT.BK,-11.0,-0.3368034292712799
2026-08-19,FN.BK,-100.0,-0.5037783375314862
2026-08-19,FORTH.BK,-3237200.0,-18.883594122192584
2026-08-19,FSMART.BK,-52700.0,-5.332556216981408
2026-08-19,GABLE.BK,-20400.0,-13.554817275747508
2026-08-19,GBX.BK,15000.0,3.3806626098715347
2026-08-19,GC.BK,1000.0,0.2241092218703707
2026-08-19,GEL.BK,-100.0,-2.932551319648094
2026-08-19,GFPT.BK,434900.0,18.961970545070542
2026-08-19,GGC.BK,2000.0,2.485892559723569
2026-08-19,GJS.BK,-1700.0,-32.75529865125241
2026-08-19,GLOBAL.BK,-652400.0,-8.91644062359869
2026-08-19,GPI.BK,-100.0,-0.0118579512306181
2026-08-19,GPSC.BK,-453010.0,-6.271660459521201
2026-08-19,GRAMMY.BK,-100.0,-2.197319270490002
2026-08-19,GREEN.BK,21300.0,4.208654416123296
2026-08-19,GTB.BK,-100.0,-0.0430537138133535
2026-08-19,GTV.BK,-131000.0,-0.4600058290814983
2026-08-19,GULF.BK,-5624995.0,-27.519779277964503
2026-08-19,GUNKUL.BK,-3070960.0,-3.9050553348207666
2026-08-19,HANA.BK,403800.0,0.7804199552261591
2026-08-19,HENG.BK,1300.0,0.0754918584934147
2026-08-19,HFT.BK,5000.0,6.756756756756757
2026-08-19,HMPRO.BK,-2136200.0,-10.26602765666505
2026-08-19,HTC.BK,32900.0,12.459006460506089
2026-08-19,HTECH.BK,-598800.0,-24.28399130188635
2026-08-19,HUMAN.BK,395100.0,28.360720223038292
2026-08-19,I2.BK,-14000.0,-0.8416293945077671
2026-08-19,ICHI.BK,-576400.0,-21.29021510726183
2026-08-19,ICN.BK,124600.0,6.778639343200988
2026-08-19,III.BK,39400.0,2.11428289319759
2026-08-19,ILINK.BK,-14200.0,-7.3559883961873185
2026-08-19,ILM.BK,-13700.0,-3.221854047659923
2026-08-19,IND.BK,2200.0,0.7907837745547349
2026-08-19,INET.BK,184600.0,23.56705055681306
2026-08-19,INOX.BK,100.0,0.2830295482848409
2026-08-19,INSET.BK,307800.0,2.139563192673157
2026-08-19,INSURE.BK,100.0,33.33333333333333
2026-08-19,IP.BK,2800.0,0.3009577981927484
2026-08-19,IRC.BK,9400.0,64.52055734779326
2026-08-19,IROYAL.BK,-15900.0,-4.040660736975857
2026-08-19,IRPC.BK,-7523700.0,-13.47083105020738
2026-08-19,IT.BK,-200.0,-0.2265339177908412
2026-08-19,ITC.BK,540070.0,11.201095408104642
2026-08-19,ITD.BK,-465700.0,-7.267088033975703
2026-08-19,ITEL.BK,22600.0,0.4423276218920857
2026-08-19,IVL.BK,1207730.0,4.942580404049697
2026-08-19,JAS.BK,-146600.0,-1.851977946555656
2026-08-19,JMART.BK,-1071700.0,-9.5072972076739
2026-08-19,JMT.BK,-113300.0,-3.137536820365355
2026-08-19,JPARK.BK,13500.0,7.462604061867752
2026-08-19,JTS.BK,236769.0,23.691375430387968
2026-08-19,JUBILE.BK,100.0,0.3257328990228013
2026-08-19,KAMART.BK,8300.0,1.6144718926278934
2026-08-19,KBANK.BK,1876439.0,18.181211284945224
2026-08-19,KBS.BK,-700.0,-0.0301378462031265
2026-08-19,KCC.BK,32300.0,12.029795158286776
2026-08-19,KCE.BK,526585.0,2.0105304244184157
2026-08-19,KCG.BK,-24700.0,-7.607021866338158
2026-08-19,KCM.BK,-100.0,-0.024588148512417
2026-08-19,KGEN.BK,-1031600.0,-31.945597106439905
2026-08-19,KGI.BK,89300.0,2.451965636237032
2026-08-19,KIAT.BK,75650.0,2.9860443379231185
2026-08-19,KISS.BK,-320100.0,-46.580325960419096
2026-08-19,KKP.BK,1125495.0,6.6362574761413535
2026-08-19,KLINIQ.BK,-43700.0,-3.952787257733488
2026-08-19,KSL.BK,-1903400.0,-7.117050503426441
2026-08-19,KTB.BK,-4488292.0,-12.672178159685204
2026-08-19,KTC.BK,-1789000.0,-13.98797472031283
2026-08-19,KTMS.BK,-7000.0,-4.291845493562231
2026-08-19,KUMWEL.BK,-1400.0,-0.3361328396982487
2026-08-19,KYE.BK,-100.0,-9.057971014492754
2026-08-19,LANNA.BK,-65800.0,-5.688090366294002
2026-08-19,LEE.BK,-4.0,-0.0106655290102389
2026-08-19,LEO.BK,6100.0,1.7991022184994896
2026-08-19,LH.BK,5665500.0,11.524607646151525
2026-08-19,LHFG.BK,-52000.0,-1.764016040333548
2026-08-19,LOXLEY.BK,-1222400.0,-4.32877928565793
2026-08-19,LPN.BK,-3900.0,-0.7312436016184859
2026-08-19,LST.BK,-400.0,-0.667779632721202
2026-08-19,LTS.BK,-458400.0,-9.185630899949365
2026-08-19,M.BK,-1516100.0,-39.09553948285892
2026-08-19,MADAME.BK,-1000.0,-0.0362771516341405
2026-08-19,MAGURO.BK,-10303.0,-4.960448332474736
2026-08-19,MAJOR.BK,-318400.0,-23.400924571705755
2026-08-19,MALEE.BK,-7100.0,-1.402843227329757
2026-08-19,MASTEC.BK,-16500.0,-0.6446319737458979
2026-08-19,MASTER.BK,612900.0,11.45243567464544
2026-08-19,MBK.BK,-23900.0,-1.8098382504392077
2026-08-19,MC.BK,-14300.0,-2.5605993593129717
2026-08-19,MCOT.BK,4100.0,4.343220338983051
2026-08-19,MCS.BK,-33000.0,-17.70889791625301
2026-08-19,MDX.BK,10900.0,0.0977994759024783
2026-08-19,MEB.BK,-111900.0,-40.85238743688689
2026-08-19,MEDEZE.BK,-7300.0,-1.2973072876681166
2026-08-19,MEGA.BK,-314200.0,-18.335453601148448
2026-08-19,MENA.BK,42700.0,0.1918935275841103
2026-08-19,METCO.BK,0.0,0.0
2026-08-19,MFC.BK,-1100.0,-2.3848238482384825
2026-08-19,MFEC.BK,500.0,0.5396595827352106
2026-08-19,MGC.BK,1367900.0,14.483719818216027
2026-08-19,MGI.BK,-200.0,-0.19603038470963
2026-08-19,MICRO.BK,-262900.0,-4.427057285009873
2026-08-19,MIDA.BK,-76600.0,-1.6055327581082548
2026-08-19,MINT.BK,-2955980.0,-16.724909085981494
2026-08-19,MITSIB.BK,21.0,0.0026734223625415
2026-08-19,ML.BK,1284900.0,5.8479638626873145
2026-08-19,MODERN.BK,500.0,2.4875621890547266
2026-08-19,MONO.BK,37100.0,0.1266339232073457
2026-08-19,MOSHI.BK,-65700.0,-19.16200498153798
2026-08-19,MRDIYT.BK,-2376000.0,-35.41816012496529
2026-08-19,MSC.BK,389.0,0.5432050494330559
2026-08-19,MST.BK,100.0,0.0857632933104631
2026-08-19,MTC.BK,-16300.0,-0.2100138467411713
2026-08-19,MTI.BK,-100.0,-5.555555555555555
2026-08-19,MTW.BK,40000.0,3.546096147077884
2026-08-19,NCAP.BK,-5643800.0,-29.321763676185856
2026-08-19,NCH.BK,-100.0,-0.0740192450037009
2026-08-19,NCL.BK,-100.0,-0.0736268590781917
2026-08-19,NCP.BK,100.0,1.5151515151515151
2026-08-19,NEO.BK,103900.0,26.502127312240464
2026-08-19,NER.BK,414700.0,2.7123045425509043
2026-08-19,NETBAY.BK,7600.0,3.5662836040111308
2026-08-19,NEX.BK,-671900.0,-12.24482729399158
2026-08-19,NNCL.BK,800.0,0.3270178020315981
2026-08-19,NOBLE.BK,200.0,0.0242037276160901
2026-08-19,NSL.BK,-17100.0,-12.90566037735849
2026-08-19,NTF.BK,6200.0,2.5274142921201745
2026-08-19,NV.BK,-800.0,-0.0993593803949038
2026-08-19,NYT.BK,43600.0,8.052198933637692
2026-08-19,OKJ.BK,-2800.0,-0.7158617057450458
2026-08-19,ONEE.BK,102000.0,12.946363975599912
2026-08-19,OR.BK,-107200.0,-2.458115725887077
2026-08-19,ORI.BK,-80900.0,-8.504456166834514
2026-08-19,OSP.BK,-2583500.0,-14.672037232388655
2026-08-19,PACO.BK,-7500.0,-0.8219033967623581
2026-08-19,PAP.BK,-9900.0,-0.635470418210143
2026-08-19,PCC.BK,200.0,0.0505689001264222
2026-08-19,PCE.BK,-159000.0,-6.44951147992762
2026-08-19,PCSGH.BK,500.0,0.1074573233240418
2026-08-19,PDJ.BK,-1.0,-0.0008809253239602
2026-08-19,PERM.BK,-200.0,-0.0221845085576741
2026-08-19,PIN.BK,-225600.0,-20.26011254420674
2026-08-19,PIS.BK,-121400.0,-14.299124973645558
2026-08-19,PK.BK,-1200.0,-0.233644859813084
2026-08-19,PLANB.BK,1232600.0,2.5495124796836373
2026-08-19,PLAT.BK,-215000.0,-4.601341879701662
2026-08-19,PLE.BK,1400.0,0.1664390018890826
2026-08-19,PLUS.BK,-12300.0,-3.128950936522998
2026-08-19,PM.BK,-342600.0,-70.61034876483416
2026-08-19,PMC.BK,140200.0,14.080192824323984
2026-08-19,PMTA.BK,500.0,71.32667617689016
2026-08-19,POLY.BK,10200.0,26.60268113296124
2026-08-19,PORT.BK,10000.0,3.0047083780283703
2026-08-19,PQS.BK,8500.0,3.9663837312938344
2026-08-19,PR9.BK,1018600.0,20.704030537733633
2026-08-19,PRI.BK,-100.0,-0.1191895113230035
2026-08-19,PRINC.BK,-100.0,-0.0298337365860061
2026-08-19,PRM.BK,-681400.0,-17.7305379763716
2026-08-19,PROUD.BK,78500.0,2.422091199601605
2026-08-19,PRTR.BK,-18.0,-0.0132725744370216
2026-08-19,PSH.BK,191800.0,16.495618512590596
2026-08-19,PSL.BK,1393000.0,20.784607752076784
2026-08-19,PSP.BK,608200.0,22.73134148178297
2026-08-19,PT.BK,-16000.0,-5.92897825176665
2026-08-19,PTG.BK,5015300.0,25.49879575603398
2026-08-19,PTL.BK,-114400.0,-41.50536776150377
2026-08-19,PTT.BK,2274730.0,1.77579527794729
2026-08-19,PTTEP.BK,2258550.0,16.063993950370506
2026-08-19,PTTGC.BK,-1469200.0,-6.775725157549907
2026-08-19,PYLON.BK,274500.0,33.55060763878279
2026-08-19,QH.BK,-538900.0,-6.84624345897272
2026-08-19,QLT.BK,100.0,0.0913233669098912
2026-08-19,QTC.BK,900.0,0.5586245422382223
2026-08-19,RABBIT.BK,-272102.0,-10.67019801483229
2026-08-19,RABBIT-P.BK,-100.0,-0.0174703004891684
2026-08-19,RAM.BK,5700.0,25.41692678141443
2026-08-19,RATCH.BK,-769900.0,-19.97782951352597
2026-08-19,RBF.BK,-453800.0,-19.53824639717836
2026-08-19,RCL.BK,-443400.0,-6.6747233015584
2026-08-19,READY.BK,-100.0,-0.0475963826749167
2026-08-19,RJH.BK,-108900.0,-17.759411346453664
2026-08-19,RML.BK,1800.0,1.1795543905635648
2026-08-19,ROCTEC.BK,-1503100.0,-24.79953803002805
2026-08-19,ROJNA.BK,-199300.0,-6.358950470061404
2026-08-19,RPC.BK,200.0,0.0055387853443739
2026-08-19,RPH.BK,-200.0,-0.1092108424524386
2026-08-19,RS.BK,-1900.0,-0.0346546797953185
2026-08-19,RT.BK,92700.0,12.59853220983963
2026-08-19,S.BK,-3700.0,-0.5933880533343597
2026-08-19,SA.BK,-100.0,-0.2141327623126338
2026-08-19,SABINA.BK,-51500.0,-13.015765503924948
2026-08-19,SAK.BK,118300.0,8.81906528344759
2026-08-19,SALEE.BK,100.0,0.0246877615359737
2026-08-19,SAMART.BK,99500.0,7.084351486361021
2026-08-19,SAMTEL.BK,-1000.0,-0.0781311039924994
2026-08-19,SANKO.BK,134000.0,25.50850442115683
2026-08-19,SAPPE.BK,117100.0,22.248483835175023
2026-08-19,SAT.BK,-258400.0,-39.72328977709454
2026-08-19,SAUCE.BK,100.0,2.9291154071470418
2026-08-19,SAV.BK,-148200.0,-18.24514232319017
2026-08-19,SAWAD.BK,-705800.0,-12.176584280060748
2026-08-19,SC.BK,-1526300.0,-29.993430646750173
2026-08-19,SCAP.BK,-233600.0,-7.162772471282219
2026-08-19,SCB.BK,862910.0,3.8163577040484946
2026-08-19,SCC.BK,-635148.0,-36.973748933977944
2026-08-19,SCCC.BK,-238.0,-0.0981475677548125
2026-08-19,SCG.BK,-200.0,-2.1739130434782608
2026-08-19,SCGD.BK,164500.0,8.041312303061174
2026-08-19,SCGP.BK,338700.0,5.148826471930459
2026-08-19,SCL.BK,500.0,0.5241035209274536
2026-08-19,SCM.BK,-2000.0,-3.75234521575985
2026-08-19,SCN.BK,3000.0,1.4443075026960408
2026-08-19,SEAFCO.BK,152000.0,13.892481334263154
2026-08-19,SEAOIL.BK,404200.0,22.062090429462987
2026-08-19,SECURE.BK,-1300.0,-2.381475782223199
2026-08-19,SELIC.BK,25800.0,14.203059713406477
2026-08-19,SFLEX.BK,-333300.0,-13.913587977457734
2026-08-19,SGC.BK,-3171100.0,-12.777846435437787
2026-08-19,SGP.BK,2800.0,1.569357180089341
2026-08-19,SHR.BK,-252800.0,-17.491311426296054
2026-08-19,SICT.BK,38000.0,4.129038987907348
2026-08-19,SIMAT.BK,-59100.0,-13.265933710735306
2026-08-19,SINGER.BK,-501500.0,-18.21744399271157
2026-08-19,SIRI.BK,-3296650.0,-9.901933418842818
2026-08-19,SIS.BK,-104900.0,-16.813564972647903
2026-08-19,SISB.BK,-103400.0,-5.038905319748756
2026-08-19,SITHAI.BK,10600.0,2.6455884812075863
2026-08-19,SJWD.BK,-450700.0,-28.120032044482933
2026-08-19,SKE.BK,-100.0,-0.0130004693169423
2026-08-19,SKR.BK,-2200.0,-1.4656016627917048
2026-08-19,SKY.BK,-41900.0,-2.300682133034336
2026-08-19,SMART.BK,8000.0,0.4226299309686836
2026-08-19,SMD100.BK,-3500.0,-0.1518663506689496
2026-08-19,SMIT.BK,-5000.0,-7.627648701011427
2026-08-19,SMO.BK,-83100.0,-5.951443099620425
2026-08-19,SMPC.BK,-43100.0,-12.64103850090775
2026-08-19,SMT.BK,180400.0,1.6500232914873156
2026-08-19,SNNP.BK,-55000.0,-26.028603068535677
2026-08-19,SOLAR.BK,200.0,0.0143020594965675
2026-08-19,SPA.BK,-163300.0,-4.108354904502762
2026-08-19,SPACK.BK,800.0,0.0449384932460253
2026-08-19,SPALI.BK,512000.0,5.423963239089147
2026-08-19,SPCG.BK,1647200.0,22.807811647796544
2026-08-19,SPRC.BK,-991000.0,-2.846142804454136
2026-08-19,SPVI.BK,19800.0,3.6713442311686
2026-08-19,SQ.BK,900.0,0.5054987025533302
2026-08-19,SR.BK,10000.0,6.953329254046838
2026-08-19,SRICHA.BK,-38800.0,-13.55529547399864
2026-08-19,SSP.BK,216300.0,27.316952423290257
2026-08-19,SSSC.BK,1000.0,0.478349884239328
2026-08-19,STA.BK,11537900.0,24.41431790908366
2026-08-19,STANLY.BK,-1400.0,-17.823042647994907
2026-08-19,STARM.BK,-1000.0,-1.0857763300760044
2026-08-19,STECH.BK,58800.0,6.573482704921056
2026-08-19,STECON.BK,-2310500.0,-8.219466186137096
2026-08-19,STELLA.BK,127000.0,1.6472242326140023
2026-08-19,STGT.BK,792700.0,11.446083488688853
2026-08-19,STOWER.BK,-2000.0,-10.581450716893286
2026-08-19,STPI.BK,-1178000.0,-13.997480928729294
2026-08-19,STX.BK,6300.0,0.4331066741738489
2026-08-19,SUC.BK,24500.0,15.33348771130485
2026-08-19,SUPER.BK,600.0,0.0079224999924076
2026-08-19,SUSCO.BK,227900.0,11.83240865058622
2026-08-19,SVOA.BK,-120400.0,-1.4851156015711142
2026-08-19,SVT.BK,10000.0,0.4366324113985511
2026-08-19,SYNEX.BK,-231500.0,-21.085478617594124
2026-08-19,SYNTEC.BK,179900.0,5.327655239403919
2026-08-19,TACC.BK,-93300.0,-4.000490521024228
2026-08-19,TAE.BK,5513800.0,16.4613496091452
2026-08-19,TAKUNI.BK,100.0,0.0172549154940513
2026-08-19,TASCO.BK,3373200.0,21.077886577575335
2026-08-19,TBN.BK,-210700.0,-63.49713404012947
2026-08-19,TCAP.BK,1439300.0,20.097138730438346
2026-08-19,TCC.BK,-26500.0,-11.34417808219178
2026-08-19,TCJ.BK,7100.0,3.261368856224162
2026-08-19,TCMC.BK,100.0,0.0057895733258146
2026-08-19,TEAM.BK,-389200.0,-2.965331751823066
2026-08-19,TEAMG.BK,-164100.0,-17.019202348048392
2026-08-19,TEGH.BK,877200.0,23.671455737858864
2026-08-19,TFG.BK,1188400.0,11.291669505261638
2026-08-19,TFI.BK,-100.0,-0.0188536597781678
2026-08-19,TFM.BK,-52200.0,-24.712749790509736
2026-08-19,TFMAMA.BK,-100.0,-12.391573729863694
2026-08-19,TGH.BK,1300.0,61.87529747739172
2026-08-19,TH.BK,58200.0,1.7258245927632203
2026-08-19,THAI.BK,-3327500.0,-2.859125077481001
2026-08-19,THANI.BK,-1771100.0,-11.03323426202047
2026-08-19,THCOM.BK,-414900.0,-2.413416993026685
2026-08-19,THE.BK,-200.0,-0.182980942534835
2026-08-19,THG.BK,-191500.0,-14.052529308512824
2026-08-19,THIP.BK,-2000.0,-6.840647125218045
2026-08-19,THRE.BK,-26000.0,-4.236535556754097
2026-08-19,THREL.BK,400.0,0.3341799224702579
2026-08-19,TIDLOR.BK,-2245900.0,-23.176443017104585
2026-08-19,TIGER.BK,-100.0,-0.0289762684361507
2026-08-19,TIPCO.BK,-500.0,-0.0220125356988297
2026-08-19,TIPH.BK,95400.0,29.081287380428357
2026-08-19,TISCO.BK,47200.0,2.016199651607535
2026-08-19,TITLE.BK,-175100.0,-42.2836554715195
2026-08-19,TK.BK,-100.0,-0.3202151846040539
2026-08-19,TKC.BK,1200.0,2.312138728323699
2026-08-19,TKN.BK,-233100.0,-16.67566861848059
2026-08-19,TKS.BK,-10500.0,-3.1559774212358205
2026-08-19,TL.BK,-1000.0,-0.0388770745778921
2026-08-19,TL-W2.BK,-100.0,-0.0375033284203973
2026-08-19,TLI.BK,-1556600.0,-22.73052846069229
2026-08-19,TMAN.BK,-1900.0,-1.446296719190074
2026-08-19,TMD.BK,353500.0,95.02688172043013
2026-08-19,TMT.BK,5500.0,0.6839094752549117
2026-08-19,TMW.BK,-1100.0,-3.574678278954894
2026-08-19,TNDT.BK,-100.0,-0.3311148637462335
2026-08-19,TNL.BK,1300.0,76.47058823529412
2026-08-19,TNP.BK,6400.0,1.59183785141686
2026-08-19,TNR.BK,-5600.0,-10.053859964093355
2026-08-19,TOA.BK,-277900.0,-10.072833217224508
2026-08-19,TOG.BK,-128100.0,-71.88350495216184
2026-08-19,TOP.BK,-1999400.0,-7.699171489976445
2026-08-19,TOPP.BK,-800.0,-99.87515605493134
2026-08-19,TPAC.BK,20700.0,5.311778290993072
2026-08-19,TPBI.BK,12100.0,6.711037160288408
2026-08-19,TPCH.BK,9000.0,3.829770937144948
2026-08-19,TPIPL.BK,-2865700.0,-18.59173073137768
2026-08-19,TPIPP.BK,104800.0,2.156919605967011
2026-08-19,TPP.BK,1300.0,15.853658536585366
2026-08-19,TQM.BK,-20800.0,-11.257787087101716
2026-08-19,TQR.BK,200.0,0.2192934365474441
2026-08-19,TRC.BK,300.0,0.0680270566279895
2026-08-19,TRITN.BK,0.0,0.0
2026-08-19,TRP.BK,8100.0,11.456859971711458
2026-08-19,TRT.BK,-494900.0,-59.79161733364906
2026-08-19,TRUBB.BK,156300.0,1.2090785320873816
2026-08-19,TRUE.BK,2113210.0,2.0741359135414883
2026-08-19,TSE.BK,1197900.0,14.702485467503198
2026-08-19,TSI.BK,-220100.0,-1.2877060636855775
2026-08-19,TSTH.BK,-44500.0,-3.722911634809976
2026-08-19,TTA.BK,-870500.0,-13.512517123487022
2026-08-19,TTB.BK,543131498.0,5.064903576664029
2026-08-19,TTW.BK,-79380.0,-7.382688905877692
2026-08-19,TU.BK,-416128.0,-5.258056408919621
2026-08-19,TURBO.BK,-2667800.0,-28.40725470045935
2026-08-19,TVH.BK,-4900.0,-12.40506329113924
2026-08-19,TVO.BK,505000.0,17.669210683119676
2026-08-19,TWP.BK,105000.0,0.7965484115952262
2026-08-19,UAC.BK,15000.0,6.442828487610441
2026-08-19,UBE.BK,-192200.0,-12.52971079967196
2026-08-19,UEC.BK,500.0,0.0703579248352217
2026-08-19,UKEM.BK,5656400.0,3.629714220004163
2026-08-19,UMS.BK,40300.0,2.896748525569376
2026-08-19,UNIQ.BK,-200.0,-0.1107407448422498
2026-08-19,UNIX.BK,165600.0,0.6498445866847159
2026-08-19,UREKA.BK,246700.0,0.3921353823644241
2026-08-19,UTP.BK,29900.0,4.948209294358876
2026-08-19,UV.BK,-7300.0,-0.6032519411490544
2026-08-19,UVAN.BK,-196500.0,-29.41475857443955
2026-08-19,VARO.BK,8900.0,0.3191669813509657
2026-08-19,VCOM.BK,-4300.0,-1.382636655948553
2026-08-19,VGI.BK,-17813900.0,-5.776454758068563
2026-08-19,VIBHA.BK,-600.0,-0.1711254349438138
2026-08-19,VIBHA-W5.BK,-400.0,-0.2695581268405765
2026-08-19,VIH.BK,8900.0,10.45816147871353
2026-08-19,VL.BK,-7100.0,-4.496516782773908
2026-08-19,VNG.BK,-100.0,-0.1231527093596059
2026-08-19,WARRIX.BK,-200.0,-0.0929018352757558
2026-08-19,WASH.BK,-2500.0,-1.319247290266066
2026-08-19,WAVE.BK,-826600.0,-7.135704419889503
2026-08-19,WFX.BK,-500.0,-0.4359159902703551
2026-08-19,WHA.BK,-16508180.0,-16.175348428325023
2026-08-19,WHAUP.BK,-638000.0,-8.80302945634394
2026-08-19,WICE.BK,-88300.0,-16.66345852629354
2026-08-19,WIIK.BK,-645000.0,-19.486993564760265
2026-08-19,WINNER.BK,17900.0,10.642092746730084
2026-08-19,WORK.BK,-200.0,-0.4844961240310077
2026-08-19,WP.BK,-5000.0,-0.1173736197155755
2026-08-19,WPH.BK,-11300.0,-5.601046850526399
2026-08-19,XO.BK,-68300.0,-8.973558876662835
2026-08-19,XPG.BK,-821700.0,-18.700130425273784
2026-08-19,ZAA.BK,700.0,1.4702793530770846
2026-08-19,ZIGA.BK,100.0,0.009104980424292
2026-08-20,2S.BK,-191800.0,-32.3268960449273
2026-08-20,88TH.BK,-17700.0,-3.9846826098995725
2026-08-20,AAI.BK,1056500.0,48.4048394759907
2026-08-20,AAV.BK,-1007200.0,-15.091173341723978
2026-08-20,ACC.BK,-300100.0,-2.693081902444746
2026-08-20,ACE.BK,-35900.0,-2.199614730433845
2026-08-20,ADB.BK,93500.0,10.36807210411984
2026-08-20,ADVANC.BK,-1695199.0,-26.70871180019376
2026-08-20,ADVICE.BK,-176000.0,-17.589042026817292
2026-08-20,AEONTS.BK,40900.0,12.80890923838664
2026-08-20,AGE.BK,657300.0,13.771065928271037
2026-08-20,AH.BK,43500.0,19.66394987726983
2026-08-20,AI.BK,78701.0,11.317289924576327
2026-08-20,AIE.BK,-800700.0,-7.862391746049951
2026-08-20,AIT.BK,1300.0,0.06612088117772479
2026-08-20,AJ.BK,-2993200.0,-40.290199273075
2026-08-20,AJA.BK,2300.0,0.027740699719348547
2026-08-20,AKP.BK,-108800.0,-9.51787751331453
2026-08-20,AKR.BK,-11500.0,-0.2644377249157823
2026-08-20,ALPHAX.BK,1400.0,0.05419173034194982
2026-08-20,ALT.BK,436400.0,2.481108693994756
2026-08-20,AMANAH.BK,-299.0,-0.024653673603501316
2026-08-20,AMARC.BK,-392700.0,-21.94065575016147
2026-08-20,AMATA.BK,-2639533.0,-25.25940931138515
2026-08-20,ANAN.BK,-1500.0,-0.05260701055051132
2026-08-20,ANI.BK,-1000.0,-1.358695652173913
2026-08-20,AOT.BK,5525500.0,22.41261463319224
2026-08-20,AP.BK,3299600.0,23.028450633195153
2026-08-20,APO.BK,-25100.0,-2.162281370524573
2026-08-20,APP.BK,-400.0,-0.07223998121760489
2026-08-20,APURE.BK,-1500.0,-0.02220501744574204
2026-08-20,AS.BK,44700.0,9.016277709421708
2026-08-20,ASEFA.BK,101500.0,14.595790085216406
2026-08-20,ASIAN.BK,152800.0,27.31478502120114
2026-08-20,ASK.BK,-6000.0,-0.5589631606012953
2026-08-20,ASP.BK,631500.0,34.86070897242333
2026-08-20,ASTR.BK,-1800.0,-3.011040481766477
2026-08-20,ASW.BK,100.0,0.09309860072803106
2026-08-20,ATLAS.BK,28400.0,0.37528395715261487
2026-08-20,ATP30.BK,-6500.0,-0.7997037405219728
2026-08-20,AU.BK,3900.0,0.4385373094049386
2026-08-20,AUCT.BK,-16900.0,-9.102513694166312
2026-08-20,AURA.BK,48300.0,0.8898532958010531
2026-08-20,AWC.BK,-5803900.0,-15.168898956012075
2026-08-20,AYUD.BK,204.0,1.8091521816246896
2026-08-20,B.BK,-1000.0,-0.047392938167855364
2026-08-20,BA.BK,-1926800.0,-27.348752230921804
2026-08-20,BAFS.BK,700.0,0.5852011001780683
2026-08-20,BAM.BK,472548.0,5.946484807865627
2026-08-20,BANPU.BK,-1376694.0,-33.45951288939356
2026-08-20,BAY.BK,-173700.0,-19.005873548025665
2026-08-20,BBGI.BK,-45400.0,-2.70825528706313
2026-08-20,BBIK.BK,-25600.0,-1.5304816951997877
2026-08-20,BBL.BK,-15304.0,-0.1697306501901651
2026-08-20,BCH.BK,2531600.0,12.165831294962299
2026-08-20,BCP.BK,6308900.0,28.879454814632528
2026-08-20,BCPG.BK,180200.0,8.199384272652734
2026-08-20,BDMS.BK,6952000.0,4.226346664541011
2026-08-20,BE8.BK,-25900.0,-2.358247903754349
2026-08-20,BEC.BK,-56400.0,-13.43173748097766
2026-08-20,BEM.BK,4108010.0,11.109286911266356
2026-08-20,BGRIM.BK,-385000.0,-2.3708102394863184
2026-08-20,BH.BK,939201.0,11.41478529118002
2026-08-20,BIOTEC.BK,592200.0,14.849250767286515
2026-08-20,BIZ.BK,18400.0,3.7573948184708628
2026-08-20,BJC.BK,-1120820.0,-11.970563278218247
2026-08-20,BKGI.BK,704200.0,7.895997978122188
2026-08-20,BKIH.BK,500.0,9.580379383023569
2026-08-20,BLA.BK,-183100.0,-6.9455376532731465
2026-08-20,BLAND.BK,1234800.0,9.88777836001891
2026-08-20,BLC.BK,57500.0,2.8775855105812576
2026-08-20,BM.BK,-300.0,-0.003736443249778989
2026-08-20,BR.BK,-200.0,-0.07880158548790002
2026-08-20,BRI.BK,-500.0,-0.24029681462542532
2026-08-20,BRR.BK,-100.0,-0.08069136360335354
2026-08-20,BTC.BK,-356303.0,-0.30810699643528483
2026-08-20,BTG.BK,857800.0,13.19724184107216
2026-08-20,BTS.BK,3685300.0,17.60031566235151
2026-08-20,BTW.BK,-300.0,-0.08653014133256418
2026-08-20,BUI.BK,7000.0,9.689385969769116
2026-08-20,BWG.BK,-100.0,-0.0011385709113349287
2026-08-20,BYD.BK,-1000.0,-0.050856473876555064
2026-08-20,CBG.BK,-296300.0,-2.9606672902420184
2026-08-20,CCET.BK,-10587771.0,-16.643069088559105
2026-08-20,CENTEL.BK,-5500.0,-0.18548927517873579
2026-08-20,CFARM.BK,0.0,0.0
2026-08-20,CFRESH.BK,2665900.0,5.3485309536172485
2026-08-20,CGD.BK,11998800.0,97.8375733855186
2026-08-20,CGH.BK,100.0,0.005795085767269355
2026-08-20,CHARAN.BK,6700.0,42.405063291139236
2026-08-20,CHASE.BK,-800.0,-0.12903017693263014
2026-08-20,CHAYO.BK,-64000.0,-1.491399286738291
2026-08-20,CHG.BK,4720400.0,5.189032243178163
2026-08-20,CIVIL.BK,-161200.0,-5.841400892589248
2026-08-20,CK.BK,7273600.0,22.94888503112152
2026-08-20,CKP.BK,1112000.0,11.787872568857289
2026-08-20,CM.BK,-330.0,-0.00812934026708578
2026-08-20,CMAN.BK,-500.0,-0.08989572096368213
2026-08-20,CMO.BK,-37200.0,-0.7514266501541333
2026-08-20,CNT.BK,-2552000.0,-19.10163913321073
2026-08-20,COCOCO.BK,-600400.0,-14.03809692599814
2026-08-20,COM7.BK,-1587000.0,-19.505413028657227
2026-08-20,COMAN.BK,0.0,0.0
2026-08-20,CPALL.BK,-1901786.0,-10.774011157964889
2026-08-20,CPANEL.BK,-100.0,-0.22521000833277033
2026-08-20,CPAXT.BK,319701.0,8.079155767506025
2026-08-20,CPF.BK,5067500.0,6.668894676274349
2026-08-20,CPH.BK,41600.0,3.974441285273166
2026-08-20,CPI.BK,-20000.0,-21.78720437487064
2026-08-20,CPN.BK,431750.0,6.551344789651379
2026-08-20,CPR.BK,10000.0,4.210508587332264
2026-08-20,CRC.BK,927600.0,6.202146239467434
2026-08-20,CREDIT.BK,-69900.0,-7.714550591559243
2026-08-20,CSP.BK,99200.0,0.6355964646740675
2026-08-20,CSS.BK,-115400.0,-0.9774250389530136
2026-08-20,CTW.BK,-21500.0,-12.721818214093409
2026-08-20,CWT.BK,300.0,0.12447616281482098
2026-08-20,DCC.BK,38593.0,1.941808634766591
2026-08-20,DDD.BK,-2.0,-0.03844675124951942
2026-08-20,DELTA.BK,-2068409.0,-23.003168204430594
2026-08-20,DEMCO.BK,-71700.0,-11.145915107611712
2026-08-20,DEMCO-W8.BK,0.0,0.0
2026-08-20,DEXON.BK,16400.0,40.4928273375966
2026-08-20,DITTO.BK,-211300.0,-13.336851114539124
2026-08-20,DMT.BK,42800.0,5.14978907522783
2026-08-20,DOD.BK,-5100.0,-7.956070013416118
2026-08-20,DOHOME.BK,-4256400.0,-20.302381661498377
2026-08-20,DUSIT.BK,300.0,0.3235408308528536
2026-08-20,EA.BK,-3591400.0,-19.129536320471985
2026-08-20,EAST.BK,-40000.0,-0.7034834742938345
2026-08-20,EASTW.BK,164400.0,3.074110176931496
2026-08-20,EFORL.BK,100.0,0.006803170005095575
2026-08-20,EGCO.BK,-12700.0,-2.4035549903100772
2026-08-20,EKH.BK,20100.0,4.714591308263905
2026-08-20,EP.BK,-600.0,-1.3012079547179634
2026-08-20,EPG.BK,-3594700.0,-14.821506543241386
2026-08-20,ERW.BK,6706730.0,24.866846524446704
2026-08-20,ESTAR.BK,200.0,1.0251153254741157
2026-08-20,ETC.BK,-86500.0,-1.4897223794706955
2026-08-20,EVER.BK,-700.0,-0.009976057462090982
2026-08-20,FANCY.BK,-100.0,-0.05094243504839531
2026-08-20,FM.BK,994100.0,12.433798870139032
2026-08-20,FMT.BK,92.0,10.10989010989011
2026-08-20,FORTH.BK,-613000.0,-10.14013065053818
2026-08-20,FPT.BK,-100.0,-0.2898550724637681
2026-08-20,FSMART.BK,-14000.0,-2.1266802672933283
2026-08-20,FSX.BK,-4700.0,-28.143712574850298
2026-08-20,FTI.BK,-200.0,-0.2773732750849456
2026-08-20,GABLE.BK,36100.0,9.991586032814471
2026-08-20,GC.BK,0.0,0.0
2026-08-20,GFPT.BK,1573300.0,34.677145264022826
2026-08-20,GGC.BK,800.0,0.8801751548558162
2026-08-20,GJS.BK,-6100.0,-14.497920380273321
2026-08-20,GLOBAL.BK,-1918300.0,-16.04228747983215
2026-08-20,GPI.BK,100.0,0.014568637220537117
2026-08-20,GPSC.BK,-857300.0,-15.414307382829328
2026-08-20,GRAMMY.BK,0.0,0.0
2026-08-20,GREEN.BK,4700.0,3.9562289562289563
2026-08-20,GTV.BK,-657200.0,-25.756388148612636
2026-08-20,GULF.BK,-12951717.0,-29.296600221737947
2026-08-20,GUNKUL.BK,843770.0,3.643142419205112
2026-08-20,HANA.BK,-5004976.0,-8.719391999890732
2026-08-20,HANN.BK,-91300.0,-26.552430143551803
2026-08-20,HENG.BK,120600.0,2.081003492324186
2026-08-20,HL.BK,-100.0,-0.019855412883383203
2026-08-20,HMPRO.BK,-1835100.0,-11.217947150515496
2026-08-20,HTC.BK,-14000.0,-16.7747037467499
2026-08-20,HTECH.BK,-269600.0,-16.914581988354286
2026-08-20,HUMAN.BK,524700.0,26.940974773450893
2026-08-20,HYDRO.BK,-100.0,-0.0065745917014188625
2026-08-20,I2.BK,8000.0,1.2568537807732794
2026-08-20,ICHI.BK,-262700.0,-10.423895838814111
2026-08-20,ICN.BK,45800.0,3.764215461062972
2026-08-20,IFS.BK,2000.0,4.49438202247191
2026-08-20,IHL.BK,-6.0,-0.02294981640146879
2026-08-20,III.BK,202400.0,10.396067574439234
2026-08-20,ILINK.BK,-19200.0,-6.098161340833225
2026-08-20,ILM.BK,-167400.0,-27.3786198166254
2026-08-20,INET.BK,56500.0,5.96746306774074
2026-08-20,INSET.BK,-1644500.0,-13.183959486562344
2026-08-20,IP.BK,2400.0,1.4785790854988357
2026-08-20,IROYAL.BK,-20300.0,-6.3279104491569536
2026-08-20,IRPC.BK,-9691700.0,-13.342436537865353
2026-08-20,IT.BK,-300.0,-0.20119105102205057
2026-08-20,ITC.BK,1270460.0,8.8674397809991
2026-08-20,ITD.BK,582400.0,2.6170536092467547
2026-08-20,ITEL.BK,-353500.0,-8.268338578524071
2026-08-20,ITEL-W6.BK,60000.0,6.891640440146103
2026-08-20,IVL.BK,-2720900.0,-12.778996025262106
2026-08-20,JAS.BK,76700.0,0.20362705177152748
2026-08-20,JCK.BK,-500.0,-0.0474873493701278
2026-08-20,JMART.BK,-581200.0,-3.0427441154286865
2026-08-20,JMT.BK,-644700.0,-4.218762085506789
2026-08-20,JPARK.BK,8500.0,3.8014311270125223
2026-08-20,JSP.BK,40000.0,47.169255079539155
2026-08-20,JTS.BK,220200.0,12.94224479180442
2026-08-20,KAMART.BK,53600.0,7.4153597556251585
2026-08-20,KASET.BK,-100.0,-0.0014661638702034448
2026-08-20,KBANK.BK,10759.0,0.15847501054266092
2026-08-20,KBS.BK,-19800.0,-1.5567273816553044
2026-08-20,KCC.BK,20100.0,2.3055746730901583
2026-08-20,KCE.BK,-93300.0,-0.2849686722301633
2026-08-20,KCG.BK,-14700.0,-10.165623595311365
2026-08-20,KCM.BK,-100.0,-0.03632401017072285
2026-08-20,KGEN.BK,-312700.0,-8.423222341822822
2026-08-20,KGI.BK,1951000.0,40.30729405007732
2026-08-20,KIAT.BK,2700.0,0.03915823713097169
2026-08-20,KISS.BK,-88700.0,-10.896498010498474
2026-08-20,KJL.BK,-100.0,-0.23148148148148145
2026-08-20,KKP.BK,-895740.0,-6.409196890579996
2026-08-20,KLINIQ.BK,345900.0,18.782315193204266
2026-08-20,KSL.BK,257700.0,1.8453335510211097
2026-08-20,KTB.BK,-4822300.0,-9.383675090673217
2026-08-20,KTC.BK,-3800606.0,-13.75007158846288
2026-08-20,KTIS.BK,200.0,0.07248477819657873
2026-08-20,KTMS.BK,3000.0,4.392386530014641
2026-08-20,KUMWEL.BK,23200.0,3.723061961700605
2026-08-20,KYE.BK,0.0,0.0
2026-08-20,LALIN.BK,100.0,1.1235955056179776
2026-08-20,LANNA.BK,22401.0,5.264753578227455
2026-08-20,LEE.BK,99979.0,55.09243697478992
2026-08-20,LH.BK,-945400.0,-2.316379058992446
2026-08-20,LHFG.BK,-563100.0,-5.995803895579524
2026-08-20,LIT.BK,-12000.0,-6.840491147264374
2026-08-20,LOXLEY.BK,19900.0,0.22890146735042638
2026-08-20,LPN.BK,-4000.0,-3.134304967873374
2026-08-20,LTS.BK,-688400.0,-22.520245812212426
2026-08-20,M.BK,29200.0,1.474603738120476
2026-08-20,MAGURO.BK,11090.0,4.89793394634797
2026-08-20,MAJOR.BK,190200.0,15.736552569765797
2026-08-20,MALEE.BK,-400.0,-0.13306587093275848
2026-08-20,MASTEC.BK,-448300.0,-10.551058012461215
2026-08-20,MASTER.BK,167200.0,14.21956125169559
2026-08-20,MBK.BK,487000.0,23.72880364926587
2026-08-20,MC.BK,79000.0,9.199289209350205
2026-08-20,MCOT.BK,-400.0,-0.08174943797261394
2026-08-20,MCS.BK,-17900.0,-6.688538311499055
2026-08-20,MDX.BK,-36000.0,-1.4448541319416712
2026-08-20,MEB.BK,-60700.0,-6.374851787321502
2026-08-20,MEDEZE.BK,-26900.0,-8.094778115812503
2026-08-20,MEGA.BK,-32600.0,-2.3743004553413023
2026-08-20,MENA.BK,-11100.0,-0.14958314815119272
2026-08-20,MFC.BK,-1200.0,-1.4890739201111842
2026-08-20,MGC.BK,-289000.0,-9.338736659582368
2026-08-20,MGI.BK,-400.0,-0.6220162657253487
2026-08-20,MICRO.BK,-11600.0,-0.408838092713906
2026-08-20,MIDA.BK,-100.0,-0.01052853232259423
2026-08-20,MINT.BK,1444188.0,7.031949329811973
2026-08-20,MITSIB.BK,-10000.0,-12.66736759434022
2026-08-20,ML.BK,2463700.0,14.535477994329412
2026-08-20,MMM-W2.BK,1500.0,0.1974767734401639
2026-08-20,MONO.BK,-5100.0,-0.02386779152916167
2026-08-20,MOONG.BK,-100.0,-0.09455728280192141
2026-08-20,MORE.BK,-100.0,-0.011800774602844932
2026-08-20,MOSHI.BK,-225600.0,-13.42401685142541
2026-08-20,MRDIYT.BK,-656200.0,-10.27182131977407
2026-08-20,MSC.BK,-1.0,-0.0048074611797509735
2026-08-20,MTC.BK,1205800.0,7.235343808440642
2026-08-20,MTI.BK,-100.0,-1.2616704516780217
2026-08-20,MTW.BK,24000.0,1.400070003500175
2026-08-20,NCAP.BK,-2274100.0,-6.98892083483629
2026-08-20,NDR.BK,-110400.0,-56.906629828558465
2026-08-20,NEO.BK,141800.0,29.32035903999603
2026-08-20,NEP.BK,-100.0,-0.009798119544896945
2026-08-20,NER.BK,4220400.0,31.543112470508678
2026-08-20,NETBAY.BK,5200.0,1.2511308297884627
2026-08-20,NEX.BK,13500.0,0.2162040966672539
2026-08-20,NRF.BK,-3600.0,-1.0856453558504222
2026-08-20,NSL.BK,-1800.0,-1.746741841259983
2026-08-20,NTF.BK,-12000.0,-6.913437995102982
2026-08-20,NTSC.BK,100.0,0.11871831704913752
2026-08-20,NUT.BK,-4900.0,-0.598585140184975
2026-08-20,NV.BK,-500.0,-0.42156383319562246
2026-08-20,NVD.BK,-300.0,-2.722323049001815
2026-08-20,NYT.BK,-34900.0,-4.266503667481662
2026-08-20,OCC.BK,100.0,0.11223344556677892
2026-08-20,OKJ.BK,-54700.0,-5.759640817426757
2026-08-20,ONEE.BK,-97300.0,-23.730549729281496
2026-08-20,ONSENS.BK,100000.0,6.507768648824534
2026-08-20,OR.BK,-283092.0,-3.6199018647688685
2026-08-20,ORI.BK,-127900.0,-7.685272758081554
2026-08-20,OSP.BK,-1912900.0,-15.753212571605513
2026-08-20,PACO.BK,-5000.0,-0.892519260565643
2026-08-20,PAP.BK,-6600.0,-1.1111204639769694
2026-08-20,PCC.BK,-109900.0,-8.581874518782513
2026-08-20,PCE.BK,-410100.0,-7.550261433095221
2026-08-20,PDJ.BK,-5.0,-0.014772794421792827
2026-08-20,PEER.BK,27500.0,2.897164360875007
2026-08-20,PERM.BK,-100.0,-0.04096681687832855
2026-08-20,PHAT.BK,141900.0,0.23177905468055016
2026-08-20,PHG.BK,-1500.0,-1.2220855296926048
2026-08-20,PHOL.BK,5000.0,1.8402988645356007
2026-08-20,PIMO.BK,-300.0,-0.00229218216888569
2026-08-20,PIN.BK,-117783.0,-23.17117074581413
2026-08-20,PIS.BK,-251700.0,-28.57438023565633
2026-08-20,PLANB.BK,-504100.0,-0.9740625367857877
2026-08-20,PLAT.BK,-658400.0,-13.00439174742564
2026-08-20,PLE.BK,26100.0,0.2581704263105933
2026-08-20,PLUS.BK,800.0,0.19588590625390243
2026-08-20,PM.BK,-221800.0,-58.78393062542073
2026-08-20,PMC.BK,369000.0,4.995838831802291
2026-08-20,PMTA.BK,500.0,40.98360655737705
2026-08-20,POLY.BK,5282.0,23.88100189890587
2026-08-20,PPM.BK,100.0,0.21834061135371177
2026-08-20,PR9.BK,321200.0,2.9089275638999554
2026-08-20,PREB.BK,-400.0,-1.6129032258064515
2026-08-20,PRG.BK,-200.0,-0.4123711340206186
2026-08-20,PRINC.BK,-100.0,-0.07066788215423972
2026-08-20,PRM.BK,-46700.0,-3.11747541900672
2026-08-20,PROUD.BK,-2100.0,-0.09330015994313133
2026-08-20,PRTR.BK,-200.0,-0.10559439082595934
2026-08-20,PSGC.BK,-2200.0,-0.6992784717586854
2026-08-20,PSH.BK,162700.0,15.504954533412366
2026-08-20,PSL.BK,1035100.0,16.518767496631934
2026-08-20,PSP.BK,1373400.0,41.32639244124815
2026-08-20,PTC.BK,-9500.0,-47.97979797979798
2026-08-20,PTG.BK,757400.0,5.242208150408601
2026-08-20,PTL.BK,-18100.0,-9.013809554638128
2026-08-20,PTT.BK,-1119803.0,-1.3412324422298132
2026-08-20,PTTEP.BK,3272700.0,12.155722956487844
2026-08-20,PTTGC.BK,-317500.0,-1.1695202900351382
2026-08-20,PYLON.BK,-39000.0,-7.825040128410915
2026-08-20,QH.BK,-974300.0,-9.761579213717468
2026-08-20,QTC.BK,100.0,0.026932327141591324
2026-08-20,QTCG.BK,-100.0,-0.010704345964461572
2026-08-20,RABBIT.BK,-18.0,-0.0007134335575364346
2026-08-20,RAM.BK,-700.0,-2.15836211149482
2026-08-20,RATCH.BK,-1851400.0,-49.49555384813629
2026-08-20,RBF.BK,200600.0,7.582509878808359
2026-08-20,RCL.BK,1005700.0,8.901187087516893
2026-08-20,RJH.BK,154100.0,19.49201851805004
2026-08-20,ROCTEC.BK,-157500.0,-1.5648250381544087
2026-08-20,ROJNA.BK,-809100.0,-25.761108463149775
2026-08-20,RP.BK,-200.0,-0.25837456560776156
2026-08-20,RPC.BK,100000.0,3.532319486994176
2026-08-20,RPH.BK,-19100.0,-9.62507558959887
2026-08-20,RS.BK,8500.0,0.26538706391051275
2026-08-20,RSP.BK,-2000.0,-0.10123501658482659
2026-08-20,S.BK,-43500.0,-1.8349622314153127
2026-08-20,SABINA.BK,13900.0,1.5736781386670833
2026-08-20,SAFE.BK,-49500.0,-15.014377403816988
2026-08-20,SAK.BK,576600.0,19.735085737755416
2026-08-20,SALEE.BK,-6700.0,-0.5702579012636745
2026-08-20,SAMART.BK,-73400.0,-2.2857918727330877
2026-08-20,SANKO.BK,68400.0,9.269360292174573
2026-08-20,SAPPE.BK,195200.0,26.223095131263246
2026-08-20,SAT.BK,-172900.0,-18.787535681648524
2026-08-20,SAUCE.BK,-100.0,-2.3158869847151458
2026-08-20,SAV.BK,-19100.0,-2.970709735217997
2026-08-20,SAWAD.BK,-122200.0,-0.5470272916481824
2026-08-20,SC.BK,1287300.0,13.147329548901467
2026-08-20,SCAP.BK,-384900.0,-3.232081053774305
2026-08-20,SCB.BK,1251246.0,9.90751400141085
2026-08-20,SCC.BK,-1053359.0,-44.94736379467122
2026-08-20,SCCC.BK,25000.0,18.091426834651596
2026-08-20,SCG.BK,-100.0,-0.007987220447284345
2026-08-20,SCGD.BK,-19200.0,-16.810401435888455
2026-08-20,SCGP.BK,4228600.0,16.27002876477677
2026-08-20,SCL.BK,-500.0,-0.3617421501953408
2026-08-20,SCM.BK,-100.0,-0.015055479441742823
2026-08-20,SCP.BK,-5000.0,-7.2639576947103865
2026-08-20,SEAFCO.BK,38500.0,3.703860480866915
2026-08-20,SEAOIL.BK,78600.0,10.767757552842154
2026-08-20,SECURE.BK,-1900.0,-1.4021622818346187
2026-08-20,SELIC.BK,156900.0,87.00860104144138
2026-08-20,SFLEX.BK,80500.0,9.949326412062785
2026-08-20,SGC.BK,-567200.0,-1.5481106076991917
2026-08-20,SGP.BK,-149700.0,-43.68048179834032
2026-08-20,SHR.BK,-536000.0,-23.125626948258567
2026-08-20,SICT.BK,120900.0,7.570145949157923
2026-08-20,SIMAT.BK,-51400.0,-9.886079284817175
2026-08-20,SINGER.BK,363700.0,6.0901859926391975
2026-08-20,SIRI.BK,5555800.0,13.963885969657513
2026-08-20,SIS.BK,-77500.0,-11.234928886524319
2026-08-20,SISB.BK,-81800.0,-5.524152974465987
2026-08-20,SITHAI.BK,600.0,0.08538494378824535
2026-08-20,SJWD.BK,-188000.0,-8.724055794977264
2026-08-20,SK.BK,-2500.0,-0.26697764222432957
2026-08-20,SKE.BK,-100.0,-0.011890606420927468
2026-08-20,SKIN.BK,-28300.0,-8.643306324273642
2026-08-20,SKR.BK,-6200.0,-5.8488358929851705
2026-08-20,SKY.BK,-51500.0,-2.280986537750327
2026-08-20,SMART.BK,-176000.0,-10.962965731388653
2026-08-20,SMD100.BK,-3100.0,-0.5694907283235295
2026-08-20,SMIT.BK,100.0,0.09420631182289213
2026-08-20,SMO.BK,444000.0,37.45871315821666
2026-08-20,SMPC.BK,19500.0,3.9568600793401174
2026-08-20,SMT.BK,-798200.0,-7.187917023233398
2026-08-20,SNC.BK,-100.0,-0.1801671951571058
2026-08-20,SNNP.BK,-27000.0,-7.1163871947201685
2026-08-20,SNPS.BK,2000.0,3.9061737075447747
2026-08-20,SOLAR.BK,1800.0,0.0659304192332219
2026-08-20,SPA.BK,162400.0,20.207877339180015
2026-08-20,SPACK.BK,16200.0,3.5003565177934792
2026-08-20,SPALI.BK,2734200.0,37.43351382433274
2026-08-20,SPC.BK,100.0,0.3343139876972453
2026-08-20,SPCG.BK,-727100.0,-0.13411284294446324
2026-08-20,SPG.BK,-500.0,-38.46153846153847
2026-08-20,SPRC.BK,-1343300.0,-7.431804493915303
2026-08-20,SPVI.BK,-264500.0,-20.001784658290873
2026-08-20,SRICHA.BK,-46000.0,-4.772412963118585
2026-08-20,SSP.BK,-19500.0,-3.608244561265217
2026-08-20,SST.BK,-100.0,-9.803921568627452
2026-08-20,STA.BK,6203100.0,15.761936444262037
2026-08-20,STANLY.BK,-1600.0,-13.83723947072559
2026-08-20,STARM.BK,-2000.0,-2.418379685610641
2026-08-20,STECH.BK,-28700.0,-0.3693242138992015
2026-08-20,STECON.BK,9927401.0,12.04450304752321
2026-08-20,STELLA.BK,-100.0,-0.007142698983093945
2026-08-20,STGT.BK,677990.0,12.104309983453629
2026-08-20,STOWER.BK,-600.0,-8.74763084997813
2026-08-20,STP.BK,1200.0,3.9473684210526314
2026-08-20,STPI.BK,-2378900.0,-3.274748073323742
2026-08-20,STX.BK,-2700.0,-0.26333473453420475
2026-08-20,SUC.BK,2300.0,5.606337599024984
2026-08-20,SUPER.BK,-4200.0,-0.011607348601344894
2026-08-20,SUSCO.BK,778500.0,12.12187081340011
2026-08-20,SVOA.BK,-196400.0,-4.9826267677669716
2026-08-20,SVT.BK,1200.0,0.12254739265103712
2026-08-20,SYNEX.BK,-357300.0,-51.56595694321972
2026-08-20,SYNTEC.BK,238000.0,11.356045424181696
2026-08-20,TACC.BK,-133900.0,-1.759433533357756
2026-08-20,TAE.BK,-1217100.0,-15.106327020267996
2026-08-20,TASCO.BK,2242900.0,23.23781058775529
2026-08-20,TBN.BK,-45400.0,-32.35554035177742
2026-08-20,TC.BK,-2100.0,-1.5394878637040077
2026-08-20,TCAP.BK,718700.0,13.78534640885684
2026-08-20,TCC.BK,91600.0,9.496164213145345
2026-08-20,TCJ.BK,4500.0,12.26158038147139
2026-08-20,TCMC.BK,100.0,0.047214353163361665
2026-08-20,TEAM.BK,-1912500.0,-12.18211526618734
2026-08-20,TEAMG.BK,132600.0,3.713881036492102
2026-08-20,TEGH.BK,-185600.0,-9.219726041006918
2026-08-20,TFG.BK,2897400.0,14.267624571494839
2026-08-20,TFM.BK,-132600.0,-16.364652843512697
2026-08-20,TFMAMA.BK,-300.0,-11.952191235059761
2026-08-20,TH.BK,-400.0,-0.021492665627854495
2026-08-20,THAI.BK,-7888980.0,-9.742015728560698
2026-08-20,THANI.BK,-1107200.0,-9.521270649341714
2026-08-20,THCOM.BK,-417000.0,-5.66188447881946
2026-08-20,THG.BK,31000.0,2.9788988260255818
2026-08-20,THIP.BK,7000.0,27.66798418972332
2026-08-20,THREL.BK,-99700.0,-25.529866358703586
2026-08-20,TIDLOR.BK,6874100.0,12.67003127225667
2026-08-20,TIGER.BK,-100.0,-0.024160425223483932
2026-08-20,TIPCO.BK,-600.0,-0.08198748597672376
2026-08-20,TIPH.BK,-82100.0,-34.81468916970571
2026-08-20,TISCO.BK,-789956.0,-18.235432079158187
2026-08-20,TITLE.BK,-61400.0,-45.48148148148148
2026-08-20,TKN.BK,-11000.0,-0.7506856831273839
2026-08-20,TKS.BK,-7200.0,-1.4418715492709537
2026-08-20,TLI.BK,105000.0,1.5019817576448011
2026-08-20,TMAN.BK,2200.0,0.37453183520599254
2026-08-20,TMD.BK,55000.0,87.0253164556962
2026-08-20,TMT.BK,9800.0,2.8278013267582143
2026-08-20,TMW.BK,3100.0,10.466608143696401
2026-08-20,TNDT.BK,-100.0,-0.05470309893055442
2026-08-20,TNDT-W2.BK,-67.0,-0.1409754660606826
2026-08-20,TNR.BK,-30000.0,-42.432814710042436
2026-08-20,TOA.BK,325800.0,11.241169316231206
2026-08-20,TOG.BK,-100.0,-0.061012068187087404
2026-08-20,TOP.BK,-4629300.0,-20.537647784730776
2026-08-20,TOPP.BK,-600.0,-100.0
2026-08-20,TPA.BK,100.0,100.0
2026-08-20,TPBI.BK,8700.0,6.861198738170347
2026-08-20,TPCH.BK,1800.0,0.6329024908229138
2026-08-20,TPIPL.BK,-5702500.0,-12.566897102753385
2026-08-20,TPIPP.BK,103000.0,5.728874081572492
2026-08-20,TPOLY.BK,3600.0,0.7051909892262488
2026-08-20,TQM.BK,32900.0,16.406195458126803
2026-08-20,TQR.BK,300.0,0.670555890833501
2026-08-20,TRC.BK,600.0,0.20713439915489165
2026-08-20,TRITN.BK,-300000.0,-0.45817328449613387
2026-08-20,TRP.BK,-100.0,-0.05336179295624333
2026-08-20,TRT.BK,6100.0,0.3003758637652656
2026-08-20,TRUBB.BK,419700.0,8.614070551639168
2026-08-20,TRUE.BK,-954190.0,-3.4042613007354237
2026-08-20,TSC.BK,-100.0,-3.445899379738112
2026-08-20,TSE.BK,-361500.0,-13.33724411584033
2026-08-20,TSTH.BK,-312900.0,-14.261622607110299
2026-08-20,TTA.BK,-749800.0,-4.8470894546584775
2026-08-20,TTB.BK,18852020.0,0.9142139075994199
2026-08-20,TTW.BK,27900.0,1.6955796421050713
2026-08-20,TU.BK,1592150.0,9.541226500201534
2026-08-20,TURBO.BK,18015400.0,13.658334274573717
2026-08-20,TVO.BK,18500.0,1.0472377829806312
2026-08-20,TWP.BK,-64600.0,-3.671188783211188
2026-08-20,TWPC.BK,3700.0,1.1287370347773031
2026-08-20,UAC.BK,5000.0,0.6303032136639652
2026-08-20,UBA.BK,20000.0,1.6933510570743975
2026-08-20,UBE.BK,54900.0,2.4675831932863757
2026-08-20,UBIS.BK,100.0,0.04201680672268908
2026-08-20,UEC.BK,7600.0,1.4654557374520352
2026-08-20,UKEM.BK,-5785100.0,-9.934970601925507
2026-08-20,UMI.BK,-28000.0,-0.6422887500831534
2026-08-20,UMS.BK,70000.0,8.198641368001875
2026-08-20,UNIQ.BK,-200.0,-0.2320158698855002
2026-08-20,UNIX.BK,998400.0,9.273878705023222
2026-08-20,UREKA.BK,21800.0,0.2757394909418945
2026-08-20,UTP.BK,97800.0,8.486953261879782
2026-08-20,UV.BK,-13200.0,-0.6841115101761587
2026-08-20,UVAN.BK,5400.0,2.037505188091914
2026-08-20,VARO.BK,-31500.0,-5.450600258168114
2026-08-20,VCOM.BK,-1000.0,-0.6638960073294119
2026-08-20,VGI.BK,17197800.0,9.28455410785562
2026-08-20,VIBHA.BK,-6700.0,-0.3533188771420616
2026-08-20,VIBHA-W5.BK,-300.0,-0.1785778063502268
2026-08-20,VIH.BK,12800.0,9.867787071657094
2026-08-20,VRANDA.BK,-2000.0,-13.240648791790798
2026-08-20,VS.BK,-100.0,-3.4482758620689653
2026-08-20,WARRIX.BK,-400.0,-0.04654951704876062
2026-08-20,WASH.BK,-100.0,-0.1199040767386091
2026-08-20,WAVE.BK,300.0,0.013605442176870748
2026-08-20,WHA.BK,-14637676.0,-17.774855308953022
2026-08-20,WHAUP.BK,-1507000.0,-18.384739031862328
2026-08-20,WICE.BK,17300.0,1.226231139608187
2026-08-20,WIIK.BK,1075900.0,25.149502678460607
2026-08-20,WINNER.BK,2600.0,0.5431024938848749
2026-08-20,WPH.BK,14500.0,4.230476351637194
2026-08-20,XBIO.BK,-100.0,-0.0030790073280374405
2026-08-20,XO.BK,-66100.0,-10.658986606120614
2026-08-20,XPG.BK,2289200.0,4.433826915188747
2026-08-20,XYZ.BK,-100.0,-50.0
2026-08-20,YGG.BK,-10100.0,-0.3564985628872289
2026-08-20,YUASA.BK,200.0,3.508771929824561
2026-08-20,ZAA.BK,100.0,0.26666666666666666
2026-08-20,ZIGA.BK,-37500.0,-0.07405717514099301
2026-08-20,ZIGA-W2.BK,-30000.0,-0.10011040175105107
